date,AQI,PM2.5,PM10,NO2,SO2,CO,O3,Temperature,Humidity,Precipitation,AQI_t+1,AQI_t+2,AQI_t+3,day,day_of_week,month,year,day_of_year,AQI_lag_1,AQI_lag_2,AQI_lag_3,AQI_lag_7,AQI_change_1d,AQI_change_3d,AQI_change_7d,AQI_rolling_mean_3,AQI_rolling_mean_7,PM2.5_rolling_mean_3,PM2.5_rolling_mean_7,PM10_rolling_mean_3,PM10_rolling_mean_7
2023-01-08,145.79166666666666,87.09583333333335,125.82916666666668,71.02083333333333,82.84166666666667,1645.7916666666667,104.625,19.195833333333333,39.208333333333336,0.0,180.2083333333333,180.41666666666663,158.54166666666666,8,6,1,2023,8,132.08333333333334,121.75,119.95833333333331,129.58333333333334,13.708333333333314,25.833333333333343,16.208333333333314,124.5972222222222,127.75595238095238,46.67083333333333,47.24285714285714,68.17083333333333,73.0577380952381
2023-01-09,180.2083333333333,87.19583333333333,128.42083333333332,81.35416666666667,80.425,1781.0833333333333,93.375,19.34583333333333,69.95833333333333,0.0,180.41666666666663,158.54166666666666,80.29166666666667,9,0,1,2023,9,145.79166666666666,132.08333333333334,121.75,119.41666666666669,34.41666666666666,58.458333333333314,60.79166666666663,133.20833333333334,130.07142857142858,61.16666666666666,54.19047619047619,88.85555555555557,81.09940476190476
2023-01-10,180.41666666666663,110.39166666666668,162.80416666666667,88.11666666666667,84.12916666666666,2022.9583333333333,79.41666666666667,19.825,72.70833333333333,0.0,158.54166666666666,80.29166666666667,82.29166666666667,10,1,1,2023,10,180.2083333333333,145.79166666666666,132.08333333333334,154.29166666666666,0.2083333333333143,48.333333333333286,26.12499999999997,152.69444444444443,138.75595238095235,74.825,58.07678571428572,109.11805555555554,85.31904761904762
2023-01-11,158.54166666666666,30.45,54.75,29.075,25.65,667.0833333333334,76.79166666666667,21.5125,77.16666666666667,0.0083333333333333,80.29166666666667,82.29166666666667,99.125,11,2,1,2023,11,180.41666666666663,180.2083333333333,145.79166666666666,117.20833333333331,-21.87499999999997,12.75,41.33333333333334,168.80555555555554,142.48809523809524,94.89444444444446,66.48809523809523,139.01805555555555,97.47916666666669
2023-01-12,80.29166666666667,24.604166666666668,77.04166666666667,17.108333333333334,18.67083333333333,348.0416666666667,68.5,18.054166666666667,28.58333333333333,0.0,82.29166666666667,99.125,93.83333333333331,12,3,1,2023,12,158.54166666666666,180.41666666666663,180.2083333333333,119.95833333333331,-78.24999999999999,-99.91666666666664,-39.66666666666664,173.05555555555554,148.3928571428571,76.0125,65.02083333333333,115.325,96.61666666666667
2023-01-13,82.29166666666667,33.55833333333333,62.78333333333333,30.291666666666668,28.53333333333333,615.6666666666666,81.54166666666667,15.1875,17.916666666666668,0.0,99.125,93.83333333333331,135.75,13,4,1,2023,13,80.29166666666667,158.54166666666666,180.41666666666663,121.75,2.0,-98.12499999999996,-39.45833333333333,139.74999999999997,142.72619047619045,55.14861111111111,62.30595238095238,98.19861111111112,98.51190476190476
2023-01-14,99.125,27.5875,46.44583333333333,32.75833333333333,23.48333333333333,589.8333333333334,68.83333333333333,15.329166666666666,28.83333333333333,0.0,93.83333333333331,135.75,158.16666666666666,14,5,1,2023,14,82.29166666666667,80.29166666666667,158.54166666666666,132.08333333333334,16.83333333333333,-59.41666666666666,-32.95833333333334,107.04166666666669,137.0892857142857,29.5375,60.49702380952381,64.85833333333333,97.8190476190476
2023-01-15,93.83333333333331,42.52916666666667,67.01666666666667,32.84166666666667,38.62916666666667,765.375,85.95833333333333,14.870833333333332,43.708333333333336,0.0,135.75,158.16666666666666,174.83333333333334,15,6,1,2023,15,99.125,82.29166666666667,80.29166666666667,145.79166666666666,-5.291666666666686,13.541666666666645,-51.95833333333334,87.23611111111113,132.38095238095235,28.58333333333333,57.269047619047626,62.09027777777777,94.01071428571429
2023-01-16,135.75,60.375,96.44166666666666,35.28333333333333,60.395833333333336,738.2916666666666,76.83333333333333,16.441666666666666,54.708333333333336,0.0,158.16666666666666,174.83333333333334,177.58333333333334,16,0,1,2023,16,93.83333333333331,99.125,82.29166666666667,180.2083333333333,41.916666666666686,53.45833333333333,-44.458333333333314,91.75,124.95833333333331,34.55833333333333,50.90238095238095,58.74861111111111,85.60892857142858
2023-01-17,158.16666666666666,79.125,117.58333333333331,47.27916666666667,59.92916666666667,1056.25,93.125,17.029166666666665,37.208333333333336,0.0,174.83333333333334,177.58333333333334,145.58333333333334,17,1,1,2023,17,135.75,93.83333333333331,99.125,180.41666666666663,22.416666666666657,59.04166666666666,-22.24999999999997,109.56944444444444,118.60714285714286,43.49722222222223,47.07083333333333,69.96805555555555,81.04047619047618
2023-01-18,174.83333333333334,101.02083333333331,147.65833333333333,78.41666666666667,57.2,1448.25,63.41666666666666,17.716666666666665,40.04166666666666,0.0,177.58333333333334,145.58333333333334,147.875,18,2,1,2023,18,158.16666666666666,135.75,93.83333333333331,158.54166666666666,16.666666666666686,81.00000000000003,16.291666666666686,129.25,115.42857142857142,60.67638888888889,42.60416666666666,93.68055555555554,74.58035714285714
2023-01-19,177.58333333333334,66.89999999999999,99.225,42.22916666666666,31.02083333333333,839.875,77.25,18.466666666666665,34.5,0.0,145.58333333333334,147.875,132.58333333333334,19,3,1,2023,19,174.83333333333334,158.16666666666666,135.75,80.29166666666667,2.75,41.83333333333334,97.29166666666669,156.25,117.7559523809524,80.1736111111111,52.68571428571429,120.56111111111107,87.85297619047618
2023-01-20,145.58333333333334,54.833333333333336,83.5125,22.59166666666667,30.83333333333333,676.2083333333334,109.08333333333331,17.620833333333334,46.91666666666666,0.0,147.875,132.58333333333334,118.04166666666669,20,4,1,2023,20,177.58333333333334,174.83333333333334,158.16666666666666,82.29166666666667,-32.0,-12.583333333333314,63.29166666666667,170.19444444444446,131.6547619047619,82.3486111111111,58.72797619047618,121.4888888888889,91.02202380952382
2023-01-21,147.875,48.16666666666666,72.61666666666666,25.6,36.1625,678.625,96.41666666666669,17.212500000000002,50.25,0.0,132.58333333333334,118.04166666666669,118.54166666666669,21,5,1,2023,21,145.58333333333334,177.58333333333334,174.83333333333334,99.125,2.291666666666657,-26.958333333333343,48.75,166.0,140.69642857142858,74.25138888888888,61.767261904761895,110.13194444444444,93.98333333333332
2023-01-22,132.58333333333334,50.04166666666666,75.94583333333334,37.97083333333333,45.26666666666667,862.1666666666666,84.45833333333333,16.558333333333334,48.29166666666666,0.0,118.04166666666669,118.54166666666669,113.33333333333331,22,6,1,2023,22,147.875,145.58333333333334,177.58333333333334,93.83333333333331,-15.291666666666655,-45.0,38.75000000000003,157.01388888888889,147.66071428571428,56.633333333333326,64.70714285714284,85.11805555555556,97.7220238095238
2023-01-23,118.04166666666669,34.68333333333333,53.49583333333334,33.25,32.108333333333334,722.4583333333334,71.125,16.533333333333335,32.541666666666664,0.0,118.54166666666669,113.33333333333331,114.29166666666669,23,0,1,2023,23,132.58333333333334,147.875,145.58333333333334,135.75,-14.541666666666655,-27.541666666666657,-17.708333333333314,142.0138888888889,153.19642857142858,51.013888888888886,65.78035714285713,77.35833333333333,98.99761904761904
2023-01-24,118.54166666666669,50.55,78.99166666666666,41.46666666666667,40.208333333333336,869.5,82.83333333333333,15.0625,40.91666666666666,0.0,113.33333333333331,114.29166666666669,92.16666666666669,24,1,1,2023,24,118.04166666666669,132.58333333333334,147.875,158.16666666666666,0.5,-29.333333333333314,-39.62499999999997,132.83333333333334,150.66666666666669,44.29722222222222,62.11011904761903,67.35277777777777,92.86249999999998
2023-01-25,113.33333333333331,41.329166666666666,69.38333333333334,37.68333333333333,39.6375,718.0833333333334,80.70833333333333,14.841666666666669,43.208333333333336,0.0,114.29166666666669,92.16666666666669,104.75,25,2,1,2023,25,118.54166666666669,118.04166666666669,132.58333333333334,174.83333333333334,-5.208333333333371,-19.25000000000003,-61.50000000000003,123.0555555555556,145.00595238095238,45.09166666666666,58.02797619047619,69.47777777777777,87.34940476190476
2023-01-26,114.29166666666669,31.70833333333333,49.2875,24.67083333333333,31.08333333333333,483.7083333333333,82.625,16.3875,29.33333333333333,0.0,92.16666666666669,104.75,133.20833333333334,26,3,1,2023,26,113.33333333333331,118.54166666666669,118.04166666666669,177.58333333333334,0.9583333333333712,-3.75,-63.29166666666666,116.6388888888889,136.2202380952381,42.18749999999999,49.50059523809523,67.29027777777777,76.1672619047619
2023-01-27,92.16666666666669,34.92916666666667,51.97916666666666,17.6875,25.28333333333333,452.7083333333333,104.54166666666669,17.366666666666667,26.041666666666668,0.0,104.75,133.20833333333334,102.04166666666669,27,4,1,2023,27,114.29166666666669,113.33333333333331,118.54166666666669,145.58333333333334,-22.125,-26.375,-53.41666666666666,115.3888888888889,127.17857142857146,41.19583333333333,44.47321428571428,65.8875,69.03333333333333
2023-01-28,104.75,44.30416666666667,65.15833333333333,32.604166666666664,27.620833333333334,626.125,96.25,18.075,24.25,0.0,133.20833333333334,102.04166666666669,157.66666666666666,28,5,1,2023,28,92.16666666666669,114.29166666666669,113.33333333333331,147.875,12.583333333333314,-8.583333333333314,-43.125,106.59722222222224,119.54761904761908,35.98888888888889,41.6297619047619,56.88333333333333,64.52857142857144
2023-01-29,133.20833333333334,38.5625,57.925,40.8125,33.7625,743.5833333333334,75.25,17.379166666666666,42.66666666666666,0.0,102.04166666666669,157.66666666666666,145.95833333333334,29,6,1,2023,29,104.75,92.16666666666669,114.29166666666669,132.58333333333334,28.458333333333343,18.916666666666657,0.625,103.73611111111111,113.3869047619048,36.980555555555554,41.077976190476186,55.475,63.46309523809524
2023-01-30,102.04166666666669,58.92916666666667,91.62083333333334,49.85416666666666,49.34166666666667,1110.1666666666667,91.66666666666669,18.166666666666668,49.125,0.0,157.66666666666666,145.95833333333334,157.0,30,0,1,2023,30,133.20833333333334,104.75,92.16666666666669,118.04166666666669,-31.166666666666657,9.875,-16.0,110.04166666666669,113.47619047619048,39.265277777777776,39.43809523809524,58.35416666666666,60.88869047619048
2023-01-31,157.66666666666666,53.96666666666667,81.39999999999999,28.75,29.454166666666666,655.3333333333334,89.75,19.379166666666663,36.333333333333336,0.0,145.95833333333334,157.0,182.625,31,1,1,2023,31,102.04166666666669,133.20833333333334,104.75,118.54166666666669,55.62499999999997,52.91666666666666,39.12499999999997,113.33333333333331,111.19047619047622,47.26527777777778,42.90178571428572,71.56805555555555,66.33511904761905
2023-02-01,145.95833333333334,51.395833333333336,75.91666666666667,33.05833333333333,35.69166666666667,823.5,107.33333333333331,19.516666666666666,39.958333333333336,0.0,157.0,182.625,175.5,1,2,2,2023,32,157.66666666666666,102.04166666666669,133.20833333333334,113.33333333333331,-11.708333333333314,12.75,32.62500000000003,130.97222222222223,116.77976190476193,50.48611111111112,43.38988095238096,76.98194444444444,66.67916666666666
2023-02-02,157.0,98.3375,142.32500000000002,74.8125,77.63333333333334,1881.1666666666667,138.79166666666666,18.89583333333333,46.625,0.0,182.625,175.5,141.125,2,3,2,2023,33,145.95833333333334,157.66666666666666,102.04166666666669,114.29166666666669,11.041666666666655,54.958333333333314,42.708333333333314,135.22222222222226,121.44047619047622,54.76388888888889,44.827976190476186,82.97916666666667,67.6125
2023-02-03,182.625,87.45833333333333,126.53333333333336,97.50416666666666,73.47916666666667,1975.0416666666667,83.83333333333333,18.695833333333333,52.625,0.0,175.5,141.125,126.33333333333331,3,4,2,2023,34,157.0,145.95833333333334,157.66666666666666,92.16666666666669,25.625,24.958333333333343,90.45833333333331,153.54166666666666,127.54166666666669,67.9,54.34642857142857,99.88055555555556,80.90357142857144
2023-02-04,175.5,68.09166666666667,103.47083333333336,57.5,48.82916666666666,1397.375,115.125,19.33333333333333,82.25,0.0,141.125,126.33333333333331,199.91666666666663,4,5,2,2023,35,182.625,157.0,145.95833333333334,104.75,-7.125,29.541666666666657,70.75,161.86111111111111,140.46428571428572,79.06388888888888,61.850595238095245,114.925,91.55416666666666
2023-02-05,141.125,35.770833333333336,63.26666666666667,29.35,24.58333333333333,715.75,79.45833333333333,21.416666666666668,82.875,0.0,126.33333333333331,199.91666666666663,166.25,5,6,2,2023,36,175.5,182.625,157.0,133.20833333333334,-34.375,-15.875,7.916666666666657,171.70833333333334,150.57142857142858,84.62916666666668,65.24880952380953,124.10972222222225,97.02738095238094
2023-02-06,126.33333333333331,53.4875,98.49583333333334,33.775,28.4625,819.3333333333334,124.66666666666669,22.854166666666668,70.45833333333333,0.0,199.91666666666663,166.25,111.95833333333331,6,0,2,2023,37,141.125,175.5,182.625,102.04166666666669,-14.791666666666686,-56.291666666666686,24.29166666666663,166.41666666666666,151.70238095238096,63.77361111111112,64.85,97.75694444444446,97.79047619047618
2023-02-07,199.91666666666663,115.6875,179.6208333333333,72.40416666666667,54.36666666666667,1715.9166666666667,149.83333333333334,20.3375,74.45833333333333,0.0,166.25,111.95833333333331,87.625,7,1,2,2023,38,126.33333333333331,141.125,175.5,157.66666666666666,73.58333333333331,24.41666666666663,42.24999999999997,147.65277777777777,155.17261904761904,52.45000000000001,64.07261904761904,88.41111111111111,98.77261904761905
2023-02-08,166.25,44.57083333333333,76.825,37.425,31.075,826.875,87.125,20.95833333333333,83.20833333333333,0.0,111.95833333333331,87.625,109.25,8,2,2,2023,39,199.91666666666663,126.33333333333331,141.125,145.95833333333334,-33.66666666666663,25.125,20.291666666666657,155.79166666666666,161.20833333333334,68.31527777777778,72.88988095238095,113.79444444444444,112.80416666666667
2023-02-09,111.95833333333331,32.6375,57.3625,20.766666666666666,20.7625,510.7083333333333,83.875,21.72083333333333,85.41666666666667,0.0,87.625,109.25,154.125,9,3,2,2023,40,166.25,199.91666666666663,126.33333333333331,157.0,-54.291666666666686,-14.375,-45.041666666666686,164.16666666666666,164.10714285714286,71.24861111111112,71.91488095238095,118.31388888888888,112.93392857142858
2023-02-10,87.625,24.7125,46.81666666666666,13.2,14.633333333333333,357.9166666666667,91.625,22.579166666666666,81.0,0.0,109.25,154.125,131.83333333333334,10,4,2,2023,41,111.95833333333331,166.25,199.91666666666663,182.625,-24.333333333333314,-112.29166666666664,-95.0,159.37499999999997,157.67261904761904,64.2986111111111,62.52916666666666,104.60277777777776,100.79642857142858
2023-02-11,109.25,68.0125,108.475,37.66666666666666,33.45,915.25,107.45833333333331,22.1125,66.79166666666667,0.0,154.125,131.83333333333334,160.08333333333334,11,5,2,2023,42,87.625,111.95833333333331,166.25,175.5,21.625,-57.0,-66.25,121.94444444444444,144.10119047619045,33.97361111111112,53.56547619047619,60.33472222222222,89.40833333333333
2023-02-12,154.125,43.00833333333333,73.97500000000001,43.575,28.183333333333334,730.9583333333334,62.79166666666666,23.22083333333333,36.79166666666666,0.0,131.83333333333334,160.08333333333334,155.91666666666666,12,6,2,2023,43,109.25,87.625,111.95833333333331,141.125,44.875,42.166666666666686,13.0,102.94444444444444,134.63690476190476,41.7875,53.55416666666666,70.88472222222221,90.1232142857143
2023-02-13,131.83333333333334,56.23333333333333,87.04166666666667,37.25833333333333,37.8875,900.4583333333334,127.75,21.9,32.583333333333336,0.0,160.08333333333334,155.91666666666666,142.20833333333334,13,0,2,2023,44,154.125,109.25,87.625,126.33333333333331,-22.291666666666657,44.20833333333334,5.500000000000028,117.0,136.49404761904762,45.24444444444444,54.58809523809523,76.42222222222222,91.6529761904762
2023-02-14,160.08333333333334,44.4125,76.15833333333333,34.862500000000004,32.266666666666666,884.2916666666666,119.45833333333331,21.90416666666667,78.79166666666667,0.0,155.91666666666666,142.20833333333334,143.375,14,1,2,2023,45,131.83333333333334,154.125,109.25,199.91666666666663,28.25,50.83333333333334,-39.833333333333286,131.73611111111111,137.2797619047619,55.75138888888889,54.98035714285714,89.83055555555556,90.01666666666667
2023-02-15,155.91666666666666,60.95,99.47083333333336,52.875,47.84583333333333,1277.3333333333333,111.54166666666669,20.933333333333334,90.25,0.0,142.20833333333334,143.375,186.125,15,2,2,2023,46,160.08333333333334,131.83333333333334,154.125,166.25,-4.166666666666686,1.7916666666666572,-10.333333333333345,148.68055555555557,131.58928571428572,47.88472222222222,44.79821428571429,79.05833333333334,75.23630952380952
2023-02-16,142.20833333333334,42.16666666666666,68.41250000000001,43.41666666666666,33.520833333333336,929.5416666666666,79.375,22.225,83.25,0.0,143.375,186.125,163.66666666666666,16,3,2,2023,47,155.91666666666666,160.08333333333334,131.83333333333334,111.95833333333331,-13.708333333333314,10.375,30.25000000000003,149.2777777777778,130.11309523809524,53.86527777777778,47.13809523809523,87.55694444444445,78.47142857142856
2023-02-17,143.375,56.1,85.44583333333333,46.020833333333336,36.083333333333336,1069.5416666666667,107.25,22.47083333333333,81.33333333333333,0.0,186.125,163.66666666666666,106.125,17,4,2,2023,48,142.20833333333334,155.91666666666666,160.08333333333334,87.625,1.1666666666666572,-16.708333333333343,55.75,152.73611111111111,134.43452380952382,49.17638888888889,48.49940476190476,81.34722222222223,80.05
2023-02-18,186.125,82.46249999999999,120.65416666666664,52.67916666666667,42.95,1370.375,142.16666666666666,21.52083333333333,77.04166666666667,0.0,163.66666666666666,106.125,121.29166666666669,18,5,2,2023,49,143.375,142.20833333333334,155.91666666666666,109.25,42.75,30.208333333333343,76.875,147.16666666666666,142.39880952380955,53.07222222222222,52.98333333333333,84.44305555555557,85.56845238095238
2023-02-19,163.66666666666666,44.6125,72.48333333333333,42.42083333333333,36.74583333333333,993.8333333333334,94.66666666666669,21.579166666666666,87.29166666666667,0.0,106.125,121.29166666666669,110.375,19,6,2,2023,50,186.125,143.375,142.20833333333334,154.125,-22.458333333333343,21.458333333333314,9.541666666666655,157.23611111111111,153.38095238095238,60.24305555555554,55.04761904761904,91.50416666666666,87.30833333333332
2023-02-20,106.125,30.7875,57.55416666666667,26.566666666666663,23.445833333333336,628.0416666666666,92.25,23.40833333333333,78.875,0.0,121.29166666666669,110.375,77.91666666666667,20,0,2,2023,51,163.66666666666666,186.125,143.375,131.83333333333334,-57.54166666666666,-37.25,-25.708333333333343,164.38888888888889,154.74404761904765,61.05833333333334,55.27678571428572,92.8611111111111,87.0952380952381
2023-02-21,121.29166666666669,48.05416666666667,79.89166666666667,33.833333333333336,28.7875,829.0416666666666,116.875,23.016666666666666,84.75,0.0,110.375,77.91666666666667,96.70833333333331,21,1,2,2023,52,106.125,163.66666666666666,186.125,160.08333333333334,15.166666666666686,-64.83333333333331,-38.79166666666666,151.9722222222222,151.07142857142858,52.62083333333333,51.641666666666666,83.56388888888888,82.8827380952381
2023-02-22,110.375,22.29583333333333,41.56666666666667,16.454166666666666,13.658333333333331,389.0,98.54166666666669,22.829166666666666,82.25,0.0,77.91666666666667,96.70833333333331,91.16666666666669,22,2,2,2023,53,121.29166666666669,106.125,163.66666666666666,155.91666666666666,-10.916666666666686,-53.29166666666666,-45.54166666666666,130.36111111111111,145.5297619047619,41.151388888888896,52.16190476190477,69.97638888888889,83.41607142857143
2023-02-23,77.91666666666667,28.445833333333336,51.5625,25.8375,21.2,542.9583333333334,96.66666666666669,22.429166666666664,81.45833333333333,0.0,96.70833333333331,91.16666666666669,86.125,23,3,2,2023,54,110.375,121.29166666666669,106.125,142.20833333333334,-32.45833333333333,-28.20833333333333,-64.29166666666667,112.59722222222224,139.02380952380955,33.7125,46.63988095238096,59.67083333333333,75.14404761904761
2023-02-24,96.70833333333331,32.88333333333333,69.85833333333333,26.6625,23.695833333333336,623.0416666666666,97.08333333333331,21.945833333333336,84.625,0.0,91.16666666666669,86.125,118.79166666666669,24,4,2,2023,55,77.91666666666667,110.375,121.29166666666669,143.375,18.791666666666643,-24.58333333333337,-46.666666666666686,103.19444444444446,129.8392857142857,32.93194444444445,44.679761904761904,57.67361111111112,72.73690476190475
2023-02-25,91.16666666666669,27.8375,56.52916666666667,28.4375,20.945833333333333,575.7083333333334,61.54166666666666,23.225,79.20833333333333,0.0,86.125,118.79166666666669,119.0,25,5,2,2023,56,96.70833333333331,77.91666666666667,110.375,186.125,-5.541666666666629,-19.208333333333314,-94.95833333333331,95.0,123.17261904761904,27.875,41.363095238095234,54.32916666666667,70.51011904761904
2023-02-26,86.125,30.22083333333333,49.2375,30.379166666666663,24.28333333333333,630.125,68.20833333333333,23.54583333333333,81.625,0.0,118.79166666666669,119.0,129.5,26,6,2,2023,57,91.16666666666669,96.70833333333331,77.91666666666667,163.66666666666666,-5.041666666666686,8.208333333333329,-77.54166666666666,88.59722222222223,109.60714285714286,29.722222222222214,33.55952380952381,59.31666666666666,61.34940476190476
2023-02-27,118.79166666666669,42.50416666666667,69.37916666666666,38.49166666666667,32.708333333333336,896.9583333333334,95.70833333333331,23.195833333333336,83.95833333333333,0.0,119.0,129.5,165.5,27,0,2,2023,58,86.125,91.16666666666669,96.70833333333331,106.125,32.666666666666686,22.08333333333337,12.666666666666686,91.33333333333331,98.52976190476193,30.313888888888886,31.50357142857143,58.54166666666666,58.02857142857143
2023-02-28,119.0,39.65,66.07083333333334,37.35833333333333,28.933333333333334,799.875,81.66666666666667,23.04583333333333,82.95833333333333,0.0,129.5,165.5,171.375,28,1,2,2023,59,118.79166666666669,86.125,91.16666666666669,121.29166666666669,0.2083333333333143,27.833333333333314,-2.2916666666666856,98.69444444444446,100.33928571428572,33.520833333333336,33.17738095238095,58.38194444444444,59.71785714285714
2023-03-01,129.5,74.14999999999999,115.99583333333334,36.54583333333333,27.78333333333333,937.25,100.08333333333331,23.554166666666664,79.41666666666667,0.0,165.5,171.375,176.375,1,2,3,2023,60,119.0,118.79166666666669,86.125,110.375,10.5,43.375,19.125,107.97222222222224,100.01190476190476,37.458333333333336,31.976785714285715,61.5625,57.74345238095238
2023-03-02,165.5,63.07083333333333,96.0,23.683333333333334,27.79583333333333,681.375,126.375,26.35833333333333,48.04166666666666,0.0,171.375,176.375,190.375,2,3,3,2023,61,129.5,119.0,118.79166666666669,77.91666666666667,36.0,46.708333333333314,87.58333333333333,122.43055555555556,102.74404761904762,52.10138888888889,39.384523809523806,83.81527777777778,68.37619047619047
2023-03-03,171.375,73.59583333333333,110.4375,28.33333333333333,32.69583333333333,699.625,130.20833333333334,26.129166666666663,51.29166666666666,0.0,176.375,190.375,203.29166666666663,3,4,3,2023,62,165.5,129.5,119.0,96.70833333333331,5.875,52.375,74.66666666666669,138.0,115.2559523809524,58.95694444444444,44.33095238095238,92.68888888888888,74.72440476190476
2023-03-04,176.375,60.5125,90.40416666666664,25.916666666666668,29.6875,750.4583333333334,141.29166666666666,26.070833333333336,50.083333333333336,0.0,190.375,203.29166666666663,186.41666666666663,4,5,3,2023,63,171.375,165.5,129.5,91.16666666666669,5.0,46.875,85.20833333333331,155.45833333333334,125.92261904761904,70.27222222222223,50.147023809523816,107.47777777777776,80.52142857142857
2023-03-05,190.375,79.8625,115.97916666666669,38.32083333333333,36.21666666666666,1175.5833333333333,157.375,25.816666666666663,50.333333333333336,0.0,203.29166666666663,186.41666666666663,193.125,5,6,3,2023,64,176.375,171.375,165.5,86.125,14.0,24.875,104.25,171.08333333333334,138.0952380952381,65.72638888888889,54.81488095238094,98.9472222222222,85.36071428571428
2023-03-06,203.29166666666663,79.9875,118.52083333333331,41.49583333333333,43.25833333333333,1318.25,171.04166666666666,25.383333333333336,56.375,0.0,186.41666666666663,193.125,215.0833333333333,6,0,3,2023,65,190.375,176.375,171.375,118.79166666666669,12.916666666666629,31.91666666666663,84.49999999999994,179.375,152.98809523809524,71.32361111111112,61.906547619047615,105.60694444444444,94.8952380952381
2023-03-07,186.41666666666663,66.08749999999999,103.4625,49.8375,49.62083333333334,1305.4583333333333,137.91666666666666,24.71666666666667,70.875,0.0,193.125,215.0833333333333,219.3333333333333,7,1,3,2023,66,203.29166666666663,190.375,176.375,119.0,-16.875,10.041666666666629,67.41666666666663,190.01388888888889,165.0595238095238,73.45416666666667,67.26130952380952,108.30138888888888,101.91547619047618
2023-03-08,193.125,103.22916666666669,153.07916666666668,53.3125,60.46666666666667,1606.9583333333333,191.75,24.758333333333336,73.04166666666667,0.0,215.0833333333333,219.3333333333333,164.08333333333334,8,2,3,2023,67,186.41666666666663,203.29166666666663,190.375,129.5,6.708333333333371,2.75,63.625,193.3611111111111,174.69047619047615,75.3125,71.03809523809524,112.65416666666664,107.25714285714284
2023-03-09,215.0833333333333,119.77083333333331,175.01666666666665,55.7875,44.05416666666667,1663.1666666666667,200.625,25.879166666666663,59.875,0.0,219.3333333333333,164.08333333333334,156.41666666666666,9,3,3,2023,68,193.125,186.41666666666663,203.29166666666663,165.5,21.958333333333314,11.791666666666686,49.583333333333314,194.27777777777771,183.7797619047619,83.10138888888889,75.1922619047619,125.02083333333331,112.5547619047619
2023-03-10,219.3333333333333,87.0625,126.19166666666666,55.7125,44.6875,1358.25,179.83333333333334,25.804166666666664,55.54166666666666,0.0,164.08333333333334,156.41666666666666,158.29166666666666,10,4,3,2023,69,215.0833333333333,193.125,186.41666666666663,171.375,4.25,32.916666666666686,47.958333333333314,198.20833333333331,190.8630952380952,96.3625,83.2922619047619,143.8527777777778,123.84285714285714
2023-03-11,164.08333333333334,68.7625,100.3875,63.04166666666666,51.11666666666667,1373.5,99.58333333333331,25.40833333333333,63.0,0.0,156.41666666666666,158.29166666666666,114.875,11,5,3,2023,70,219.3333333333333,215.0833333333333,193.125,176.375,-55.24999999999997,-29.041666666666657,-12.291666666666655,209.18055555555557,197.7142857142857,103.35416666666669,85.21607142857144,151.42916666666665,126.0934523809524
2023-03-12,156.41666666666666,57.55833333333334,84.3125,61.59166666666667,50.875,1294.2083333333333,76.70833333333333,25.741666666666664,63.083333333333336,0.0,158.29166666666666,114.875,89.125,12,6,3,2023,71,164.08333333333334,219.3333333333333,215.0833333333333,190.375,-7.666666666666686,-58.66666666666666,-33.95833333333334,199.5,195.9583333333333,91.86527777777776,86.39464285714287,133.86527777777778,127.51964285714288
2023-03-13,158.29166666666666,48.26666666666667,73.71666666666667,46.52916666666667,47.395833333333336,1136.0833333333333,113.66666666666669,24.991666666666664,71.79166666666667,0.0,114.875,89.125,79.33333333333333,13,0,3,2023,72,156.41666666666666,164.08333333333334,219.3333333333333,203.29166666666663,1.875,-61.04166666666666,-44.99999999999997,179.94444444444443,191.10714285714283,71.12777777777778,83.20833333333333,103.63055555555556,122.99583333333332
2023-03-14,114.875,31.441666666666663,49.75833333333333,40.4875,36.49583333333333,830.75,63.25,23.991666666666664,81.20833333333333,0.0,89.125,79.33333333333333,83.04166666666667,14,1,3,2023,73,158.29166666666666,156.41666666666666,164.08333333333334,186.41666666666663,-43.41666666666666,-49.20833333333334,-71.54166666666663,159.5972222222222,184.67857142857144,58.19583333333333,78.67678571428571,86.13888888888887,116.5952380952381
2023-03-15,89.125,25.133333333333336,45.49583333333334,18.6125,19.120833333333334,448.75,73.95833333333333,25.10833333333333,80.08333333333333,0.0,79.33333333333333,83.04166666666667,135.79166666666666,15,2,3,2023,74,114.875,158.29166666666666,156.41666666666666,193.125,-25.75,-67.29166666666666,-104.0,143.19444444444443,174.45833333333331,45.75555555555556,73.72738095238095,69.2625,108.92321428571428
2023-03-16,79.33333333333333,23.383333333333336,42.55416666666667,21.691666666666663,20.216666666666665,505.875,74.41666666666667,25.541666666666668,80.33333333333333,0.0,83.04166666666667,135.79166666666666,161.45833333333334,16,3,3,2023,75,89.125,114.875,158.29166666666666,215.0833333333333,-9.791666666666671,-78.95833333333333,-135.75,120.76388888888889,159.60119047619045,34.94722222222223,62.570833333333326,56.32361111111111,93.55416666666666
2023-03-17,83.04166666666667,26.2875,44.77916666666667,27.92083333333333,25.96666666666667,623.5416666666666,83.54166666666667,25.616666666666664,79.58333333333333,0.0,135.79166666666666,161.45833333333334,104.0,17,4,3,2023,76,79.33333333333333,89.125,114.875,219.3333333333333,3.708333333333343,-31.83333333333333,-136.29166666666663,94.44444444444444,140.20833333333331,26.652777777777786,48.80119047619047,45.93611111111111,74.63095238095238
2023-03-18,135.79166666666666,54.36666666666667,84.5625,38.208333333333336,43.375,912.9583333333334,128.70833333333334,25.4,66.25,0.0,161.45833333333334,104.0,73.66666666666667,18,5,3,2023,77,83.04166666666667,79.33333333333333,89.125,164.08333333333334,52.74999999999999,46.66666666666666,-28.29166666666669,83.83333333333333,120.73809523809524,24.934722222222224,40.11904761904761,44.276388888888896,63.00059523809523
2023-03-19,161.45833333333334,44.85833333333333,73.6375,30.6625,40.99166666666667,752.2083333333334,123.33333333333331,24.89583333333333,69.20833333333333,0.0,104.0,73.66666666666667,68.0,19,6,3,2023,78,135.79166666666666,83.04166666666667,79.33333333333333,156.41666666666666,25.66666666666669,82.12500000000001,5.041666666666686,99.38888888888889,116.69642857142856,34.67916666666667,38.0625,57.29861111111112,60.73988095238095
2023-03-20,104.0,25.8625,51.3125,22.59583333333333,26.20833333333333,523.5416666666666,84.54166666666667,24.575,76.91666666666667,0.0,73.66666666666667,68.0,68.75,20,0,3,2023,79,161.45833333333334,135.79166666666666,83.04166666666667,158.29166666666666,-57.45833333333334,20.95833333333333,-54.29166666666666,126.76388888888889,117.41666666666666,41.8375,36.24821428571429,67.65972222222223,59.21488095238095
2023-03-21,73.66666666666667,18.6625,39.99166666666667,15.295833333333334,14.8625,363.0,67.125,25.1125,71.04166666666667,0.0,68.0,68.75,73.0,21,1,3,2023,80,104.0,161.45833333333334,135.79166666666666,114.875,-30.33333333333333,-62.12499999999999,-41.20833333333333,133.75,109.66071428571428,41.69583333333333,33.04761904761905,69.83749999999999,56.01428571428571
2023-03-22,68.0,18.65833333333333,34.4375,14.833333333333334,14.354166666666666,358.3333333333333,67.16666666666667,23.883333333333336,78.16666666666667,0.0166666666666666,68.75,73.0,74.91666666666667,22,2,3,2023,81,73.66666666666667,104.0,161.45833333333334,89.125,-5.666666666666671,-93.45833333333334,-21.125,113.04166666666669,103.77380952380952,29.79444444444444,31.22202380952381,54.980555555555554,54.61904761904763
2023-03-23,68.75,18.525,40.0875,13.841666666666669,11.975,319.0416666666667,59.125,23.475,81.08333333333333,0.1583333333333333,73.0,74.91666666666667,96.125,23,3,3,2023,82,68.0,73.66666666666667,104.0,79.33333333333333,0.75,-35.25,-10.583333333333329,81.8888888888889,100.75595238095238,21.061111111111117,30.297023809523807,41.91388888888889,53.03928571428572
2023-03-24,73.0,18.383333333333333,49.10416666666666,10.508333333333333,7.975,265.3333333333333,114.29166666666669,24.429166666666664,59.958333333333336,0.0,74.91666666666667,96.125,101.83333333333331,24,4,3,2023,83,68.75,68.0,73.66666666666667,83.04166666666667,4.25,-0.6666666666666714,-10.041666666666671,70.1388888888889,99.2440476190476,18.615277777777777,29.60297619047619,38.172222222222224,52.68690476190476
2023-03-25,74.91666666666667,20.916666666666668,47.025,12.404166666666669,9.983333333333333,320.3333333333333,112.875,24.495833333333334,67.0,0.0,96.125,101.83333333333331,90.08333333333331,25,5,3,2023,84,73.0,68.75,68.0,135.79166666666666,1.9166666666666716,6.916666666666671,-60.87499999999999,69.91666666666667,97.80952380952382,18.522222222222226,28.473809523809525,41.20972222222222,53.304761904761904
2023-03-26,96.125,30.20833333333333,57.45416666666667,24.79583333333333,21.7125,597.8333333333334,111.58333333333331,24.175,75.04166666666667,0.0,101.83333333333331,90.08333333333331,75.79166666666667,26,6,3,2023,85,74.91666666666667,73.0,68.75,161.45833333333334,21.20833333333333,27.375,-65.33333333333334,72.22222222222223,89.11309523809523,19.275,23.695238095238093,45.40555555555556,47.9422619047619
2023-03-27,101.83333333333331,31.6625,56.34166666666667,29.429166666666664,25.620833333333334,650.4583333333334,100.45833333333331,24.6625,69.41666666666667,0.0,90.08333333333331,75.79166666666667,80.54166666666667,27,0,3,2023,86,96.125,74.91666666666667,73.0,104.0,5.708333333333314,28.833333333333314,-2.1666666666666856,81.34722222222223,79.77976190476191,23.16944444444444,21.60238095238095,51.19444444444445,45.630357142857136
2023-03-28,90.08333333333331,25.52083333333333,48.98333333333333,14.058333333333332,15.9625,381.7916666666667,94.79166666666669,24.570833333333336,78.08333333333333,0.0,75.79166666666667,80.54166666666667,80.70833333333333,28,1,3,2023,87,101.83333333333331,96.125,74.91666666666667,73.66666666666667,-11.75,15.166666666666645,16.416666666666643,90.95833333333331,79.4702380952381,27.59583333333333,22.43095238095238,53.60694444444445,46.34880952380953
2023-03-29,75.79166666666667,21.429166666666664,50.91666666666666,10.504166666666666,12.520833333333334,308.9166666666667,80.625,25.304166666666664,78.125,0.0,80.54166666666667,80.70833333333333,74.91666666666667,29,2,3,2023,88,90.08333333333331,101.83333333333331,96.125,68.0,-14.291666666666645,-20.33333333333333,7.791666666666671,96.01388888888889,81.81547619047618,29.13055555555555,23.410714285714285,54.25972222222222,47.63333333333334
2023-03-30,80.54166666666667,23.054166666666664,56.525000000000006,10.9125,13.470833333333331,316.0416666666667,112.0,25.266666666666666,70.91666666666667,0.0333333333333333,80.70833333333333,74.91666666666667,69.41666666666667,30,3,3,2023,89,75.79166666666667,90.08333333333331,101.83333333333331,68.75,4.75,-21.291666666666643,11.791666666666671,89.2361111111111,82.92857142857143,26.204166666666666,23.806547619047617,52.08055555555555,49.9875
2023-03-31,80.70833333333333,23.34166666666667,48.625,8.958333333333334,9.9375,288.2916666666667,112.45833333333331,25.804166666666664,75.91666666666667,0.0,74.91666666666667,69.41666666666667,71.66666666666667,31,4,3,2023,90,80.54166666666667,75.79166666666667,90.08333333333331,73.0,0.1666666666666572,-9.374999999999986,7.708333333333329,82.1388888888889,84.61309523809523,23.33472222222221,24.453571428571426,52.14166666666666,52.33571428571429
2023-04-01,74.91666666666667,19.39583333333333,37.97083333333333,3.4625,5.145833333333333,168.04166666666666,96.33333333333331,25.67083333333333,74.33333333333333,0.0,69.41666666666667,71.66666666666667,84.58333333333333,1,5,4,2023,91,80.70833333333333,80.54166666666667,75.79166666666667,74.91666666666667,-5.791666666666657,-0.875,0.0,79.0138888888889,85.71428571428571,22.60833333333333,25.16190476190476,52.02222222222222,52.267261904761895
2023-04-02,69.41666666666667,20.47083333333333,41.00833333333333,8.674999999999999,11.5,299.625,96.375,25.42083333333333,77.0,0.0,71.66666666666667,84.58333333333333,80.5,2,6,4,2023,92,74.91666666666667,80.70833333333333,80.54166666666667,96.125,-5.5,-11.125,-26.70833333333333,78.72222222222223,85.71428571428571,21.930555555555557,24.94464285714285,47.706944444444446,50.97380952380952
2023-04-03,71.66666666666667,21.075,47.59583333333333,11.566666666666668,13.183333333333332,321.5833333333333,83.58333333333333,26.166666666666668,78.33333333333333,0.0125,84.58333333333333,80.5,76.70833333333333,3,0,4,2023,93,69.41666666666667,74.91666666666667,80.70833333333333,101.83333333333331,2.25,-9.041666666666655,-30.166666666666643,75.0138888888889,81.89880952380952,21.069444444444443,23.553571428571423,42.53472222222222,48.62440476190476
2023-04-04,84.58333333333333,16.787499999999998,33.575,14.029166666666669,13.058333333333332,373.9583333333333,111.83333333333331,24.879166666666663,74.20833333333333,0.0,80.5,76.70833333333333,98.875,4,1,4,2023,94,71.66666666666667,69.41666666666667,74.91666666666667,90.08333333333331,12.916666666666655,9.666666666666655,-5.499999999999986,72.0,77.58928571428571,20.313888888888886,22.041071428571424,42.19166666666666,47.375
2023-04-05,80.5,16.5625,29.883333333333336,17.425,15.020833333333334,435.625,116.41666666666669,25.079166666666666,68.70833333333333,0.0,76.70833333333333,98.875,129.75,5,2,4,2023,95,84.58333333333333,71.66666666666667,69.41666666666667,75.79166666666667,-4.083333333333329,11.083333333333329,4.708333333333329,75.22222222222223,76.80357142857144,19.444444444444443,20.793452380952377,40.72638888888888,45.17380952380952
2023-04-06,76.70833333333333,20.229166666666668,38.725,22.7125,18.025,499.8333333333333,103.875,25.02916666666667,75.54166666666667,0.0,98.875,129.75,94.04166666666669,6,3,4,2023,96,80.5,84.58333333333333,71.66666666666667,80.54166666666667,-3.791666666666672,5.041666666666657,-3.833333333333343,78.91666666666667,77.47619047619048,18.141666666666666,20.098214285714285,37.01805555555556,42.16904761904762
2023-04-07,98.875,27.566666666666663,48.125,29.766666666666666,25.541666666666668,710.5833333333334,111.79166666666669,25.23333333333333,77.95833333333333,0.0,129.75,94.04166666666669,82.58333333333333,7,4,4,2023,97,76.70833333333333,80.5,84.58333333333333,80.70833333333333,22.16666666666667,14.291666666666671,18.16666666666667,80.59722222222221,76.92857142857143,17.85972222222222,19.694642857142856,34.06111111111111,39.62619047619047
2023-04-08,129.75,38.3375,64.03333333333333,27.0125,25.266666666666666,740.5,126.375,25.84583333333333,76.41666666666667,0.0,94.04166666666669,82.58333333333333,85.04166666666667,8,5,4,2023,98,98.875,76.70833333333333,80.5,74.91666666666667,30.875,49.25,54.83333333333333,85.3611111111111,79.52380952380952,21.45277777777778,20.298214285714284,38.91111111111111,39.554761904761904
2023-04-09,94.04166666666669,22.875,44.1375,22.4625,21.7625,532.625,83.79166666666667,25.65,78.16666666666667,0.0,82.58333333333333,85.04166666666667,124.625,9,6,4,2023,99,129.75,98.875,76.70833333333333,69.41666666666667,-35.708333333333314,17.333333333333357,24.62500000000001,101.77777777777776,87.35714285714286,28.71111111111111,23.004166666666663,50.29444444444445,43.27797619047619
2023-04-10,82.58333333333333,27.8625,51.80416666666667,33.32083333333333,36.891666666666666,730.9166666666666,74.04166666666667,25.175,82.08333333333333,0.0,85.04166666666667,124.625,101.45833333333331,10,0,4,2023,100,94.04166666666669,129.75,98.875,71.66666666666667,-11.458333333333355,-16.29166666666667,10.916666666666655,107.55555555555556,90.875,29.593055555555555,23.347619047619048,52.09861111111112,43.725
2023-04-11,85.04166666666667,24.616666666666664,46.425,31.191666666666663,28.704166666666666,684.4166666666666,75.29166666666667,25.21666666666667,81.58333333333333,0.0,124.625,101.45833333333331,77.41666666666667,11,1,4,2023,101,82.58333333333333,94.04166666666669,129.75,84.58333333333333,2.458333333333343,-44.70833333333333,0.4583333333333428,102.125,92.4345238095238,29.691666666666663,24.317261904761903,53.325,44.32619047619048
2023-04-12,124.625,39.895833333333336,69.96249999999999,25.79583333333333,25.354166666666668,696.9583333333334,115.54166666666669,27.0625,75.75,0.0,101.45833333333331,77.41666666666667,80.66666666666667,12,2,4,2023,102,85.04166666666667,82.58333333333333,94.04166666666669,80.5,39.58333333333333,30.583333333333314,44.125,87.22222222222223,92.5,25.118055555555557,25.435714285714287,47.45555555555556,46.16190476190476
2023-04-13,101.45833333333331,26.879166666666663,50.895833333333336,24.27083333333333,22.83333333333333,590.4166666666666,79.04166666666667,27.90416666666667,70.0,0.0,77.41666666666667,80.66666666666667,85.20833333333333,13,3,4,2023,103,124.625,85.04166666666667,82.58333333333333,76.70833333333333,-23.16666666666669,18.874999999999982,24.749999999999982,97.41666666666669,98.80357142857144,30.791666666666668,28.769047619047623,56.06388888888889,51.8875
2023-04-14,77.41666666666667,20.7375,40.6125,21.554166666666664,20.98333333333333,508.9166666666667,66.125,27.03333333333333,81.95833333333333,0.0,80.66666666666667,85.20833333333333,82.875,14,4,4,2023,104,101.45833333333331,124.625,85.04166666666667,98.875,-24.041666666666643,-7.625,-21.45833333333333,103.70833333333331,102.33928571428572,30.46388888888889,29.71904761904762,55.76111111111111,53.62619047619047
2023-04-15,80.66666666666667,29.504166666666663,63.8375,29.4125,30.7375,666.375,73.70833333333333,27.191666666666663,81.70833333333333,0.0,85.20833333333333,82.875,79.58333333333333,15,5,4,2023,105,77.41666666666667,101.45833333333331,124.625,129.75,3.25,-43.95833333333333,-49.08333333333333,101.16666666666669,99.27380952380952,29.17083333333333,28.743452380952384,53.8236111111111,52.55297619047618
2023-04-16,85.20833333333333,23.554166666666664,50.7875,22.254166666666663,22.70833333333333,531.9583333333334,86.70833333333333,27.375,80.70833333333333,0.0,82.875,79.58333333333333,93.5,16,6,4,2023,106,80.66666666666667,77.41666666666667,101.45833333333331,94.04166666666669,4.541666666666657,-16.249999999999986,-8.833333333333357,86.5138888888889,92.26190476190474,25.70694444444444,27.48154761904762,51.78194444444444,52.52499999999999
2023-04-17,82.875,21.245833333333334,47.7875,19.654166666666665,19.133333333333333,471.25,99.45833333333331,27.35833333333333,77.54166666666667,0.0,79.58333333333333,93.5,100.45833333333331,17,0,4,2023,107,85.20833333333333,80.66666666666667,77.41666666666667,82.58333333333333,-2.3333333333333286,5.458333333333329,0.2916666666666714,81.09722222222223,91.0,24.598611111111108,27.57857142857143,51.74583333333333,53.475
2023-04-18,79.58333333333333,28.629166666666663,54.2875,23.1125,19.75,534.75,79.45833333333333,28.570833333333336,66.625,0.0,93.5,100.45833333333331,77.875,18,1,4,2023,108,82.875,85.20833333333333,80.66666666666667,85.04166666666667,-3.2916666666666714,-1.0833333333333428,-5.458333333333343,82.91666666666667,91.04166666666669,24.768055555555552,26.633333333333333,54.1375,52.90119047619048
2023-04-19,93.5,32.666666666666664,62.70416666666667,23.90416666666667,21.316666666666663,576.125,91.5,27.870833333333334,62.79166666666666,0.0,100.45833333333331,77.875,81.875,19,2,4,2023,109,79.58333333333333,82.875,85.20833333333333,124.625,13.916666666666671,8.291666666666671,-31.125,82.55555555555554,90.26190476190476,24.476388888888888,27.20654761904762,50.95416666666667,54.02440476190476
2023-04-20,100.45833333333331,26.870833333333334,53.52916666666667,18.0125,16.320833333333333,459.8333333333333,106.625,27.945833333333336,70.58333333333333,0.0,77.875,81.875,81.25,20,3,4,2023,110,93.5,79.58333333333333,82.875,101.45833333333331,6.958333333333314,17.583333333333314,-1.0,85.31944444444444,85.81547619047618,27.51388888888889,26.17380952380952,54.92638888888889,52.9875
2023-04-21,77.875,20.1,40.6,15.316666666666668,14.2,388.6666666666667,72.625,27.616666666666664,77.33333333333333,0.0,81.875,81.25,82.70833333333333,21,4,4,2023,111,100.45833333333331,93.5,79.58333333333333,77.41666666666667,-22.583333333333314,-1.7083333333333286,0.4583333333333286,91.18055555555554,85.67261904761904,29.38888888888889,26.172619047619044,56.84027777777778,53.36369047619048
2023-04-22,81.875,23.8375,48.87083333333334,17.645833333333332,18.091666666666665,445.9583333333333,90.58333333333331,27.6125,76.04166666666667,0.0,81.25,82.70833333333333,87.5,22,5,4,2023,112,77.875,100.45833333333331,93.5,80.66666666666667,4.0,-11.625,1.2083333333333286,90.6111111111111,85.73809523809523,26.54583333333333,26.08154761904762,52.27777777777778,53.36190476190476
2023-04-23,81.25,23.245833333333334,44.3125,23.90416666666667,22.6875,563.4583333333334,78.20833333333333,28.225,73.95833333333333,0.0,82.70833333333333,87.5,83.66666666666667,23,6,4,2023,113,81.875,77.875,100.45833333333331,85.20833333333333,-0.625,-19.208333333333314,-3.9583333333333286,86.7361111111111,85.91071428571429,23.602777777777774,25.27202380952381,47.66666666666666,51.22380952380953
2023-04-24,82.70833333333333,28.40416666666667,52.6375,29.17083333333333,25.1875,640.5,60.04166666666666,27.745833333333334,78.08333333333333,0.0,87.5,83.66666666666667,70.41666666666667,24,0,4,2023,114,81.25,81.875,77.875,82.875,1.4583333333333286,4.833333333333329,-0.1666666666666714,80.33333333333333,85.34523809523809,22.39444444444445,25.22797619047619,44.59444444444444,50.29880952380953
2023-04-25,87.5,28.679166666666664,51.92083333333333,22.304166666666664,20.304166666666667,545.875,67.33333333333333,28.15416666666667,69.58333333333333,0.0,83.66666666666667,70.41666666666667,63.083333333333336,25,1,4,2023,115,82.70833333333333,81.25,81.875,79.58333333333333,4.791666666666671,5.625,7.916666666666671,81.94444444444444,85.32142857142857,25.1625,26.25059523809524,48.60694444444445,50.99166666666667
2023-04-26,83.66666666666667,24.24166666666667,47.4,16.283333333333335,15.55,419.0,81.79166666666667,28.225,55.083333333333336,0.0,70.41666666666667,63.083333333333336,71.70833333333333,26,2,4,2023,116,87.5,82.70833333333333,81.25,93.5,-3.8333333333333286,2.4166666666666714,-9.833333333333329,83.81944444444444,86.45238095238095,26.77638888888889,26.257738095238096,49.62361111111111,50.65357142857143
2023-04-27,70.41666666666667,15.5625,30.64583333333333,10.679166666666667,10.554166666666667,305.375,66.375,27.2625,71.79166666666667,0.0124999999999999,63.083333333333336,71.70833333333333,72.29166666666667,27,3,4,2023,117,83.66666666666667,87.5,82.70833333333333,100.45833333333331,-13.25,-12.291666666666655,-30.041666666666643,84.625,85.04761904761904,27.10833333333333,25.05416666666667,50.65277777777778,48.46726190476191
2023-04-28,63.083333333333336,15.583333333333334,31.191666666666663,12.05,12.158333333333331,323.875,70.58333333333333,25.9625,75.875,0.1416666666666666,71.70833333333333,72.29166666666667,75.75,28,4,4,2023,118,70.41666666666667,83.66666666666667,87.5,77.875,-7.333333333333336,-24.416666666666664,-14.791666666666664,80.52777777777779,80.75595238095238,22.82777777777778,23.43869047619048,43.322222222222216,45.198214285714286
2023-04-29,71.70833333333333,15.779166666666669,29.65,13.683333333333332,18.1,384.0416666666667,88.33333333333333,25.2375,76.375,0.0333333333333333,72.29166666666667,75.75,72.125,29,5,4,2023,119,63.083333333333336,70.41666666666667,83.66666666666667,81.875,8.624999999999993,-11.958333333333345,-10.166666666666671,72.3888888888889,78.64285714285714,18.4625,22.79345238095238,36.4125,43.85416666666666
2023-04-30,72.29166666666667,17.3875,33.99583333333333,15.354166666666666,19.454166666666666,391.125,88.0,26.04583333333333,68.91666666666667,0.0083333333333333,75.75,72.125,64.54166666666667,30,6,4,2023,120,71.70833333333333,63.083333333333336,70.41666666666667,81.25,0.5833333333333428,1.875,-8.958333333333329,68.40277777777777,77.19047619047619,15.641666666666667,21.642261904761902,30.495833333333326,41.10833333333333
2023-05-01,75.75,20.216666666666665,35.09583333333333,15.3625,16.599999999999998,398.6666666666667,91.33333333333331,27.304166666666664,71.45833333333333,0.0375,72.125,64.54166666666667,66.41666666666667,1,0,5,2023,121,72.29166666666667,71.70833333333333,63.083333333333336,82.70833333333333,3.4583333333333286,12.666666666666664,-6.958333333333329,69.02777777777777,75.91071428571429,16.25,20.80535714285714,31.6125,39.634523809523806
2023-05-02,72.125,19.2,35.0,16.704166666666666,17.820833333333333,430.0,79.08333333333333,27.8875,74.33333333333333,0.0041666666666666,64.54166666666667,66.41666666666667,71.04166666666667,2,1,5,2023,122,75.75,72.29166666666667,71.70833333333333,87.5,-3.625,0.4166666666666714,-15.375,73.25,74.91666666666667,17.794444444444448,19.635714285714283,32.913888888888884,37.12857142857143
2023-05-03,64.54166666666667,15.191666666666668,29.191666666666663,17.108333333333334,17.779166666666665,421.0,71.08333333333333,27.816666666666663,78.41666666666667,0.0,66.41666666666667,71.04166666666667,71.41666666666667,3,2,5,2023,123,72.125,75.75,72.29166666666667,83.66666666666667,-7.583333333333329,-7.75,-19.125,73.3888888888889,72.7202380952381,18.93472222222222,18.281547619047625,34.69722222222222,34.711309523809526
2023-05-04,66.41666666666667,20.15833333333333,41.7625,20.825,23.375,481.2083333333333,68.79166666666667,27.616666666666664,80.45833333333333,0.0,71.04166666666667,71.41666666666667,73.04166666666667,4,3,5,2023,124,64.54166666666667,72.125,75.75,70.41666666666667,1.875,-9.333333333333329,-4.0,70.80555555555556,69.98809523809524,18.20277777777778,16.988690476190477,33.09583333333333,32.110119047619044
2023-05-05,71.04166666666667,20.058333333333334,45.50416666666666,18.55,19.55,442.25,71.91666666666667,27.745833333333334,79.75,0.0,71.41666666666667,73.04166666666667,72.375,5,4,5,2023,125,66.41666666666667,64.54166666666667,72.125,63.083333333333336,4.625,-1.0833333333333286,7.958333333333336,67.69444444444446,69.41666666666667,18.183333333333334,17.645238095238096,35.31805555555555,33.698214285714286
2023-05-06,71.41666666666667,20.5375,40.87083333333333,17.925,17.908333333333335,422.0833333333333,73.95833333333333,28.570833333333336,76.41666666666667,0.0,73.04166666666667,72.375,83.20833333333333,6,5,5,2023,126,71.04166666666667,66.41666666666667,64.54166666666667,71.70833333333333,0.375,6.875,-0.2916666666666572,67.33333333333333,70.55357142857143,18.469444444444445,18.28452380952381,38.81944444444444,35.74285714285714
2023-05-07,73.04166666666667,21.029166666666665,48.3875,14.166666666666666,15.058333333333332,352.25,65.66666666666667,28.429166666666664,80.375,0.0,72.375,83.20833333333333,94.625,7,6,5,2023,127,71.41666666666667,71.04166666666667,66.41666666666667,72.29166666666667,1.625,6.625,0.75,69.625,70.51190476190477,20.25138888888889,18.964285714285715,42.7125,37.34583333333334
2023-05-08,72.375,21.59583333333333,43.325,19.0,19.35,439.2083333333333,70.45833333333333,28.866666666666664,78.79166666666667,0.0,83.20833333333333,94.625,90.45833333333331,8,0,5,2023,128,73.04166666666667,71.41666666666667,71.04166666666667,75.75,-0.6666666666666714,1.3333333333333286,-3.375,71.83333333333333,70.61904761904763,20.541666666666668,19.48452380952381,44.92083333333333,39.40178571428572
2023-05-09,83.20833333333333,29.704166666666666,56.97083333333333,27.0,29.166666666666668,609.8333333333334,67.5,28.383333333333336,78.58333333333333,0.0,94.625,90.45833333333331,74.58333333333333,9,1,5,2023,129,72.375,73.04166666666667,71.41666666666667,72.125,10.833333333333329,11.791666666666655,11.083333333333329,72.27777777777779,70.13690476190477,21.054166666666664,19.68154761904762,44.19444444444444,40.57738095238095
2023-05-10,94.625,27.4,48.5375,28.5625,26.825,647.4166666666666,84.20833333333333,29.433333333333334,71.33333333333333,0.0,90.45833333333331,74.58333333333333,67.125,10,2,5,2023,130,83.20833333333333,72.375,73.04166666666667,64.54166666666667,11.416666666666671,21.58333333333333,30.08333333333333,76.20833333333333,71.7202380952381,24.10972222222222,21.182142857142853,49.56111111111111,43.71607142857142
2023-05-11,90.45833333333331,25.60833333333333,47.925,19.654166666666665,20.341666666666665,488.0,87.25,30.183333333333334,68.0,0.0,74.58333333333333,67.125,65.20833333333333,11,3,5,2023,131,94.625,83.20833333333333,72.375,66.41666666666667,-4.166666666666686,18.083333333333314,24.041666666666643,83.40277777777777,76.01785714285714,26.23333333333333,22.926190476190477,49.61111111111112,46.47976190476191
2023-05-12,74.58333333333333,18.22083333333333,30.09583333333333,17.599999999999998,20.8375,445.875,68.58333333333333,30.28333333333333,66.54166666666667,0.0,67.125,65.20833333333333,61.708333333333336,12,4,5,2023,132,90.45833333333331,94.625,83.20833333333333,71.04166666666667,-15.874999999999986,-8.625,3.541666666666657,89.43055555555554,79.45238095238095,27.57083333333333,23.704761904761902,51.144444444444446,47.36011904761904
2023-05-13,67.125,17.95,30.741666666666664,21.416666666666668,24.0375,514.625,60.833333333333336,30.15833333333333,71.25,0.0,65.20833333333333,61.708333333333336,64.625,13,5,5,2023,133,74.58333333333333,90.45833333333331,94.625,71.41666666666667,-7.458333333333329,-27.5,-4.291666666666671,86.55555555555554,79.95833333333334,23.743055555555557,23.4422619047619,42.18611111111111,45.15892857142857
2023-05-14,65.20833333333333,15.041666666666666,29.28333333333333,10.1,14.3875,300.5,59.875,29.60833333333333,80.25,0.0,61.708333333333336,64.625,67.33333333333333,14,6,5,2023,134,67.125,74.58333333333333,90.45833333333331,73.04166666666667,-1.9166666666666716,-25.249999999999982,-7.833333333333343,77.38888888888887,79.34523809523809,20.593055555555555,23.07261904761905,36.25416666666666,43.71190476190476
2023-05-15,61.708333333333336,16.358333333333334,34.645833333333336,10.016666666666667,13.170833333333333,263.2916666666667,57.333333333333336,29.620833333333334,80.20833333333333,0.0041666666666666,64.625,67.33333333333333,62.54166666666666,15,0,5,2023,135,65.20833333333333,67.125,74.58333333333333,72.375,-3.499999999999993,-12.874999999999991,-10.666666666666664,68.97222222222221,78.22619047619047,17.070833333333333,22.2172619047619,30.04027777777777,40.98273809523808
2023-05-16,64.625,17.654166666666665,33.53333333333333,9.295833333333333,10.8375,243.5833333333333,50.5,29.60833333333333,80.625,0.0,67.33333333333333,62.54166666666666,62.833333333333336,16,1,5,2023,136,61.708333333333336,65.20833333333333,67.125,83.20833333333333,2.9166666666666643,-2.5,-18.58333333333333,64.68055555555556,76.70238095238095,16.45,21.46904761904761,31.55694444444444,39.74285714285714
2023-05-17,67.33333333333333,16.791666666666668,34.50416666666667,7.458333333333333,8.745833333333334,205.875,53.333333333333336,29.475,77.45833333333333,0.025,62.54166666666666,62.833333333333336,63.41666666666666,17,2,5,2023,137,64.625,61.708333333333336,65.20833333333333,94.625,2.7083333333333286,2.125,-27.29166666666667,63.84722222222222,74.04761904761904,16.351388888888888,19.747619047619047,32.487500000000004,36.39464285714286
2023-05-18,62.54166666666666,15.329166666666666,35.63333333333333,11.058333333333332,11.479166666666666,270.0833333333333,55.66666666666666,29.625,79.79166666666667,0.0,62.833333333333336,63.41666666666666,62.875,18,3,5,2023,138,67.33333333333333,64.625,61.708333333333336,90.45833333333331,-4.791666666666671,0.8333333333333215,-27.916666666666657,64.55555555555556,70.1488095238095,16.934722222222224,18.232142857142858,34.22777777777778,34.38988095238095
2023-05-19,62.833333333333336,16.875,42.3375,12.75,13.625,308.6666666666667,53.29166666666666,29.354166666666668,81.16666666666667,0.0,63.41666666666666,62.875,64.29166666666667,19,4,5,2023,139,62.54166666666666,67.33333333333333,64.625,74.58333333333333,0.2916666666666785,-1.7916666666666643,-11.749999999999991,64.83333333333333,66.16071428571426,16.591666666666665,16.763690476190476,34.55694444444444,32.63392857142857
2023-05-20,63.41666666666666,15.129166666666668,35.625,8.895833333333334,9.833333333333334,237.7083333333333,51.375,29.15,77.79166666666667,0.0,62.875,64.29166666666667,61.708333333333336,20,5,5,2023,140,62.833333333333336,62.54166666666666,67.33333333333333,67.125,0.5833333333333215,-3.916666666666672,-3.708333333333343,64.23611111111111,64.48214285714285,16.331944444444446,16.571428571428573,37.49166666666667,34.38273809523809
2023-05-21,62.875,16.570833333333333,38.05,7.783333333333334,8.904166666666667,223.125,52.16666666666666,29.72083333333333,75.95833333333333,0.0,64.29166666666667,61.708333333333336,65.375,21,6,5,2023,141,63.41666666666666,62.833333333333336,62.54166666666666,65.20833333333333,-0.5416666666666572,0.3333333333333428,-2.3333333333333286,62.93055555555555,63.95238095238095,15.77777777777778,16.16845238095238,37.86527777777778,35.080357142857146
2023-05-22,64.29166666666667,15.925,37.29166666666666,8.512500000000001,9.508333333333333,234.79166666666663,54.208333333333336,29.820833333333336,79.54166666666667,0.0,61.708333333333336,65.375,66.54166666666667,22,0,5,2023,142,62.875,63.41666666666666,62.833333333333336,61.708333333333336,1.4166666666666714,1.4583333333333357,2.583333333333336,63.04166666666666,63.61904761904763,16.191666666666666,16.386904761904763,38.67083333333333,36.33273809523809
2023-05-23,61.708333333333336,15.8,32.27916666666667,12.466666666666669,12.9625,294.3333333333333,47.79166666666666,29.766666666666666,82.75,0.0166666666666666,65.375,66.54166666666667,67.95833333333333,23,1,5,2023,143,64.29166666666667,62.875,63.41666666666666,64.625,-2.583333333333336,-1.7083333333333215,-2.9166666666666643,63.52777777777777,63.98809523809524,15.875,16.325,36.98888888888889,36.71071428571429
2023-05-24,65.375,17.849999999999998,34.266666666666666,12.05,13.408333333333331,308.5,53.458333333333336,29.945833333333336,82.25,0.0,66.54166666666667,67.95833333333333,65.375,24,2,5,2023,144,61.708333333333336,64.29166666666667,62.875,67.33333333333333,3.666666666666664,2.5,-1.9583333333333288,62.958333333333336,63.57142857142857,16.09861111111111,16.060119047619047,35.87361111111111,36.531547619047615
2023-05-25,66.54166666666667,18.308333333333334,34.9625,9.258333333333333,11.016666666666666,271.0,50.375,30.3,80.375,0.0,67.95833333333333,65.375,64.66666666666667,25,3,5,2023,145,65.375,61.708333333333336,64.29166666666667,62.54166666666666,1.1666666666666714,2.25,4.000000000000014,63.79166666666666,63.29166666666666,16.525000000000002,16.211309523809522,34.6125,36.49761904761904
2023-05-26,67.95833333333333,17.5,33.670833333333334,9.2625,10.445833333333333,256.9583333333333,45.833333333333336,30.229166666666668,80.75,0.0,65.375,64.66666666666667,59.75,26,4,5,2023,146,66.54166666666667,65.375,61.708333333333336,62.833333333333336,1.4166666666666572,6.249999999999993,5.124999999999993,64.54166666666667,63.86309523809524,17.319444444444443,16.636904761904763,33.83611111111111,36.40178571428572
2023-05-27,65.375,17.75,33.86666666666667,11.0625,12.516666666666666,283.4166666666667,45.66666666666666,30.225,79.5,0.0,64.66666666666667,59.75,57.16666666666666,27,5,5,2023,147,67.95833333333333,66.54166666666667,65.375,63.41666666666666,-2.5833333333333286,0.0,1.9583333333333428,66.625,64.59523809523809,17.88611111111111,16.726190476190474,34.3,35.163690476190474
2023-05-28,64.66666666666667,14.495833333333332,28.4625,11.35,13.370833333333332,290.6666666666667,44.583333333333336,30.17083333333333,80.08333333333333,0.0,59.75,57.16666666666666,58.125,28,6,5,2023,148,65.375,67.95833333333333,66.54166666666667,62.875,-0.7083333333333286,-1.875,1.7916666666666714,66.625,64.875,17.852777777777778,17.100595238095238,34.166666666666664,34.9125
2023-05-29,59.75,13.258333333333333,25.95,11.7625,14.520833333333334,294.8333333333333,42.41666666666666,29.96666666666667,83.29166666666667,0.0,57.16666666666666,58.125,57.625,29,0,5,2023,149,64.66666666666667,65.375,67.95833333333333,64.29166666666667,-4.916666666666671,-8.208333333333329,-4.541666666666671,66.0,65.13095238095238,16.581944444444442,16.804166666666667,32.0,33.54285714285714
2023-05-30,57.16666666666666,13.3625,27.416666666666668,10.0375,11.266666666666666,252.29166666666663,43.75,29.916666666666668,76.5,0.0083333333333333,58.125,57.625,63.625,30,1,5,2023,150,59.75,64.66666666666667,65.375,61.708333333333336,-2.583333333333343,-8.208333333333343,-4.541666666666679,63.26388888888889,64.48214285714286,15.168055555555554,16.423214285714288,29.42638888888889,31.922619047619047
2023-05-31,58.125,13.0375,23.070833333333336,8.358333333333333,9.654166666666669,216.41666666666663,41.54166666666666,29.616666666666664,74.45833333333333,0.0458333333333333,57.625,63.625,61.375,31,2,5,2023,151,57.16666666666666,59.75,64.66666666666667,65.375,0.9583333333333428,-6.541666666666671,-7.25,60.52777777777777,63.833333333333336,13.705555555555554,16.075,27.27638888888889,31.227976190476188
2023-06-01,57.625,14.408333333333331,27.09583333333333,7.233333333333333,8.041666666666666,205.75,45.25,29.941666666666663,76.875,0.0583333333333333,63.625,61.375,65.83333333333333,1,3,6,2023,152,58.125,57.16666666666666,59.75,66.54166666666667,-0.5,-2.125,-8.916666666666671,58.34722222222222,62.79761904761905,13.219444444444443,15.3875,25.479166666666668,29.628571428571423
2023-06-02,63.625,15.904166666666669,31.616666666666664,10.695833333333333,12.0375,278.0416666666667,54.79166666666666,30.02916666666667,80.95833333333333,0.0041666666666666,61.375,65.83333333333333,68.41666666666667,2,4,6,2023,153,57.625,58.125,57.16666666666666,67.95833333333333,6.0,6.458333333333343,-4.333333333333329,57.638888888888886,61.52380952380952,13.602777777777776,14.83035714285714,25.861111111111114,28.504761904761903
2023-06-03,61.375,15.45,33.28333333333333,12.429166666666667,13.654166666666669,303.9583333333333,58.04166666666666,29.96666666666667,81.625,0.0,65.83333333333333,68.41666666666667,64.95833333333333,3,5,6,2023,154,63.625,57.625,58.125,65.375,-2.25,3.25,-4.0,59.79166666666666,60.90476190476191,14.45,14.602380952380951,27.26111111111111,28.21130952380953
2023-06-04,65.83333333333333,19.79583333333333,47.32083333333333,13.375,15.120833333333332,334.6666666666667,67.75,30.070833333333336,80.66666666666667,0.0,68.41666666666667,64.95833333333333,69.25,4,6,6,2023,155,61.375,63.625,57.625,64.66666666666667,4.458333333333329,8.208333333333329,1.1666666666666572,60.875,60.33333333333333,15.254166666666668,14.273809523809524,30.66527777777777,28.127976190476197
2023-06-05,68.41666666666667,16.891666666666666,39.50416666666667,12.370833333333332,13.529166666666669,295.25,58.04166666666666,29.98333333333333,80.79166666666667,0.0,64.95833333333333,69.25,67.79166666666667,5,0,6,2023,156,65.83333333333333,61.375,63.625,59.75,2.583333333333343,4.791666666666671,8.666666666666671,63.61111111111111,60.49999999999999,17.05,15.030952380952382,37.40694444444444,30.82202380952381
2023-06-06,64.95833333333333,17.966666666666665,37.24583333333333,15.358333333333333,16.0,347.5416666666667,61.41666666666666,30.39583333333333,81.29166666666667,0.0,69.25,67.79166666666667,64.20833333333333,6,1,6,2023,157,68.41666666666667,65.83333333333333,61.375,57.16666666666666,-3.458333333333343,3.5833333333333286,7.791666666666671,65.20833333333333,61.738095238095234,17.379166666666666,15.55,40.036111111111104,32.75833333333333
2023-06-07,69.25,20.179166666666667,42.48333333333333,15.8,18.116666666666667,361.0833333333333,60.04166666666666,30.65416666666667,81.33333333333333,0.0,67.79166666666667,64.20833333333333,69.41666666666667,7,2,6,2023,158,64.95833333333333,68.41666666666667,65.83333333333333,58.125,4.291666666666671,3.4166666666666714,11.125,66.40277777777777,62.85119047619048,18.218055555555555,16.207738095238096,41.35694444444445,34.1625
2023-06-08,67.79166666666667,16.045833333333334,34.90833333333333,9.145833333333334,11.5375,245.0833333333333,58.125,30.33333333333333,77.45833333333333,0.0,64.20833333333333,69.41666666666667,65.04166666666667,8,3,6,2023,159,69.25,64.95833333333333,68.41666666666667,57.625,-1.4583333333333286,-0.625,10.166666666666671,67.54166666666667,64.44047619047619,18.34583333333333,17.22797619047619,39.74444444444444,36.93571428571429
2023-06-09,64.20833333333333,18.616666666666667,42.10416666666666,7.9875,9.2875,219.25,52.41666666666666,30.2,76.29166666666667,0.0333333333333333,69.41666666666667,65.04166666666667,150.66666666666666,9,4,6,2023,160,67.79166666666667,69.25,64.95833333333333,63.625,-3.583333333333343,-0.75,0.5833333333333286,67.33333333333333,65.89285714285714,18.063888888888886,17.461904761904762,38.2125,38.05178571428571
2023-06-10,69.41666666666667,16.695833333333333,37.325,9.579166666666667,11.329166666666666,243.0,54.75,29.941666666666663,76.0,0.0083333333333333,65.04166666666667,150.66666666666666,119.29166666666669,10,5,6,2023,161,64.20833333333333,67.79166666666667,69.25,61.375,5.208333333333343,0.1666666666666714,8.041666666666671,67.08333333333333,65.97619047619047,18.280555555555555,17.84940476190476,39.83194444444444,39.55
2023-06-11,65.04166666666667,21.8625,35.11666666666667,25.17083333333333,26.066666666666663,515.625,61.708333333333336,30.016666666666666,76.29166666666667,0.0,150.66666666666666,119.29166666666669,65.29166666666667,11,6,6,2023,162,69.41666666666667,64.20833333333333,67.79166666666667,65.83333333333333,-4.375,-2.75,-0.7916666666666572,67.1388888888889,67.125,17.119444444444444,18.027380952380952,38.1125,40.12738095238095
2023-06-12,150.66666666666666,61.19583333333333,93.07083333333333,27.42083333333333,34.458333333333336,790.375,147.41666666666666,32.09583333333333,64.83333333333333,0.0,119.29166666666669,65.29166666666667,71.125,12,0,6,2023,163,65.04166666666667,69.41666666666667,64.20833333333333,68.41666666666667,85.62499999999999,86.45833333333333,82.24999999999999,66.22222222222223,67.01190476190477,19.058333333333334,18.32261904761905,38.18194444444444,38.38392857142857
2023-06-13,119.29166666666669,14.308333333333332,33.204166666666666,12.070833333333333,18.5375,216.875,61.29166666666666,31.46666666666667,64.29166666666667,0.225,65.29166666666667,71.125,63.66666666666666,13,1,6,2023,164,150.66666666666666,65.04166666666667,69.41666666666667,64.95833333333333,-31.37499999999997,49.875000000000014,54.33333333333336,95.04166666666669,78.76190476190477,33.25138888888889,24.651785714285715,55.17083333333333,46.03630952380952
2023-06-14,65.29166666666667,19.70833333333333,46.71666666666667,8.833333333333334,14.1875,177.66666666666666,63.75,31.004166666666663,64.58333333333333,0.0208333333333333,71.125,63.66666666666666,79.375,14,2,6,2023,165,119.29166666666669,150.66666666666666,65.04166666666667,69.25,-54.000000000000014,0.25,-3.9583333333333286,111.66666666666669,86.52380952380953,32.45555555555556,24.129166666666663,53.79722222222222,45.458928571428565
2023-06-15,71.125,17.620833333333334,38.275,8.416666666666666,11.9875,171.5,55.458333333333336,30.39583333333333,67.625,0.0125,63.66666666666666,79.375,83.54166666666667,15,3,6,2023,166,65.29166666666667,119.29166666666669,150.66666666666666,67.79166666666667,5.833333333333329,-79.54166666666666,3.3333333333333286,111.75,85.95833333333334,31.7375,24.061904761904763,57.66388888888889,46.06369047619047
2023-06-16,63.66666666666666,21.166666666666668,40.48333333333333,14.558333333333332,13.483333333333334,296.875,66.29166666666667,31.15833333333333,70.70833333333333,0.0541666666666666,79.375,83.54166666666667,85.625,16,4,6,2023,167,71.125,65.29166666666667,119.29166666666669,64.20833333333333,-7.458333333333343,-55.62500000000003,-0.5416666666666714,85.23611111111113,86.43452380952382,17.212499999999995,24.28690476190476,39.39861111111111,46.54464285714285
2023-06-17,79.375,24.991666666666664,63.02916666666667,10.3,11.65,254.5833333333333,61.04166666666666,30.566666666666663,80.5,0.0,83.54166666666667,85.625,79.95833333333333,17,5,6,2023,168,63.66666666666666,71.125,65.29166666666667,69.41666666666667,15.708333333333345,14.083333333333329,9.958333333333329,66.69444444444444,86.35714285714286,19.498611111111117,24.65119047619047,41.825,46.31309523809524
2023-06-18,83.54166666666667,27.979166666666668,71.50833333333334,8.025,8.604166666666666,220.0833333333333,59.875,30.291666666666668,74.125,0.0,85.625,79.95833333333333,78.41666666666667,18,6,6,2023,169,79.375,63.66666666666666,71.125,65.04166666666667,4.166666666666671,12.416666666666671,18.5,71.38888888888889,87.77976190476191,21.259722222222223,25.83630952380952,47.2625,49.98511904761905
2023-06-19,85.625,26.42083333333333,71.18333333333334,7.125,8.137500000000001,206.91666666666663,62.41666666666666,30.066666666666663,74.54166666666667,0.0,79.95833333333333,78.41666666666667,74.33333333333333,19,0,6,2023,170,83.54166666666667,79.375,63.66666666666666,150.66666666666666,2.0833333333333286,21.958333333333343,-65.04166666666666,75.52777777777777,90.42261904761904,24.7125,26.71011904761905,58.34027777777777,55.183928571428574
2023-06-20,79.95833333333333,24.229166666666668,67.47916666666667,7.1000000000000005,8.208333333333334,205.375,66.25,30.616666666666664,69.29166666666667,0.0,78.41666666666667,74.33333333333333,72.625,20,1,6,2023,171,85.625,83.54166666666667,79.375,119.29166666666669,-5.666666666666671,0.5833333333333286,-39.33333333333336,82.84722222222223,81.1309523809524,26.46388888888889,21.742261904761904,68.57361111111112,52.05714285714286
2023-06-21,78.41666666666667,23.316666666666663,65.55416666666666,8.420833333333333,9.5,224.8333333333333,61.208333333333336,30.58333333333333,73.5,0.0416666666666666,74.33333333333333,72.625,72.75,21,2,6,2023,172,79.95833333333333,85.625,83.54166666666667,65.29166666666667,-1.5416666666666572,-5.125,13.125,83.04166666666667,75.51190476190477,26.209722222222226,23.159523809523808,70.05694444444445,56.95357142857143
2023-06-22,74.33333333333333,20.675,54.5,8.5375,9.975,224.125,57.625,30.204166666666666,76.875,0.0916666666666666,72.625,72.75,70.66666666666667,22,3,6,2023,173,78.41666666666667,79.95833333333333,85.625,71.125,-4.083333333333343,-11.291666666666671,3.2083333333333286,81.33333333333333,77.38690476190474,24.655555555555555,23.675,68.07222222222224,59.64464285714286
2023-06-23,72.625,21.2125,56.81666666666666,7.983333333333333,9.466666666666669,210.7083333333333,55.79166666666666,30.129166666666663,76.16666666666667,0.0166666666666666,72.75,70.66666666666667,72.58333333333333,23,4,6,2023,174,74.33333333333333,78.41666666666667,79.95833333333333,63.66666666666666,-1.7083333333333286,-7.333333333333329,8.958333333333343,77.56944444444444,77.84523809523809,22.740277777777777,24.111309523809528,62.51111111111111,61.9625
2023-06-24,72.75,20.891666666666666,51.25416666666666,8.558333333333334,10.108333333333333,221.25,53.375,30.1125,77.95833333333333,0.0416666666666666,70.66666666666667,72.58333333333333,75.58333333333333,24,5,6,2023,175,72.625,74.33333333333333,78.41666666666667,79.375,0.125,-5.666666666666671,-6.625,75.125,79.125,21.734722222222217,24.117857142857144,58.956944444444446,64.29583333333333
2023-06-25,70.66666666666667,19.9375,47.65833333333333,9.5,11.633333333333333,252.29166666666663,58.54166666666666,30.33333333333333,78.58333333333333,0.0208333333333333,72.58333333333333,75.58333333333333,77.54166666666667,25,6,6,2023,176,72.75,72.625,74.33333333333333,83.54166666666667,-2.0833333333333286,-3.666666666666657,-12.875,73.2361111111111,78.17857142857143,20.92638888888889,23.53214285714285,54.19027777777777,62.61369047619048
2023-06-26,72.58333333333333,21.7125,50.48333333333333,9.433333333333334,13.425,267.7916666666667,63.04166666666666,30.4875,77.125,0.0333333333333333,75.58333333333333,77.54166666666667,67.58333333333333,26,0,6,2023,177,70.66666666666667,72.75,72.625,85.625,1.9166666666666567,-0.0416666666666714,-13.041666666666671,72.0138888888889,76.33928571428571,20.680555555555557,22.383333333333333,51.90972222222222,59.20654761904762
2023-06-27,75.58333333333333,24.120833333333334,63.80833333333334,8.891666666666667,11.779166666666669,246.25,64.125,30.6375,76.125,0.0333333333333333,77.54166666666667,67.58333333333333,61.91666666666666,27,1,6,2023,178,72.58333333333333,70.66666666666667,72.75,79.95833333333333,3.0,2.8333333333333286,-4.375,72.0,74.47619047619048,20.84722222222222,21.710714285714285,49.79861111111111,56.24940476190476
2023-06-28,77.54166666666667,21.1375,58.1125,6.666666666666667,4.366666666666666,159.91666666666666,54.875,30.84583333333333,75.5,0.0,67.58333333333333,61.91666666666666,73.375,28,2,6,2023,179,75.58333333333333,72.58333333333333,70.66666666666667,78.41666666666667,1.9583333333333428,6.875,-0.875,72.94444444444444,73.85119047619048,21.92361111111111,21.695238095238093,53.98333333333333,55.725
2023-06-29,67.58333333333333,15.095833333333331,38.891666666666666,6.191666666666666,3.7875,148.625,51.66666666666666,31.09166666666667,73.33333333333333,0.0125,61.91666666666666,73.375,81.66666666666667,29,3,6,2023,180,77.54166666666667,75.58333333333333,72.58333333333333,74.33333333333333,-9.958333333333345,-5.0,-6.75,75.2361111111111,73.72619047619047,22.32361111111111,21.383928571428573,57.46805555555554,54.66190476190476
2023-06-30,61.91666666666666,17.712500000000002,45.69166666666666,5.841666666666666,3.5,147.83333333333334,49.958333333333336,30.808333333333334,73.29166666666667,0.0416666666666666,73.375,81.66666666666667,79.91666666666667,30,4,6,2023,181,67.58333333333333,77.54166666666667,75.58333333333333,72.625,-5.666666666666671,-13.666666666666671,-10.708333333333345,73.56944444444444,72.76190476190476,20.118055555555557,20.58690476190476,53.60416666666666,52.43214285714286
2023-07-01,73.375,24.804166666666664,72.8125,6.491666666666667,4.016666666666667,150.875,50.5,30.854166666666668,74.41666666666667,0.0458333333333333,81.66666666666667,79.91666666666667,82.41666666666667,1,5,7,2023,182,61.91666666666666,67.58333333333333,77.54166666666667,72.75,11.458333333333345,-4.166666666666671,0.625,69.01388888888889,71.23214285714286,17.981944444444448,20.08690476190476,47.56527777777777,50.84285714285714
2023-07-02,81.66666666666667,25.6,94.50416666666666,7.875,5.291666666666667,165.25,58.458333333333336,30.77083333333333,75.83333333333333,0.0166666666666666,79.91666666666667,82.41666666666667,83.41666666666667,2,6,7,2023,183,73.375,61.91666666666666,67.58333333333333,70.66666666666667,8.291666666666671,14.083333333333345,11.0,67.625,71.32142857142857,19.204166666666666,20.645833333333336,52.46527777777777,53.92261904761904
2023-07-03,79.91666666666667,25.02083333333333,114.375,8.145833333333334,5.541666666666667,156.0,55.875,30.725,77.58333333333333,0.0166666666666666,82.41666666666667,83.41666666666667,88.625,3,0,7,2023,184,81.66666666666667,73.375,61.91666666666666,72.58333333333333,-1.75,18.000000000000014,7.333333333333343,72.31944444444444,72.89285714285714,22.70555555555556,21.454761904761902,71.00277777777778,60.61488095238094
2023-07-04,82.41666666666667,25.89583333333333,107.65416666666664,6.6375,4.908333333333333,156.25,57.208333333333336,30.6125,73.75,0.0041666666666666,83.41666666666667,88.625,96.58333333333331,4,1,7,2023,185,79.91666666666667,81.66666666666667,73.375,75.58333333333333,2.5,9.041666666666671,6.833333333333343,78.31944444444446,73.94047619047619,25.141666666666666,21.927380952380958,93.89722222222224,69.7422619047619
2023-07-05,83.41666666666667,27.39583333333333,101.9125,5.9750000000000005,4.316666666666666,147.70833333333334,64.54166666666667,30.879166666666663,72.0,0.025,88.625,96.58333333333331,103.125,5,2,7,2023,186,82.41666666666667,79.91666666666667,81.66666666666667,77.54166666666667,1.0,1.75,5.875,81.33333333333333,74.91666666666666,25.50555555555555,22.18095238095238,105.5111111111111,76.00595238095238
2023-07-06,88.625,34.541666666666664,142.74166666666667,8.854166666666666,6.308333333333334,181.0,68.91666666666667,30.829166666666666,73.79166666666667,0.0041666666666666,96.58333333333331,103.125,127.25,6,3,7,2023,187,83.41666666666667,82.41666666666667,79.91666666666667,67.58333333333333,5.208333333333329,8.708333333333329,21.04166666666667,81.91666666666667,75.7559523809524,26.10416666666666,23.075,107.98055555555554,82.26309523809523
2023-07-07,96.58333333333331,31.6375,137.5375,10.195833333333333,6.241666666666667,190.8333333333333,62.41666666666666,31.675,73.41666666666667,0.0,103.125,127.25,117.875,7,4,7,2023,188,88.625,83.41666666666667,82.41666666666667,61.91666666666666,7.958333333333314,14.166666666666645,34.66666666666666,84.81944444444444,78.76190476190477,29.27777777777777,25.85297619047619,117.43611111111107,97.09880952380952
2023-07-08,103.125,38.95,201.79166666666663,11.008333333333333,5.716666666666666,193.75,61.91666666666666,31.325,73.41666666666667,0.1666666666666666,127.25,117.875,88.04166666666667,8,5,7,2023,189,96.58333333333331,88.625,83.41666666666667,73.375,6.541666666666686,19.70833333333333,29.75,89.54166666666667,83.71428571428571,31.191666666666663,27.842261904761894,127.39722222222224,110.21964285714286
2023-07-09,127.25,36.579166666666666,209.97916666666663,9.320833333333333,5.5,175.875,63.333333333333336,31.004166666666663,74.25,0.0041666666666666,117.875,88.04166666666667,88.08333333333333,9,6,7,2023,190,103.125,96.58333333333331,88.625,81.66666666666667,24.125,38.625,45.58333333333333,96.1111111111111,87.96428571428571,35.043055555555554,29.863095238095237,160.69027777777777,128.64523809523808
2023-07-10,117.875,29.266666666666666,142.59583333333333,6.704166666666667,4.4750000000000005,144.125,58.208333333333336,30.9875,67.25,0.0,88.04166666666667,88.08333333333333,83.875,10,0,7,2023,191,127.25,103.125,96.58333333333331,79.91666666666667,-9.375,21.29166666666669,37.95833333333333,108.9861111111111,94.47619047619048,35.72222222222222,31.431547619047617,183.10277777777776,145.14166666666665
2023-07-11,88.04166666666667,29.65416666666667,113.32916666666668,6.391666666666667,4.1875,148.625,58.875,31.3,64.375,0.0,88.08333333333333,83.875,84.54166666666667,11,1,7,2023,192,117.875,127.25,103.125,82.41666666666667,-29.83333333333333,-15.083333333333329,5.625,116.08333333333331,99.89880952380952,34.93194444444445,32.03809523809524,184.7888888888889,149.17321428571427
2023-07-12,88.08333333333333,28.075,116.82916666666668,5.8875,3.866666666666666,140.04166666666666,56.625,31.10833333333333,65.125,0.0,83.875,84.54166666666667,85.45833333333333,12,2,7,2023,193,88.04166666666667,117.875,127.25,83.41666666666667,0.0416666666666571,-39.16666666666667,4.666666666666657,111.05555555555556,100.70238095238096,31.83333333333333,32.575,155.30138888888885,149.98392857142858
2023-07-13,83.875,25.870833333333334,121.05833333333334,5.7875000000000005,3.85,134.25,57.25,31.03333333333333,67.25,0.0041666666666666,84.54166666666667,85.45833333333333,92.54166666666669,13,3,7,2023,194,88.08333333333333,88.04166666666667,117.875,88.625,-4.208333333333329,-34.0,-4.75,98.0,101.3690476190476,28.998611111111117,32.6720238095238,124.25138888888893,152.11488095238093
2023-07-14,84.54166666666667,28.77083333333333,109.4125,5.591666666666666,3.9125,131.08333333333334,54.75,30.866666666666664,67.20833333333333,0.0083333333333333,85.45833333333333,92.54166666666669,94.25,14,4,7,2023,195,83.875,88.08333333333333,88.04166666666667,96.58333333333331,0.6666666666666714,-3.5,-12.041666666666645,86.66666666666667,100.6904761904762,27.86666666666667,31.433333333333334,117.07222222222224,149.01726190476188
2023-07-15,85.45833333333333,27.7625,89.37916666666666,5.6125,3.6375,127.29166666666669,51.458333333333336,30.504166666666663,68.54166666666667,0.0,92.54166666666669,94.25,84.70833333333333,15,5,7,2023,196,84.54166666666667,83.875,88.08333333333333,103.125,0.9166666666666572,-2.625,-17.66666666666667,85.5,98.97023809523807,27.572222222222223,31.02380952380952,115.76666666666668,144.99940476190474
2023-07-16,92.54166666666669,34.525,108.42916666666667,6.075,3.720833333333333,141.0,54.208333333333336,30.4375,68.41666666666667,0.0,94.25,84.70833333333333,75.0,16,6,7,2023,197,85.45833333333333,84.54166666666667,83.875,127.25,7.083333333333357,8.666666666666686,-34.708333333333314,84.625,96.44642857142856,27.468055555555555,29.425595238095237,106.61666666666667,128.94047619047618
2023-07-17,94.25,29.433333333333334,97.9875,6.833333333333333,4.3875,152.0,56.0,30.7875,70.83333333333333,0.0083333333333333,84.70833333333333,75.0,80.83333333333333,17,0,7,2023,198,92.54166666666669,85.45833333333333,84.54166666666667,117.875,1.7083333333333144,9.708333333333329,-23.625,87.5138888888889,91.48809523809526,30.352777777777774,29.132142857142856,102.40694444444443,114.43333333333337
2023-07-18,84.70833333333333,24.34166666666667,79.39166666666667,6.775,4.4125000000000005,149.33333333333334,53.958333333333336,30.241666666666664,74.5,0.025,75.0,80.83333333333333,80.41666666666667,18,1,7,2023,199,94.25,92.54166666666669,85.45833333333333,88.04166666666667,-9.541666666666671,-0.75,-3.333333333333343,90.75,88.11309523809526,30.57361111111111,29.15595238095238,98.59861111111113,108.0607142857143
2023-07-19,75.0,22.329166666666666,75.69166666666666,7.270833333333333,4.570833333333334,142.83333333333334,54.083333333333336,30.116666666666664,74.125,0.0041666666666666,80.83333333333333,80.41666666666667,72.875,19,2,7,2023,200,84.70833333333333,94.25,92.54166666666669,88.08333333333333,-9.708333333333329,-17.541666666666686,-13.083333333333329,90.5,87.63690476190477,29.433333333333334,28.39702380952381,95.26944444444445,103.2125
2023-07-20,80.83333333333333,28.179166666666664,110.34583333333336,10.595833333333331,6.9,182.5,55.41666666666666,30.52083333333333,72.20833333333333,0.0,80.41666666666667,72.875,73.54166666666667,20,3,7,2023,201,75.0,84.70833333333333,94.25,83.875,5.833333333333329,-13.416666666666671,-3.0416666666666714,84.65277777777777,85.76785714285714,25.36805555555556,27.57619047619048,84.35694444444444,97.33571428571427
2023-07-21,80.41666666666667,21.0,77.78750000000001,9.55,6.145833333333333,178.20833333333334,52.16666666666666,30.39583333333333,75.91666666666667,0.1958333333333333,72.875,73.54166666666667,66.04166666666667,21,4,7,2023,202,80.83333333333333,75.0,84.70833333333333,84.54166666666667,-0.4166666666666572,-4.291666666666657,-4.125,80.18055555555554,85.33333333333334,24.95,27.905952380952385,88.47638888888889,95.80535714285716
2023-07-22,72.875,22.870833333333334,85.2,10.070833333333333,6.0875,187.0,59.375,30.525,77.08333333333333,0.0083333333333333,73.54166666666667,66.04166666666667,66.54166666666667,22,5,7,2023,203,80.41666666666667,80.83333333333333,75.0,85.45833333333333,-7.541666666666671,-2.125,-12.583333333333329,78.75,84.7440476190476,23.83611111111111,26.79583333333333,87.94166666666668,91.2875
2023-07-23,73.54166666666667,18.95,41.1125,14.604166666666666,9.054166666666667,279.4166666666667,75.91666666666667,30.15416666666667,81.625,1.1458333333333333,66.04166666666667,66.54166666666667,78.83333333333333,23,6,7,2023,204,72.875,80.41666666666667,80.83333333333333,92.54166666666669,0.6666666666666714,-7.291666666666657,-19.00000000000001,78.04166666666667,82.94642857142857,24.016666666666666,26.09702380952381,91.11111111111111,90.6904761904762
2023-07-24,66.04166666666667,15.116666666666667,24.0,15.891666666666666,10.125,309.5,81.54166666666667,28.1125,88.75,0.6833333333333332,66.54166666666667,78.83333333333333,75.08333333333333,24,0,7,2023,205,73.54166666666667,72.875,80.41666666666667,94.25,-7.5,-14.375,-28.20833333333333,75.61111111111113,80.23214285714286,20.94027777777778,23.872023809523807,68.03333333333335,81.07380952380952
2023-07-25,66.54166666666667,24.066666666666663,57.37083333333334,21.4125,9.0875,287.3333333333333,51.875,28.5,85.375,0.2916666666666667,78.83333333333333,75.08333333333333,69.66666666666667,25,1,7,2023,206,66.04166666666667,73.54166666666667,72.875,84.70833333333333,0.5,-6.333333333333329,-18.166666666666657,70.81944444444446,76.20238095238095,18.979166666666668,21.826785714285712,50.10416666666666,70.50416666666668
2023-07-26,78.83333333333333,22.508333333333336,49.2125,17.425,9.5875,261.4166666666667,61.958333333333336,28.816666666666663,83.41666666666667,0.025,75.08333333333333,69.66666666666667,69.0,26,2,7,2023,207,66.54166666666667,66.04166666666667,73.54166666666667,75.0,12.291666666666655,5.291666666666657,3.8333333333333286,68.70833333333333,73.60714285714286,19.377777777777776,21.7875,40.827777777777776,67.35833333333333
2023-07-27,75.08333333333333,20.125,53.0875,10.5875,4.5625,184.5,51.75,28.84583333333333,83.16666666666667,0.0375,69.66666666666667,69.0,75.33333333333333,27,3,7,2023,208,78.83333333333333,66.54166666666667,66.04166666666667,80.83333333333333,-3.75,9.041666666666655,-5.75,70.47222222222223,74.15476190476191,20.563888888888886,21.81309523809524,43.52777777777778,63.57559523809524
2023-07-28,69.66666666666667,19.704166666666666,55.93333333333334,8.15,3.7916666666666665,163.83333333333334,46.5,28.745833333333334,81.66666666666667,0.0083333333333333,69.0,75.33333333333333,74.41666666666667,28,4,7,2023,209,75.08333333333333,78.83333333333333,66.54166666666667,80.41666666666667,-5.416666666666657,3.125,-10.75,73.4861111111111,73.33333333333334,22.23333333333333,20.6625,53.22361111111112,55.39583333333333
2023-07-29,69.0,20.40833333333333,75.26666666666667,8.633333333333333,3.7125,148.95833333333334,42.333333333333336,28.683333333333334,80.875,0.0375,75.33333333333333,74.41666666666667,73.70833333333333,29,5,7,2023,210,69.66666666666667,75.08333333333333,78.83333333333333,72.875,-0.6666666666666714,-9.833333333333329,-3.875,74.52777777777777,71.79761904761905,20.77916666666667,20.47738095238095,52.74444444444445,52.27380952380952
2023-07-30,75.33333333333333,23.104166666666668,85.98333333333333,9.8,4.0625,163.79166666666666,41.5,28.766666666666666,82.70833333333333,0.0333333333333333,74.41666666666667,73.70833333333333,72.29166666666667,30,6,7,2023,211,69.0,69.66666666666667,75.08333333333333,73.54166666666667,6.333333333333329,0.25,1.7916666666666572,71.25,71.24404761904762,20.079166666666666,20.12559523809524,61.429166666666674,50.85476190476191
2023-07-31,74.41666666666667,21.4,77.63333333333334,9.4875,4.154166666666667,163.875,39.708333333333336,28.691666666666663,84.54166666666667,0.0541666666666666,73.70833333333333,72.29166666666667,74.33333333333333,31,0,7,2023,212,75.33333333333333,69.0,69.66666666666667,66.04166666666667,-0.9166666666666572,4.75,8.375,71.33333333333333,71.5,21.072222222222223,20.71904761904762,72.39444444444445,57.26488095238096
2023-08-01,73.70833333333333,20.725,72.02499999999999,8.770833333333334,3.9875,160.83333333333334,42.708333333333336,28.620833333333334,84.83333333333333,0.0458333333333333,72.29166666666667,74.33333333333333,82.875,1,1,8,2023,213,74.41666666666667,75.33333333333333,69.0,66.54166666666667,-0.7083333333333428,4.708333333333329,7.166666666666657,72.91666666666667,72.69642857142857,21.6375,21.616666666666667,79.62777777777778,64.92678571428571
2023-08-02,72.29166666666667,21.20833333333333,68.73333333333333,7.5375,3.716666666666667,157.08333333333334,48.79166666666666,28.58333333333333,83.16666666666667,0.0583333333333333,74.33333333333333,82.875,79.45833333333333,2,2,8,2023,214,73.70833333333333,74.41666666666667,75.33333333333333,78.83333333333333,-1.4166666666666572,-3.041666666666657,-6.541666666666657,74.4861111111111,73.72023809523809,21.743055555555557,21.139285714285712,78.54722222222222,67.0202380952381
2023-08-03,74.33333333333333,23.95,91.36666666666667,7.529166666666666,4.0625,156.79166666666666,51.208333333333336,28.48333333333333,82.16666666666667,0.0333333333333333,82.875,79.45833333333333,78.83333333333333,3,3,8,2023,215,72.29166666666667,73.70833333333333,74.41666666666667,75.08333333333333,2.041666666666657,-0.0833333333333428,-0.75,73.47222222222223,72.78571428571429,21.11111111111111,20.95357142857143,72.79722222222222,69.80892857142858
2023-08-04,82.875,26.754166666666663,109.07083333333333,8.529166666666667,4.495833333333334,159.625,50.958333333333336,28.441666666666663,83.45833333333333,0.0375,79.45833333333333,78.83333333333333,78.875,4,4,8,2023,216,74.33333333333333,72.29166666666667,73.70833333333333,69.66666666666667,8.541666666666671,9.166666666666671,13.208333333333329,73.44444444444444,72.67857142857143,21.96111111111111,21.5,77.375,75.27738095238094
2023-08-05,79.45833333333333,23.229166666666668,108.2625,7.195833333333333,4.241666666666666,151.20833333333334,55.083333333333336,28.329166666666666,81.75,0.0375,78.83333333333333,78.875,78.79166666666667,5,5,8,2023,217,82.875,74.33333333333333,72.29166666666667,69.0,-3.4166666666666714,7.166666666666657,10.458333333333329,76.5,74.56547619047618,23.97083333333333,22.507142857142856,89.72361111111111,82.86845238095238
2023-08-06,78.83333333333333,23.48333333333333,100.2875,5.845833333333334,3.3708333333333336,142.0,50.04166666666666,28.23333333333333,80.375,0.0291666666666666,78.875,78.79166666666667,73.41666666666667,6,6,8,2023,218,79.45833333333333,82.875,74.33333333333333,75.33333333333333,-0.625,4.5,3.5,78.88888888888887,76.05952380952381,24.64444444444445,22.910119047619045,102.9,87.58214285714287
2023-08-07,78.875,26.541666666666668,101.7625,5.804166666666667,3.0708333333333333,145.5,48.79166666666666,28.041666666666668,80.20833333333333,0.0708333333333333,78.79166666666667,73.41666666666667,68.79166666666667,7,0,8,2023,219,78.83333333333333,79.45833333333333,82.875,74.41666666666667,0.0416666666666714,-4.0,4.458333333333329,80.38888888888887,76.55952380952381,24.48888888888889,22.96428571428571,105.87361111111107,89.62559523809524
2023-08-08,78.79166666666667,21.92083333333333,66.89166666666667,6.270833333333333,3.3666666666666667,139.16666666666666,48.125,27.995833333333334,81.66666666666667,0.0916666666666666,73.41666666666667,68.79166666666667,69.91666666666667,8,1,8,2023,220,78.875,78.83333333333333,79.45833333333333,73.70833333333333,-0.0833333333333286,-0.6666666666666572,5.083333333333343,79.05555555555556,77.19642857142857,24.418055555555554,23.698809523809523,103.4375,93.07261904761904
2023-08-09,73.41666666666667,20.058333333333334,58.833333333333336,6.504166666666666,3.5666666666666664,145.45833333333334,46.583333333333336,27.97083333333333,81.625,0.0333333333333333,68.79166666666667,69.91666666666667,68.83333333333333,9,2,8,2023,221,78.79166666666667,78.875,78.83333333333333,72.29166666666667,-5.375,-5.416666666666657,1.125,78.83333333333333,77.92261904761904,23.98194444444444,23.869642857142853,89.64722222222223,92.33928571428572
2023-08-10,68.79166666666667,18.725,54.11666666666667,7.166666666666667,3.670833333333333,146.33333333333334,46.083333333333336,27.829166666666666,82.45833333333333,0.0666666666666666,69.91666666666667,68.83333333333333,68.33333333333333,10,3,8,2023,222,73.41666666666667,78.79166666666667,78.875,74.33333333333333,-4.625,-10.083333333333329,-5.541666666666657,77.02777777777779,78.08333333333333,22.84027777777777,23.705357142857142,75.82916666666667,90.925
2023-08-11,69.91666666666667,19.4625,55.42083333333333,7.208333333333333,3.6916666666666655,138.875,45.708333333333336,27.72083333333333,82.29166666666667,0.0541666666666666,68.83333333333333,68.33333333333333,67.125,11,4,8,2023,223,68.79166666666667,73.41666666666667,78.79166666666667,82.875,1.125,-8.875,-12.958333333333329,73.66666666666667,77.29166666666666,20.23472222222222,22.95892857142857,59.94722222222222,85.60357142857141
2023-08-12,68.83333333333333,18.53333333333333,50.42083333333333,6.2250000000000005,3.3166666666666664,136.20833333333334,44.833333333333336,27.59583333333333,81.45833333333333,0.0333333333333333,68.33333333333333,67.125,65.79166666666667,12,5,8,2023,224,69.91666666666667,68.79166666666667,73.41666666666667,79.45833333333333,-1.0833333333333428,-4.583333333333343,-10.625,70.70833333333333,75.44047619047619,19.415277777777774,21.917261904761908,56.12361111111111,77.9392857142857
2023-08-13,68.33333333333333,18.9375,56.2375,6.191666666666666,3.275,135.375,46.583333333333336,27.625,80.79166666666667,0.025,67.125,65.79166666666667,60.833333333333336,13,6,8,2023,225,68.83333333333333,69.91666666666667,68.79166666666667,78.83333333333333,-0.5,-0.4583333333333428,-10.5,69.18055555555556,73.92261904761905,18.906944444444445,21.24642857142857,53.31944444444444,69.67619047619048
2023-08-14,67.125,17.6375,54.30416666666667,7.2875,3.8875,136.70833333333334,49.04166666666666,27.758333333333336,83.83333333333333,0.0,65.79166666666667,60.833333333333336,59.04166666666666,14,0,8,2023,226,68.33333333333333,68.83333333333333,69.91666666666667,78.875,-1.2083333333333286,-2.7916666666666714,-11.75,69.02777777777777,72.42261904761905,18.977777777777774,20.59702380952381,54.02638888888888,63.38333333333334
2023-08-15,65.79166666666667,16.229166666666668,58.35833333333333,8.125,4.758333333333334,136.375,46.29166666666666,27.579166666666666,84.58333333333333,0.0208333333333333,60.833333333333336,59.04166666666666,61.04166666666666,15,1,8,2023,227,67.125,68.33333333333333,68.83333333333333,78.79166666666667,-1.3333333333333286,-3.041666666666657,-13.0,68.09722222222221,70.74404761904762,18.369444444444444,19.325,53.65416666666667,56.60357142857144
2023-08-16,60.833333333333336,13.9,49.74583333333334,7.295833333333333,4.358333333333333,151.875,44.833333333333336,27.52083333333333,81.04166666666667,0.0,59.04166666666666,61.04166666666666,62.625,16,2,8,2023,228,65.79166666666667,67.125,68.33333333333333,73.41666666666667,-4.958333333333336,-7.499999999999993,-12.583333333333336,67.08333333333333,68.88690476190476,17.60138888888889,18.511904761904763,56.29999999999999,55.384523809523806
2023-08-17,59.04166666666666,13.7625,34.02916666666667,5.879166666666666,3.2125,140.58333333333334,39.79166666666666,27.29583333333333,76.70833333333333,0.0083333333333333,61.04166666666666,62.625,62.833333333333336,17,3,8,2023,229,60.833333333333336,65.79166666666667,67.125,68.79166666666667,-1.7916666666666785,-8.083333333333343,-9.750000000000014,64.58333333333334,67.08928571428571,15.922222222222222,17.63214285714286,54.13611111111111,54.086309523809526
2023-08-18,61.04166666666666,16.258333333333333,43.9125,5.75,3.108333333333333,138.54166666666666,42.75,27.370833333333334,76.04166666666667,0.0,62.625,62.833333333333336,61.0,18,4,8,2023,230,59.04166666666666,60.833333333333336,65.79166666666667,69.91666666666667,2.0,-4.750000000000014,-8.875000000000014,61.888888888888886,65.69642857142857,14.630555555555556,16.923214285714288,47.37777777777777,51.21666666666666
2023-08-19,62.625,15.691666666666668,59.07916666666667,6.354166666666667,3.5125,132.25,49.208333333333336,27.1875,78.83333333333333,0.0041666666666666,62.833333333333336,61.0,60.0,19,5,8,2023,231,61.04166666666666,59.04166666666666,60.833333333333336,68.83333333333333,1.5833333333333428,1.7916666666666643,-6.208333333333329,60.30555555555555,64.42857142857142,14.640277777777778,16.465476190476192,42.5625,49.57261904761905
2023-08-20,62.833333333333336,15.329166666666666,63.86666666666667,7.316666666666666,4.0,125.91666666666669,47.0,27.316666666666663,78.95833333333333,0.0,61.0,60.0,61.958333333333336,20,6,8,2023,232,62.625,61.04166666666666,59.04166666666666,68.33333333333333,0.2083333333333357,3.7916666666666794,-5.499999999999993,60.90277777777777,63.54166666666666,15.2375,16.059523809523814,45.67361111111112,50.8095238095238
2023-08-21,61.0,14.479166666666666,53.2375,6.466666666666666,3.6833333333333336,127.79166666666669,44.708333333333336,27.42083333333333,79.66666666666667,0.0,60.0,61.958333333333336,63.083333333333336,21,0,8,2023,233,62.833333333333336,62.625,61.04166666666666,67.125,-1.833333333333336,-0.0416666666666571,-6.125,62.16666666666666,62.75595238095239,15.759722222222225,15.544047619047618,55.61944444444445,51.89940476190476
2023-08-22,60.0,14.620833333333332,40.80833333333333,6.366666666666667,3.5083333333333333,128.08333333333334,41.708333333333336,27.191666666666663,80.5,0.025,61.958333333333336,63.083333333333336,67.04166666666667,22,1,8,2023,234,61.0,62.833333333333336,62.625,65.79166666666667,-1.0,-2.625,-5.791666666666671,62.15277777777778,61.88095238095237,15.166666666666666,15.092857142857143,58.72777777777778,51.74702380952381
2023-08-23,61.958333333333336,15.866666666666667,40.0,7.016666666666667,3.3000000000000003,142.08333333333334,38.5,26.883333333333336,81.45833333333333,0.0791666666666666,63.083333333333336,67.04166666666667,64.75,23,2,8,2023,235,60.0,61.0,62.833333333333336,60.833333333333336,1.958333333333336,-0.875,1.125,61.27777777777778,61.05357142857143,14.80972222222222,14.86309523809524,52.6375,49.23988095238095
2023-08-24,63.083333333333336,16.654166666666665,42.4625,7.633333333333333,3.525,145.5,39.958333333333336,26.875,84.54166666666667,0.0833333333333333,67.04166666666667,64.75,63.54166666666666,24,3,8,2023,236,61.958333333333336,60.0,61.0,59.04166666666666,1.125,2.083333333333336,4.041666666666679,60.98611111111112,61.21428571428571,14.988888888888887,15.144047619047615,44.68194444444444,47.84761904761905
2023-08-25,67.04166666666667,17.983333333333334,48.26666666666667,8.358333333333333,3.954166666666667,133.29166666666666,43.29166666666666,26.816666666666663,84.08333333333333,0.0875,64.75,63.54166666666666,64.5,25,4,8,2023,237,63.083333333333336,61.958333333333336,60.0,61.04166666666666,3.958333333333336,7.041666666666671,6.000000000000014,61.68055555555557,61.79166666666666,15.713888888888889,15.55714285714286,41.09027777777778,49.05238095238095
2023-08-26,64.75,16.383333333333333,46.2625,7.816666666666666,4.041666666666667,127.54166666666669,40.875,26.741666666666664,85.29166666666667,0.0999999999999999,63.54166666666666,64.5,68.04166666666667,26,5,8,2023,238,67.04166666666667,63.083333333333336,61.958333333333336,62.625,-2.2916666666666714,2.7916666666666643,2.125,64.02777777777779,62.648809523809526,16.834722222222222,15.803571428571429,43.57638888888889,49.67440476190476
2023-08-27,63.54166666666666,15.591666666666669,39.97916666666666,7.929166666666667,4.0375000000000005,133.83333333333334,39.833333333333336,26.975,82.79166666666667,0.0416666666666666,64.5,68.04166666666667,63.29166666666666,27,6,8,2023,239,64.75,67.04166666666667,63.083333333333336,62.833333333333336,-1.2083333333333428,0.4583333333333215,0.7083333333333215,64.95833333333333,62.95238095238096,17.006944444444446,15.902380952380952,45.66388888888889,47.84345238095238
2023-08-28,64.5,18.820833333333333,51.01666666666667,6.925,3.545833333333333,138.66666666666666,44.79166666666666,26.879166666666663,82.875,0.0458333333333333,68.04166666666667,63.29166666666666,62.583333333333336,28,0,8,2023,240,63.54166666666666,64.75,67.04166666666667,61.0,0.9583333333333428,-2.5416666666666714,3.5,65.11111111111111,63.05357142857143,16.65277777777778,15.939880952380957,44.83611111111111,44.43095238095238
2023-08-29,68.04166666666667,16.445833333333333,42.47083333333333,7.954166666666667,4.083333333333333,148.375,43.208333333333336,26.945833333333336,83.66666666666667,0.0291666666666666,63.29166666666666,62.583333333333336,66.58333333333333,29,1,8,2023,241,64.5,63.54166666666666,64.75,60.0,3.5416666666666714,3.2916666666666714,8.041666666666671,64.26388888888889,63.55357142857143,16.931944444444444,16.560119047619047,45.75277777777777,44.11369047619048
2023-08-30,63.29166666666666,15.725,54.520833333333336,8.695833333333333,4.8875,148.70833333333334,46.91666666666666,27.004166666666663,82.41666666666667,0.0208333333333333,62.583333333333336,66.58333333333333,67.125,30,2,8,2023,242,68.04166666666667,64.5,63.54166666666666,61.958333333333336,-4.750000000000014,-0.25,1.3333333333333215,65.3611111111111,64.70238095238095,16.95277777777778,16.82083333333333,44.48888888888889,44.35119047619048
2023-08-31,62.583333333333336,16.925,72.08333333333333,8.9,5.170833333333333,140.45833333333334,45.625,27.0125,81.29166666666667,0.0083333333333333,66.58333333333333,67.125,68.79166666666667,31,3,8,2023,243,63.29166666666666,68.04166666666667,64.5,63.083333333333336,-0.7083333333333215,-1.9166666666666643,-0.5,65.27777777777779,64.89285714285714,16.997222222222224,16.800595238095237,49.33611111111112,46.42559523809524
2023-09-01,66.58333333333333,17.979166666666668,78.8875,11.120833333333332,5.879166666666666,163.33333333333334,45.91666666666666,26.7375,80.75,0.0,67.125,68.79166666666667,71.45833333333333,1,4,9,2023,244,62.583333333333336,63.29166666666666,68.04166666666667,67.04166666666667,3.999999999999993,-1.4583333333333428,-0.4583333333333428,64.63888888888889,64.82142857142858,16.365277777777777,16.83928571428571,56.35833333333333,50.65714285714285
2023-09-02,67.125,18.425,77.6125,8.770833333333334,4.95,149.95833333333334,49.458333333333336,27.21666666666667,75.875,0.0,68.79166666666667,71.45833333333333,73.125,2,5,9,2023,245,66.58333333333333,62.583333333333336,63.29166666666666,64.75,0.5416666666666714,3.833333333333343,2.375,64.15277777777777,64.75595238095238,16.876388888888886,16.838690476190475,68.49722222222222,55.031547619047615
2023-09-03,68.79166666666667,19.4125,61.895833333333336,7.491666666666667,4.220833333333333,147.70833333333334,46.79166666666666,27.40833333333333,75.95833333333333,0.0375,71.45833333333333,73.125,75.54166666666667,3,6,9,2023,246,67.125,66.58333333333333,62.583333333333336,63.54166666666666,1.6666666666666714,6.208333333333336,5.250000000000014,65.43055555555556,65.09523809523809,17.77638888888889,17.130357142857143,76.19444444444444,59.51011904761905
2023-09-04,71.45833333333333,21.73333333333333,62.98333333333333,7.845833333333334,3.9125,153.08333333333334,45.54166666666666,27.60833333333333,75.70833333333333,0.0041666666666666,73.125,75.54166666666667,73.25,4,0,9,2023,247,68.79166666666667,67.125,66.58333333333333,64.5,2.666666666666657,4.875,6.958333333333329,67.5,65.8452380952381,18.60555555555556,17.676190476190477,72.79861111111111,62.64107142857143
2023-09-05,73.125,20.54583333333333,60.74583333333334,9.441666666666666,4.779166666666667,165.0,46.5,27.666666666666668,78.41666666666667,0.0208333333333333,75.54166666666667,73.25,73.0,5,1,9,2023,248,71.45833333333333,68.79166666666667,67.125,68.04166666666667,1.6666666666666714,6.0,5.083333333333329,69.125,66.83928571428571,19.856944444444448,18.092261904761905,67.49722222222222,64.35059523809524
2023-09-06,75.54166666666667,23.48333333333333,76.97916666666667,11.866666666666667,5.966666666666666,183.875,51.75,27.77916666666667,80.04166666666667,0.0,73.25,73.0,68.58333333333333,6,2,9,2023,249,73.125,71.45833333333333,68.79166666666667,63.29166666666666,2.4166666666666714,6.75,12.250000000000014,71.125,67.56547619047619,20.563888888888886,18.67797619047619,61.875,66.96130952380953
2023-09-07,73.25,20.191666666666663,66.2625,9.383333333333336,4.5875,153.95833333333334,50.5,28.266666666666666,80.33333333333333,0.0,73.0,68.58333333333333,60.458333333333336,7,3,9,2023,250,75.54166666666667,73.125,71.45833333333333,62.583333333333336,-2.2916666666666714,1.7916666666666714,10.666666666666664,73.375,69.31547619047619,21.92083333333333,19.786309523809525,66.90277777777777,70.16964285714286
2023-09-08,73.0,21.320833333333333,64.8625,8.200000000000001,4.083333333333333,157.41666666666666,50.125,28.129166666666663,80.875,0.0,68.58333333333333,60.458333333333336,61.958333333333336,8,4,9,2023,251,73.25,75.54166666666667,73.125,66.58333333333333,-0.25,-0.125,6.416666666666671,73.97222222222223,70.83928571428571,21.406944444444445,20.252976190476183,67.99583333333334,69.33809523809524
2023-09-09,68.58333333333333,16.108333333333334,49.3625,7.725,3.9125,154.91666666666666,46.958333333333336,28.0625,79.29166666666667,0.0,60.458333333333336,61.958333333333336,64.41666666666667,9,5,9,2023,252,73.0,73.25,75.54166666666667,67.125,-4.416666666666671,-6.958333333333343,1.4583333333333286,73.93055555555556,71.75595238095238,21.665277777777774,20.730357142857144,69.36805555555556,67.3345238095238
2023-09-10,60.458333333333336,14.170833333333334,32.77916666666667,7.337499999999999,3.766666666666667,152.16666666666666,48.41666666666666,27.96666666666667,80.25,0.0,61.958333333333336,64.41666666666667,61.875,10,6,9,2023,253,68.58333333333333,73.0,73.25,68.79166666666667,-8.124999999999993,-12.791666666666664,-8.333333333333336,71.6111111111111,71.96428571428571,19.20694444444444,20.39940476190477,60.1625,63.29880952380953
2023-09-11,61.958333333333336,16.070833333333333,37.204166666666666,6.791666666666667,3.6125,130.08333333333334,49.833333333333336,28.0375,77.75,0.0,64.41666666666667,61.875,65.25,11,0,9,2023,254,60.458333333333336,68.58333333333333,73.0,71.45833333333333,1.5,-11.041666666666664,-9.499999999999991,67.34722222222221,70.77380952380952,17.2,19.650595238095235,49.00138888888889,59.13928571428572
2023-09-12,64.41666666666667,16.150000000000002,35.725,6.504166666666666,3.5583333333333336,119.16666666666669,50.75,28.0,75.70833333333333,0.0,61.875,65.25,67.75,12,1,9,2023,255,61.958333333333336,60.458333333333336,68.58333333333333,73.125,2.458333333333336,-4.166666666666657,-8.708333333333329,63.66666666666666,69.41666666666666,15.45,18.841666666666665,39.78194444444444,55.45654761904762
2023-09-13,61.875,16.120833333333334,35.729166666666664,7.333333333333333,3.883333333333333,134.79166666666666,48.75,27.879166666666663,78.25,0.0166666666666666,65.25,67.75,61.875,13,2,9,2023,256,64.41666666666667,61.958333333333336,60.458333333333336,75.54166666666667,-2.5416666666666714,1.4166666666666643,-13.666666666666671,62.27777777777778,68.17261904761905,15.463888888888889,18.213690476190475,35.236111111111114,51.88214285714287
2023-09-14,65.25,17.6375,40.9875,9.05,4.883333333333334,156.625,43.125,27.820833333333336,80.75,0.0041666666666666,67.75,61.875,68.625,14,3,9,2023,257,61.875,64.41666666666667,61.958333333333336,73.25,3.375,3.2916666666666643,-8.0,62.75,66.22023809523809,16.11388888888889,17.16190476190476,36.21944444444444,45.98928571428572
2023-09-15,67.75,17.349999999999998,43.2625,10.666666666666666,5.879166666666666,167.33333333333334,43.66666666666666,27.85833333333333,81.45833333333333,0.0,61.875,68.625,70.58333333333333,15,4,9,2023,258,65.25,61.875,64.41666666666667,73.0,2.5,3.3333333333333286,-5.25,63.84722222222223,65.07738095238095,16.63611111111111,16.79702380952381,37.480555555555554,42.37857142857143
2023-09-16,61.875,16.104166666666668,37.7875,8.408333333333333,4.829166666666667,145.20833333333334,44.25,28.52083333333333,78.875,0.0125,68.625,70.58333333333333,70.33333333333333,16,5,9,2023,259,67.75,65.25,61.875,68.58333333333333,-5.875,0.0,-6.708333333333329,64.95833333333333,64.32738095238095,17.03611111111111,16.229761904761904,39.99305555555556,39.29285714285714
2023-09-17,68.625,20.604166666666668,58.71666666666667,9.4,5.141666666666667,157.95833333333334,48.875,28.97083333333333,78.54166666666667,0.0,70.58333333333333,70.33333333333333,79.33333333333333,17,6,9,2023,260,61.875,67.75,65.25,60.458333333333336,6.75,3.375,8.166666666666664,64.95833333333333,63.36904761904763,17.030555555555555,16.229166666666668,40.67916666666667,37.63928571428572
2023-09-18,70.58333333333333,19.64583333333333,74.40416666666667,11.254166666666668,5.375,184.75,51.29166666666666,29.308333333333334,79.91666666666667,0.0,70.33333333333333,79.33333333333333,77.91666666666667,18,0,9,2023,261,68.625,61.875,67.75,61.958333333333336,1.9583333333333288,2.8333333333333286,8.624999999999993,66.08333333333333,64.53571428571429,18.01944444444445,17.148214285714285,46.588888888888896,41.34464285714285
2023-09-19,70.33333333333333,22.370833333333334,72.52499999999999,15.754166666666668,6.158333333333334,249.0833333333333,55.625,29.816666666666663,77.0,0.0,79.33333333333333,77.91666666666667,77.16666666666667,19,1,9,2023,262,70.58333333333333,68.625,61.875,64.41666666666667,-0.25,8.458333333333329,5.916666666666657,67.02777777777777,65.76785714285714,18.78472222222222,17.65892857142857,56.96944444444444,46.65892857142857
2023-09-20,79.33333333333333,24.0875,65.76666666666667,21.71666666666667,6.508333333333333,309.0416666666667,42.91666666666666,28.9,80.83333333333333,0.5,77.91666666666667,77.16666666666667,76.83333333333333,20,2,9,2023,263,70.33333333333333,70.58333333333333,68.625,61.875,9.0,10.708333333333329,17.45833333333333,69.84722222222221,66.61309523809523,20.873611111111117,18.547619047619047,68.5486111111111,51.91607142857144
2023-09-21,77.91666666666667,19.904166666666665,44.425,20.6,10.154166666666669,330.3333333333333,73.04166666666667,29.508333333333336,79.45833333333333,0.1458333333333333,77.16666666666667,76.83333333333333,92.75,21,3,9,2023,264,79.33333333333333,70.33333333333333,70.58333333333333,65.25,-1.4166666666666572,7.333333333333343,12.666666666666671,73.41666666666667,69.10714285714285,22.034722222222214,19.685714285714287,70.89861111111111,56.207142857142856
2023-09-22,77.16666666666667,24.575,73.58749999999999,21.629166666666663,10.054166666666667,298.5833333333333,57.16666666666666,28.275,85.33333333333333,0.0,76.83333333333333,92.75,147.04166666666666,22,4,9,2023,265,77.91666666666667,79.33333333333333,70.33333333333333,67.75,-0.75,6.833333333333343,9.416666666666671,75.8611111111111,70.91666666666666,22.120833333333334,20.00952380952381,60.90555555555554,56.698214285714286
2023-09-23,76.83333333333333,24.866666666666664,92.40416666666664,13.5375,6.283333333333334,199.66666666666663,52.333333333333336,29.0,82.95833333333333,0.0,92.75,147.04166666666666,171.91666666666666,23,5,9,2023,266,77.16666666666667,77.91666666666667,79.33333333333333,61.875,-0.3333333333333428,-2.5,14.958333333333329,78.1388888888889,72.26190476190476,22.855555555555554,21.041666666666664,61.259722222222216,61.03035714285714
2023-09-24,92.75,42.2,196.775,10.154166666666669,4.804166666666666,185.375,58.91666666666666,28.52916666666667,77.45833333333333,0.0,147.04166666666666,171.91666666666666,120.375,24,6,9,2023,267,76.83333333333333,77.16666666666667,77.91666666666667,68.625,15.916666666666671,14.833333333333329,24.125,77.30555555555556,74.39880952380952,23.115277777777777,22.29345238095238,70.13888888888887,68.83273809523808
2023-09-25,147.04166666666666,70.67916666666666,294.4833333333333,13.583333333333334,5.6875,232.16666666666663,65.29166666666667,27.90833333333333,74.79166666666667,0.0,171.91666666666666,120.375,98.33333333333331,25,0,9,2023,268,92.75,76.83333333333333,77.16666666666667,70.58333333333333,54.29166666666666,69.87499999999999,76.45833333333333,82.25,77.8452380952381,30.54722222222222,25.378571428571423,120.92222222222222,88.55535714285713
2023-09-26,171.91666666666666,61.62916666666666,229.875,29.620833333333334,11.8375,496.5416666666667,68.25,26.891666666666666,75.79166666666667,0.0,120.375,98.33333333333331,88.16666666666667,26,1,9,2023,269,147.04166666666666,92.75,76.83333333333333,70.33333333333333,24.875,95.08333333333331,101.58333333333331,105.54166666666669,88.76785714285714,45.91527777777778,32.66904761904762,194.55416666666665,119.99523809523808
2023-09-27,120.375,37.125,139.07500000000002,20.6375,10.266666666666667,298.5416666666667,72.70833333333333,28.6375,74.45833333333333,0.0,98.33333333333331,88.16666666666667,98.79166666666669,27,2,9,2023,270,171.91666666666666,147.04166666666666,92.75,79.33333333333333,-51.54166666666666,27.625,41.04166666666667,137.23611111111111,103.2797619047619,58.16944444444445,38.27738095238095,240.37777777777777,142.4738095238095
2023-09-28,98.33333333333331,29.9375,86.16666666666667,19.066666666666663,6.95,278.0416666666667,63.333333333333336,29.633333333333336,69.91666666666667,0.0,88.16666666666667,98.79166666666669,125.5,28,3,9,2023,271,120.375,171.91666666666666,147.04166666666666,77.91666666666667,-22.04166666666669,-48.70833333333334,20.416666666666643,146.44444444444443,109.14285714285714,56.47777777777778,40.13988095238095,221.14444444444447,152.94642857142858
2023-09-29,88.16666666666667,29.25,104.30416666666667,15.3125,6.133333333333333,252.8333333333333,68.29166666666667,28.85,77.75,0.0,98.79166666666669,125.5,93.08333333333331,29,4,9,2023,272,98.33333333333331,120.375,171.91666666666666,77.16666666666667,-10.166666666666645,-83.74999999999999,11.0,130.20833333333331,112.05952380952378,42.89722222222222,41.573214285714286,151.70555555555558,158.90952380952382
2023-09-30,98.79166666666669,40.12083333333333,155.32083333333333,24.166666666666668,8.762500000000001,373.625,74.70833333333333,30.433333333333334,57.75,0.0,125.5,93.08333333333331,73.75,30,5,9,2023,273,88.16666666666667,98.33333333333331,120.375,76.83333333333333,10.625000000000014,-21.583333333333314,21.95833333333336,102.29166666666669,113.63095238095238,32.104166666666664,42.24107142857143,109.84861111111113,163.2976190476191
2023-10-01,125.5,41.45,130.99583333333334,24.704166666666666,13.983333333333334,441.2916666666667,96.83333333333331,29.933333333333334,44.16666666666666,0.0,93.08333333333331,73.75,71.79166666666667,1,6,10,2023,274,98.79166666666669,88.16666666666667,98.33333333333331,92.75,26.708333333333314,27.16666666666669,32.75,95.09722222222224,116.76785714285712,33.10277777777778,44.4202380952381,115.2638888888889,172.28571428571428
2023-10-02,93.08333333333331,25.016666666666666,79.1125,22.275,7.720833333333334,336.7083333333333,74.5,28.6375,67.125,0.0,73.75,71.79166666666667,75.25,2,0,10,2023,275,125.5,98.79166666666669,88.16666666666667,147.04166666666666,-32.416666666666686,4.916666666666643,-53.95833333333334,104.1527777777778,121.44642857142856,36.94027777777778,44.31309523809524,130.20694444444445,162.88869047619048
2023-10-03,73.75,19.54583333333333,56.55,16.3875,6.404166666666666,238.0,57.66666666666666,28.2875,83.75,0.0,71.79166666666667,75.25,81.375,3,1,10,2023,276,93.08333333333331,125.5,98.79166666666669,171.91666666666666,-19.333333333333314,-25.04166666666669,-98.16666666666666,105.79166666666669,113.7380952380952,35.52916666666666,37.78988095238095,121.80972222222222,132.12142857142857
2023-10-04,71.79166666666667,21.96666666666667,60.17083333333333,14.25,6.0,220.04166666666663,62.0,28.6,80.5,0.0,75.25,81.375,83.33333333333333,4,2,10,2023,277,73.75,93.08333333333331,125.5,120.375,-1.9583333333333288,-53.70833333333333,-48.58333333333333,97.44444444444444,99.71428571428572,28.67083333333333,31.777976190476185,88.88611111111112,107.36071428571428
2023-10-05,75.25,23.816666666666663,66.71249999999999,10.195833333333333,5.4625,205.41666666666663,73.29166666666667,28.85833333333333,76.5,0.0,81.375,83.33333333333333,81.95833333333333,5,3,10,2023,278,71.79166666666667,73.75,93.08333333333331,98.33333333333331,3.4583333333333286,-17.833333333333314,-23.083333333333314,79.54166666666667,92.77380952380952,22.17638888888889,29.612499999999997,65.27777777777777,96.08869047619046
2023-10-06,81.375,26.85833333333333,73.5625,8.450000000000001,4.429166666666666,194.9583333333333,70.04166666666667,28.96666666666667,73.16666666666667,0.0,83.33333333333333,81.95833333333333,86.58333333333333,6,4,10,2023,279,75.25,71.79166666666667,73.75,88.16666666666667,6.125,7.625,-6.791666666666671,73.59722222222223,89.47619047619048,21.77638888888889,28.73809523809524,61.144444444444446,93.3095238095238
2023-10-07,83.33333333333333,25.02916666666667,67.60000000000001,9.141666666666667,4.1625,194.8333333333333,65.375,28.84583333333333,74.41666666666667,0.0125,81.95833333333333,86.58333333333333,78.45833333333333,7,5,10,2023,280,81.375,75.25,71.79166666666667,98.79166666666669,1.9583333333333288,11.541666666666655,-15.458333333333355,76.1388888888889,88.5059523809524,24.21388888888889,28.39642857142857,66.81527777777778,88.91785714285716
2023-10-08,81.95833333333333,28.95833333333333,110.63333333333334,9.445833333333333,4.258333333333334,187.0833333333333,61.75,29.070833333333336,77.125,0.0375,86.58333333333333,78.45833333333333,70.83333333333333,8,6,10,2023,281,83.33333333333333,81.375,75.25,125.5,-1.375,6.708333333333329,-43.54166666666667,79.9861111111111,86.29761904761905,25.23472222222222,26.24047619047619,69.29166666666667,76.38630952380952
2023-10-09,86.58333333333333,26.40416666666667,99.89583333333331,8.054166666666667,3.820833333333333,172.58333333333334,62.75,28.975,77.66666666666667,0.0,78.45833333333333,70.83333333333333,66.58333333333333,9,0,10,2023,282,81.95833333333333,83.33333333333333,81.375,93.08333333333331,4.625,5.208333333333329,-6.499999999999986,82.22222222222221,80.07738095238095,26.94861111111111,24.45595238095238,83.93194444444445,73.47738095238095
2023-10-10,78.45833333333333,21.95,83.30416666666666,9.383333333333333,4.129166666666666,185.875,59.708333333333336,28.77916666666667,77.33333333333333,0.0,70.83333333333333,66.58333333333333,70.29166666666667,10,1,10,2023,283,86.58333333333333,81.95833333333333,83.33333333333333,73.75,-8.125,-4.875,4.708333333333329,83.95833333333333,79.14880952380952,26.79722222222222,24.65416666666667,92.70972222222224,76.44642857142857
2023-10-11,70.83333333333333,17.591666666666665,55.4375,13.145833333333334,5.883333333333333,225.25,56.208333333333336,28.70833333333333,78.875,0.0,66.58333333333333,70.29166666666667,70.91666666666667,11,2,10,2023,284,78.45833333333333,86.58333333333333,81.95833333333333,71.79166666666667,-7.625,-11.125,-0.9583333333333428,82.33333333333333,79.82142857142857,25.77083333333333,24.997619047619047,97.94444444444444,80.26845238095237
2023-10-12,66.58333333333333,18.8375,58.85833333333333,12.7875,6.041666666666667,221.29166666666663,55.583333333333336,28.441666666666663,77.70833333333333,0.0,70.29166666666667,70.91666666666667,78.04166666666667,12,3,10,2023,285,70.83333333333333,78.45833333333333,86.58333333333333,75.25,-4.25,-20.0,-8.666666666666671,78.625,79.68452380952381,21.981944444444448,24.372619047619047,79.54583333333333,79.5922619047619
2023-10-13,70.29166666666667,19.8125,61.62916666666666,13.0,5.9125000000000005,219.875,56.208333333333336,28.28333333333333,74.91666666666667,0.0,70.91666666666667,78.04166666666667,88.875,13,4,10,2023,286,66.58333333333333,70.83333333333333,78.45833333333333,81.375,3.708333333333343,-8.166666666666657,-11.083333333333329,71.95833333333333,78.44642857142856,19.459722222222226,23.661309523809525,65.86666666666666,78.47023809523809
2023-10-14,70.91666666666667,20.954166666666666,58.85833333333334,11.529166666666669,4.870833333333334,196.54166666666663,55.16666666666666,28.23333333333333,72.625,0.0,78.04166666666667,88.875,75.25,14,5,10,2023,287,70.29166666666667,66.58333333333333,70.83333333333333,83.33333333333333,0.625,0.0833333333333428,-12.416666666666655,69.2361111111111,76.86309523809523,18.74722222222222,22.654761904761905,58.64166666666666,76.76547619047619
2023-10-15,78.04166666666667,29.35,102.725,10.0375,4.083333333333333,181.625,54.0,28.9625,71.45833333333333,0.0125,88.875,75.25,82.33333333333333,15,6,10,2023,288,70.91666666666667,70.29166666666667,66.58333333333333,81.95833333333333,7.125,11.458333333333345,-3.916666666666657,69.2638888888889,75.08928571428571,19.868055555555557,22.07261904761905,59.78194444444444,75.51666666666667
2023-10-16,88.875,25.625,71.15833333333333,9.633333333333333,3.85,181.2083333333333,58.25,27.96666666666667,75.125,0.0499999999999999,75.25,82.33333333333333,115.29166666666669,16,0,10,2023,289,78.04166666666667,70.91666666666667,70.29166666666667,86.58333333333333,10.833333333333329,18.58333333333333,2.2916666666666714,73.08333333333333,74.52976190476191,23.372222222222224,22.12857142857143,74.40416666666667,74.38690476190477
2023-10-17,75.25,21.379166666666663,60.79166666666666,12.179166666666667,4.691666666666666,213.66666666666663,60.125,27.995833333333334,75.83333333333333,0.0375,82.33333333333333,115.29166666666669,100.75,17,1,10,2023,290,88.875,78.04166666666667,70.91666666666667,78.45833333333333,-13.625,4.333333333333329,-3.2083333333333286,79.27777777777779,74.85714285714286,25.309722222222224,22.017261904761902,77.58055555555556,70.28154761904761
2023-10-18,82.33333333333333,33.59166666666667,68.08333333333333,32.61666666666667,12.520833333333334,511.8333333333333,65.54166666666667,28.641666666666666,67.04166666666667,0.0,115.29166666666669,100.75,84.45833333333333,18,2,10,2023,291,75.25,88.875,78.04166666666667,70.83333333333333,7.083333333333329,4.291666666666657,11.5,80.72222222222223,74.39880952380953,25.45138888888889,21.935714285714283,78.225,67.06547619047618
2023-10-19,115.29166666666669,43.59166666666667,89.58749999999999,40.05416666666667,12.133333333333333,661.375,76.70833333333333,27.825,69.08333333333333,0.0,100.75,84.45833333333333,87.5,19,3,10,2023,292,82.33333333333333,75.25,88.875,66.58333333333333,32.95833333333336,26.41666666666669,48.70833333333336,82.15277777777777,76.04166666666667,26.865277777777777,24.221428571428568,66.67777777777776,68.8720238095238
2023-10-20,100.75,27.92083333333333,60.49583333333334,18.925,7.358333333333333,331.625,66.58333333333333,28.2,78.04166666666667,0.0,84.45833333333333,87.5,87.70833333333333,20,4,10,2023,293,115.29166666666669,82.33333333333333,75.25,70.29166666666667,-14.541666666666686,25.5,30.45833333333333,90.95833333333331,83.0,32.854166666666664,27.757738095238096,72.82083333333333,73.26190476190477
2023-10-21,84.45833333333333,28.95,65.25416666666666,28.0875,10.4125,429.3333333333333,61.583333333333336,28.52916666666667,75.125,0.0,87.5,87.70833333333333,93.20833333333331,21,5,10,2023,294,100.75,115.29166666666669,82.33333333333333,70.91666666666667,-16.29166666666667,2.125,13.541666666666655,99.45833333333331,87.35119047619048,35.03472222222222,28.916071428571428,72.72222222222221,73.1
2023-10-22,87.5,27.883333333333336,73.13333333333334,27.0125,7.524999999999999,397.75,50.0,27.866666666666664,80.375,0.0,87.70833333333333,93.20833333333331,90.875,22,6,10,2023,295,84.45833333333333,100.75,115.29166666666669,78.04166666666667,3.0416666666666714,-27.79166666666669,9.458333333333329,100.16666666666669,89.2857142857143,33.487500000000004,30.05833333333333,71.77916666666665,74.01369047619048
2023-10-23,87.70833333333333,30.42083333333333,65.45416666666667,28.84583333333333,10.158333333333331,445.4166666666667,62.75,28.0,78.70833333333333,0.0,93.20833333333331,90.875,86.625,23,0,10,2023,296,87.5,84.45833333333333,100.75,88.875,0.2083333333333286,-13.041666666666671,-1.1666666666666714,90.90277777777776,90.63690476190476,28.251388888888886,29.84880952380952,66.29444444444444,69.78630952380952
2023-10-24,93.20833333333331,31.766666666666666,64.94166666666666,26.40833333333333,9.75,412.4166666666667,61.875,28.03333333333333,76.625,0.0,90.875,86.625,87.79166666666667,24,1,10,2023,297,87.70833333333333,87.5,84.45833333333333,75.25,5.499999999999986,8.749999999999986,17.958333333333314,86.55555555555554,90.47023809523807,29.084722222222226,30.533928571428568,67.94722222222221,68.97142857142856
2023-10-25,90.875,29.0375,61.225,25.704166666666666,7.654166666666666,437.7083333333333,57.66666666666666,28.5625,76.04166666666667,0.0,86.625,87.79166666666667,91.125,25,2,10,2023,298,93.20833333333331,87.70833333333333,87.5,82.33333333333333,-2.3333333333333144,3.375,8.541666666666671,89.47222222222221,93.03571428571428,30.02361111111111,32.017857142857146,67.84305555555555,69.56428571428572
2023-10-26,86.625,28.3,58.5625,25.27916666666667,7.45,407.2083333333333,57.625,28.2,74.45833333333333,0.0,87.79166666666667,91.125,91.54166666666669,26,3,10,2023,299,90.875,93.20833333333331,87.70833333333333,115.29166666666669,-4.25,-1.0833333333333286,-28.66666666666669,90.5972222222222,94.25595238095238,30.40833333333333,31.3672619047619,63.8736111111111,68.5845238095238
2023-10-27,87.79166666666667,30.84583333333333,59.333333333333336,19.54583333333333,5.966666666666666,324.0416666666667,63.79166666666666,28.191666666666663,77.41666666666667,0.0,91.125,91.54166666666669,87.33333333333333,27,4,10,2023,300,86.625,90.875,93.20833333333331,100.75,1.1666666666666714,-5.416666666666643,-12.958333333333329,90.2361111111111,90.16071428571428,29.70138888888889,29.182738095238097,61.576388888888886,64.15238095238095
2023-10-28,91.125,29.775,63.74583333333334,21.96666666666667,8.975,339.0416666666667,69.125,28.504166666666663,73.83333333333333,0.0249999999999999,91.54166666666669,87.33333333333333,80.16666666666667,28,5,10,2023,301,87.79166666666667,86.625,90.875,84.45833333333333,3.3333333333333286,0.25,6.666666666666671,88.43055555555556,88.30952380952381,29.39444444444445,29.60059523809524,59.706944444444446,63.98630952380952
2023-10-29,91.54166666666669,28.27083333333333,58.82083333333333,30.60833333333333,11.458333333333334,439.5416666666667,70.5,27.625,74.875,0.0,87.33333333333333,80.16666666666667,88.5,29,6,10,2023,302,91.125,87.79166666666667,86.625,87.5,0.4166666666666856,4.916666666666686,4.041666666666686,88.5138888888889,89.26190476190474,29.64027777777777,29.71845238095238,60.547222222222224,63.77083333333333
2023-10-30,87.33333333333333,23.329166666666666,44.61666666666667,24.683333333333334,9.166666666666666,393.75,81.45833333333333,28.4,64.08333333333333,0.0,80.16666666666667,88.5,117.54166666666669,30,0,10,2023,303,91.54166666666669,91.125,87.79166666666667,87.70833333333333,-4.208333333333357,-0.4583333333333428,-0.375,90.1527777777778,89.83928571428571,29.63055555555555,29.77380952380953,60.63333333333333,61.72619047619048
2023-10-31,80.16666666666667,26.10833333333333,47.15416666666667,30.7125,12.479166666666666,460.75,82.70833333333333,29.59583333333333,38.5,0.0,88.5,117.54166666666669,106.75,31,1,10,2023,304,87.33333333333333,91.54166666666669,91.125,93.20833333333331,-7.166666666666657,-10.958333333333329,-13.041666666666645,90.0,89.7857142857143,27.125,28.760714285714283,55.72777777777778,58.74940476190476
2023-11-01,88.5,32.72083333333333,57.13333333333333,35.333333333333336,13.4,565.2083333333334,84.0,29.9625,30.45833333333333,0.0,117.54166666666669,106.75,101.75,1,2,11,2023,305,80.16666666666667,87.33333333333333,91.54166666666669,90.875,8.333333333333329,-3.0416666666666856,-2.375,86.34722222222223,87.92261904761905,25.90277777777777,27.952380952380956,50.19722222222222,56.208333333333336
2023-11-02,117.54166666666669,40.74166666666667,71.03333333333333,30.40833333333333,15.354166666666666,609.125,101.54166666666669,29.375,36.41666666666666,0.0,106.75,101.75,104.25,2,3,11,2023,306,88.5,80.16666666666667,87.33333333333333,86.625,29.04166666666669,30.20833333333336,30.91666666666669,85.33333333333333,87.58333333333334,27.38611111111111,28.478571428571424,49.63472222222222,55.62380952380953
2023-11-03,106.75,36.44583333333333,67.06666666666666,23.354166666666668,7.104166666666667,427.1666666666667,86.33333333333333,28.933333333333334,58.375,0.0,101.75,104.25,95.70833333333331,3,4,11,2023,307,117.54166666666669,88.5,80.16666666666667,87.79166666666667,-10.791666666666686,26.58333333333333,18.95833333333333,95.4027777777778,92.0,33.19027777777777,30.25595238095238,58.44027777777777,57.40535714285714
2023-11-04,101.75,38.425,68.39999999999999,23.354166666666668,6.791666666666667,415.625,76.83333333333333,28.054166666666664,75.70833333333333,0.0,104.25,95.70833333333331,118.16666666666669,4,5,11,2023,308,106.75,117.54166666666669,88.5,91.125,-5.0,13.25,10.625,104.2638888888889,94.70833333333334,36.63611111111111,31.05595238095238,65.07777777777777,58.51011904761906
2023-11-05,104.25,33.0625,60.19583333333333,28.52916666666667,8.120833333333334,500.25,74.66666666666667,28.075,71.75,0.0,95.70833333333331,118.16666666666669,152.83333333333334,5,6,11,2023,309,101.75,106.75,117.54166666666669,91.54166666666669,2.5,-13.291666666666686,12.708333333333314,108.68055555555556,96.22619047619048,38.5375,32.291666666666664,68.83333333333333,59.175
2023-11-06,95.70833333333331,37.9125,71.37916666666666,23.89583333333333,12.433333333333332,505.375,91.29166666666669,28.3125,58.29166666666666,0.0,118.16666666666669,152.83333333333334,151.91666666666666,6,0,11,2023,310,104.25,101.75,106.75,87.33333333333333,-8.541666666666686,-11.041666666666686,8.374999999999986,104.25,98.04166666666669,35.97777777777778,32.976190476190474,65.22083333333332,59.37142857142857
2023-11-07,118.16666666666669,49.975,86.45,41.91666666666666,16.608333333333334,780.0833333333334,76.16666666666667,28.28333333333333,44.0,0.0,152.83333333333334,151.91666666666666,121.16666666666669,7,1,11,2023,311,95.70833333333331,104.25,101.75,80.16666666666667,22.45833333333337,16.416666666666686,38.000000000000014,100.56944444444444,99.23809523809526,36.46666666666667,35.05952380952381,66.65833333333333,63.19464285714285
2023-11-08,152.83333333333334,61.1625,104.60833333333332,44.69583333333333,18.9,885.2916666666666,65.04166666666667,27.566666666666663,49.375,0.0,151.91666666666666,121.16666666666669,78.41666666666667,8,2,11,2023,312,118.16666666666669,95.70833333333331,104.25,88.5,34.66666666666666,48.58333333333334,64.33333333333334,106.04166666666669,104.66666666666669,40.31666666666666,38.469047619047615,72.675,68.80833333333332
2023-11-09,151.91666666666666,56.395833333333336,98.0875,26.745833333333334,13.0,616.0416666666666,101.375,27.54583333333333,61.91666666666666,0.0,121.16666666666669,78.41666666666667,81.83333333333333,9,3,11,2023,313,152.83333333333334,118.16666666666669,95.70833333333331,117.54166666666669,-0.9166666666666856,56.20833333333334,34.37499999999997,122.23611111111111,113.85714285714288,49.68333333333334,42.53214285714286,87.47916666666667,75.5904761904762
2023-11-10,121.16666666666669,29.0375,62.958333333333336,29.779166666666665,10.029166666666669,495.3333333333333,68.91666666666667,27.704166666666666,51.333333333333336,0.0,78.41666666666667,81.83333333333333,97.25,10,4,11,2023,314,151.91666666666666,152.83333333333334,118.16666666666669,106.75,-30.74999999999997,3.0,14.416666666666686,140.9722222222222,118.76785714285714,55.84444444444444,44.76845238095238,96.38194444444446,79.45535714285712
2023-11-11,78.41666666666667,22.15,34.94583333333333,24.266666666666666,13.208333333333334,451.2916666666667,72.0,25.975,34.958333333333336,0.0,81.83333333333333,97.25,93.0,11,5,11,2023,315,121.16666666666669,151.91666666666666,152.83333333333334,101.75,-42.750000000000014,-74.41666666666667,-23.33333333333333,141.97222222222223,120.82738095238096,48.86527777777778,43.71011904761905,88.55138888888888,78.86845238095238
2023-11-12,81.83333333333333,26.85833333333333,41.10833333333333,30.554166666666664,22.504166666666663,579.5416666666666,81.125,25.2375,43.5,0.0,97.25,93.0,84.125,12,6,11,2023,316,78.41666666666667,121.16666666666669,151.91666666666666,104.25,3.416666666666657,-70.08333333333333,-22.41666666666667,117.16666666666669,117.49404761904762,35.861111111111114,41.38511904761905,65.33055555555556,74.08928571428571
2023-11-13,97.25,34.1,54.04583333333333,43.80416666666667,20.54583333333333,772.9166666666666,73.66666666666667,24.48333333333333,56.875,0.0,93.0,84.125,122.33333333333331,13,0,11,2023,317,81.83333333333333,78.41666666666667,121.16666666666669,95.70833333333331,15.416666666666671,-23.91666666666669,1.5416666666666856,93.80555555555556,114.29166666666669,26.01527777777778,40.49880952380953,46.3375,71.3625
2023-11-14,93.0,27.179166666666664,41.9875,32.09166666666667,16.858333333333334,570.5833333333334,66.16666666666667,25.84583333333333,42.04166666666666,0.0,84.125,122.33333333333331,127.625,14,1,11,2023,318,97.25,81.83333333333333,78.41666666666667,118.16666666666669,-4.25,14.583333333333329,-25.16666666666669,85.83333333333333,114.51190476190474,27.70277777777777,39.954166666666666,43.36666666666667,68.88630952380953
2023-11-15,84.125,36.40416666666667,53.74166666666667,15.208333333333334,13.858333333333334,451.2916666666667,102.75,25.729166666666668,34.5,0.0,122.33333333333331,127.625,132.79166666666666,15,2,11,2023,319,93.0,97.25,81.83333333333333,152.83333333333334,-8.875,2.2916666666666714,-68.70833333333334,90.69444444444444,110.91666666666669,29.379166666666663,36.69761904761905,45.71388888888888,62.53452380952381
2023-11-16,122.33333333333331,49.020833333333336,72.93333333333334,18.004166666666666,17.154166666666665,529.9583333333334,103.20833333333331,25.34583333333333,33.083333333333336,0.0,127.625,132.79166666666666,175.5,16,3,11,2023,320,84.125,93.0,97.25,151.91666666666666,38.208333333333314,25.083333333333314,-29.583333333333343,91.45833333333331,101.10119047619048,32.56111111111111,33.160714285714285,49.925,55.267857142857146
2023-11-17,127.625,40.77916666666667,60.6,18.291666666666668,14.2375,499.0416666666667,96.625,24.816666666666663,32.416666666666664,0.0,132.79166666666666,175.5,180.08333333333334,17,4,11,2023,321,122.33333333333331,84.125,93.0,121.16666666666669,5.291666666666686,34.625,6.458333333333314,99.81944444444444,96.875,37.53472222222222,32.10714285714286,56.22083333333333,51.67440476190476
2023-11-18,132.79166666666666,75.42916666666666,114.80416666666667,29.175,17.75,733.5833333333334,94.25,24.566666666666663,31.291666666666668,0.0,175.5,180.08333333333334,166.66666666666666,18,5,11,2023,322,127.625,122.33333333333331,84.125,78.41666666666667,5.166666666666657,48.66666666666666,54.37499999999999,111.3611111111111,97.79761904761904,42.06805555555556,33.78452380952381,62.425,51.3375
2023-11-19,175.5,97.7375,150.23749999999998,25.016666666666666,17.933333333333334,738.3333333333334,96.5,24.445833333333336,35.916666666666664,0.0,180.08333333333334,166.66666666666666,158.91666666666666,19,6,11,2023,323,132.79166666666666,127.625,122.33333333333331,81.83333333333333,42.70833333333334,53.166666666666686,93.66666666666669,127.58333333333331,105.56547619047618,55.07638888888889,41.39583333333333,82.77916666666667,62.74583333333334
2023-11-20,180.08333333333334,87.15416666666665,131.475,14.970833333333331,15.220833333333331,663.75,120.875,25.34166666666667,35.208333333333336,0.0,166.66666666666666,158.91666666666666,150.29166666666666,20,0,11,2023,324,175.5,132.79166666666666,127.625,97.25,4.583333333333343,52.45833333333334,82.83333333333334,145.30555555555554,118.94642857142856,71.31527777777778,51.52142857142858,108.54722222222222,78.33571428571429
2023-11-21,166.66666666666666,74.0125,110.37083333333334,14.708333333333334,18.0875,645.7083333333334,119.95833333333331,25.9625,33.375,0.0,158.91666666666666,150.29166666666666,124.0,21,1,11,2023,325,180.08333333333334,175.5,132.79166666666666,93.0,-13.416666666666686,33.875,73.66666666666666,162.79166666666666,130.7797619047619,86.77361111111111,59.10059523809524,132.17222222222222,89.39702380952382
2023-11-22,158.91666666666666,63.8,96.88333333333333,24.21666666666667,18.52083333333333,685.7916666666666,105.66666666666669,24.129166666666663,45.083333333333336,0.0,150.29166666666666,124.0,142.70833333333334,22,2,11,2023,326,166.66666666666666,180.08333333333334,175.5,84.125,-7.75,-16.583333333333343,74.79166666666666,174.08333333333334,141.30357142857142,86.30138888888888,65.79107142857143,130.69444444444443,99.1660714285714
2023-11-23,150.29166666666666,46.9375,89.44583333333333,31.05,20.679166666666667,698.5,107.45833333333331,25.96666666666667,66.20833333333333,0.0,124.0,142.70833333333334,151.875,23,3,11,2023,327,158.91666666666666,166.66666666666666,180.08333333333334,122.33333333333331,-8.625,-29.79166666666669,27.958333333333343,168.55555555555554,151.98809523809524,74.98888888888888,69.70476190476191,112.9097222222222,105.32916666666668
2023-11-24,124.0,46.19583333333333,83.16666666666667,26.21666666666667,19.6,699.2083333333334,85.58333333333333,25.604166666666668,60.91666666666666,0.0,142.70833333333334,151.875,133.33333333333334,24,4,11,2023,328,150.29166666666666,158.91666666666666,166.66666666666666,127.625,-26.291666666666657,-42.66666666666666,-3.625,158.625,155.98214285714286,61.583333333333336,69.40714285714286,98.9,107.68809523809524
2023-11-25,142.70833333333334,55.9125,84.075,11.870833333333332,16.791666666666668,588.2083333333334,112.16666666666669,26.641666666666666,37.625,0.0,151.875,133.33333333333334,149.79166666666666,25,5,11,2023,329,124.0,150.29166666666666,158.91666666666666,132.79166666666666,18.708333333333343,-16.208333333333314,9.916666666666686,144.40277777777777,155.46428571428572,52.31111111111111,70.18095238095238,89.83194444444445,110.91190476190476
2023-11-26,151.875,55.8625,85.80833333333334,15.066666666666668,11.554166666666667,449.75,99.70833333333331,22.054166666666664,59.458333333333336,0.1583333333333333,133.33333333333334,149.79166666666666,153.75,26,6,11,2023,330,142.70833333333334,124.0,150.29166666666666,175.5,9.166666666666655,1.5833333333333428,-23.625,139.0,156.88095238095235,49.68194444444444,67.39285714285714,85.5625,106.5220238095238
2023-11-27,133.33333333333334,52.92916666666667,80.10833333333333,19.841666666666665,16.004166666666666,596.25,86.54166666666667,20.758333333333333,65.0,0.0,149.79166666666666,153.75,140.91666666666666,27,0,11,2023,331,151.875,142.70833333333334,124.0,180.08333333333334,-18.541666666666657,9.333333333333345,-46.75,139.5277777777778,153.50595238095235,52.65694444444444,61.410714285714285,84.35000000000001,97.31785714285714
2023-11-28,149.79166666666666,59.40416666666667,88.36666666666667,19.541666666666668,19.23333333333333,677.4166666666666,101.54166666666669,21.15833333333333,58.458333333333336,0.0,153.75,140.91666666666666,131.875,28,1,11,2023,332,133.33333333333334,151.875,142.70833333333334,166.66666666666666,16.458333333333314,7.083333333333314,-16.875,142.6388888888889,146.82738095238096,54.901388888888896,56.52142857142858,83.33055555555556,89.9797619047619
2023-11-29,153.75,55.0375,81.61666666666666,22.383333333333336,19.5,676.7083333333334,94.70833333333331,20.9875,55.66666666666666,0.0,140.91666666666666,131.875,102.70833333333331,29,2,11,2023,333,149.79166666666666,133.33333333333334,151.875,158.91666666666666,3.958333333333343,1.875,-5.166666666666657,145.0,144.41666666666666,56.06527777777777,54.4345238095238,84.76111111111112,86.83630952380952
2023-11-30,140.91666666666666,53.12083333333334,81.79583333333333,41.708333333333336,20.954166666666666,933.0416666666666,73.20833333333333,21.625,60.958333333333336,0.0,131.875,102.70833333333331,117.625,30,3,11,2023,334,153.75,149.79166666666666,133.33333333333334,150.29166666666666,-12.833333333333345,7.583333333333314,-9.375,145.625,143.67857142857142,55.79027777777778,53.1827380952381,83.3638888888889,84.65535714285714
2023-12-01,131.875,37.016666666666666,54.45,34.55833333333333,16.766666666666666,708.4166666666666,72.08333333333333,22.70833333333333,52.458333333333336,0.0,102.70833333333331,117.625,104.75,1,4,12,2023,335,140.91666666666666,153.75,149.79166666666666,124.0,-9.041666666666655,-17.916666666666657,7.875,148.15277777777774,142.33928571428572,55.85416666666666,54.06607142857143,83.9263888888889,83.5625
2023-12-02,102.70833333333331,40.53333333333333,60.6875,13.4375,13.695833333333333,492.3333333333333,87.375,22.6375,49.208333333333336,0.0,117.625,104.75,98.45833333333331,2,5,12,2023,336,131.875,140.91666666666666,153.75,142.70833333333334,-29.16666666666669,-51.041666666666686,-40.00000000000003,142.18055555555554,143.46428571428572,48.39166666666667,52.75476190476191,72.62083333333334,79.46011904761906
2023-12-03,117.625,39.05833333333333,58.12083333333333,14.725,16.308333333333334,537.2916666666666,90.33333333333331,22.5,49.708333333333336,0.0,104.75,98.45833333333331,85.75,3,6,12,2023,337,102.70833333333331,131.875,140.91666666666666,151.875,14.916666666666686,-23.291666666666657,-34.25,125.16666666666664,137.75,43.55694444444445,50.557738095238086,65.64444444444445,76.11904761904762
2023-12-04,104.75,38.875,59.025,17.9375,18.316666666666663,534.6666666666666,86.5,22.041666666666668,50.833333333333336,0.0,98.45833333333331,85.75,81.0,4,0,12,2023,338,117.625,102.70833333333331,131.875,133.33333333333334,-12.875,-27.125,-28.583333333333343,117.40277777777776,132.85714285714286,38.86944444444444,48.15714285714285,57.75277777777777,72.16369047619048
2023-12-05,98.45833333333331,29.666666666666668,45.8375,19.48333333333333,15.8875,515.625,82.08333333333333,21.73333333333333,46.708333333333336,0.0,85.75,81.0,92.29166666666669,5,1,12,2023,339,104.75,117.625,102.70833333333331,149.79166666666666,-6.291666666666686,-4.25,-51.33333333333334,108.3611111111111,128.7738095238095,39.48888888888889,46.14940476190476,59.27777777777778,69.15178571428571
2023-12-06,85.75,25.491666666666664,38.391666666666666,16.691666666666666,13.370833333333332,469.9583333333333,85.0,21.554166666666664,42.54166666666666,0.0,81.0,92.29166666666669,80.125,6,2,12,2023,340,98.45833333333331,104.75,117.625,153.75,-12.708333333333314,-31.875,-68.0,106.94444444444444,121.44047619047618,35.86666666666667,41.90119047619048,54.327777777777776,63.07619047619047
2023-12-07,81.0,27.991666666666664,41.1,17.791666666666668,14.5625,492.875,90.16666666666669,21.616666666666664,40.29166666666666,0.0,92.29166666666669,80.125,96.66666666666669,7,3,12,2023,341,85.75,98.45833333333331,104.75,140.91666666666666,-4.75,-23.75,-59.91666666666666,96.31944444444444,111.72619047619048,31.344444444444445,37.68035714285714,47.75138888888889,56.90119047619047
2023-12-08,92.29166666666669,28.27083333333333,42.175,27.4875,20.29583333333333,600.2083333333334,86.58333333333333,20.854166666666668,53.66666666666666,0.0,80.125,96.66666666666669,94.16666666666669,8,4,12,2023,342,81.0,85.75,98.45833333333331,131.875,11.291666666666686,-6.166666666666629,-39.583333333333314,88.40277777777777,103.16666666666666,27.716666666666665,34.09047619047619,41.77638888888888,51.0875
2023-12-09,80.125,22.229166666666668,54.2,34.704166666666666,12.833333333333334,520.2083333333334,63.833333333333336,22.245833333333334,72.25,0.0,96.66666666666669,94.16666666666669,83.375,9,5,12,2023,343,92.29166666666669,81.0,85.75,102.70833333333331,-12.166666666666686,-5.625,-22.583333333333314,86.34722222222223,97.51190476190474,27.251388888888886,32.841071428571425,40.55555555555556,49.33392857142858
2023-12-10,96.66666666666669,39.93333333333333,70.74583333333334,40.21666666666667,32.020833333333336,777.5833333333334,79.79166666666667,20.9125,62.25,0.0,94.16666666666669,83.375,99.45833333333331,10,6,12,2023,344,80.125,92.29166666666669,81.0,117.625,16.541666666666686,15.666666666666686,-20.958333333333314,84.47222222222223,94.28571428571428,26.163888888888888,30.22619047619048,45.82500000000001,48.40714285714285
2023-12-11,94.16666666666669,22.85,46.42083333333333,33.112500000000004,11.508333333333333,516.75,57.708333333333336,21.141666666666666,77.875,0.0,83.375,99.45833333333331,97.70833333333331,11,0,12,2023,345,96.66666666666669,80.125,92.29166666666669,104.75,-2.5,1.875,-10.583333333333314,89.69444444444446,91.29166666666669,30.14444444444445,30.351190476190474,55.706944444444446,50.21071428571428
2023-12-12,83.375,31.73333333333333,62.625,43.0875,23.72083333333333,638.125,68.04166666666667,21.566666666666663,70.20833333333333,0.0,99.45833333333331,97.70833333333331,96.33333333333331,12,1,12,2023,346,94.16666666666669,96.66666666666669,80.125,98.45833333333331,-10.791666666666686,3.25,-15.083333333333314,90.31944444444446,89.77976190476193,28.337499999999995,28.06190476190476,57.12222222222223,48.41011904761905
2023-12-13,99.45833333333331,34.6625,59.39166666666667,21.3125,22.9125,528.125,82.45833333333333,22.183333333333334,46.333333333333336,0.0,97.70833333333331,96.33333333333331,108.375,13,2,12,2023,347,83.375,94.16666666666669,96.66666666666669,85.75,16.083333333333314,2.7916666666666288,13.708333333333314,91.4027777777778,87.625,31.50555555555556,28.35714285714285,59.93055555555555,50.80833333333334
2023-12-14,97.70833333333331,35.03333333333333,63.13333333333333,28.7875,22.45,643.3333333333334,80.54166666666667,21.325,47.125,0.0,96.33333333333331,108.375,107.54166666666669,14,3,12,2023,348,99.45833333333331,83.375,94.16666666666669,81.0,-1.75,3.5416666666666288,16.708333333333314,92.33333333333331,89.58333333333333,29.748611111111117,29.667261904761897,56.145833333333336,53.80833333333333
2023-12-15,96.33333333333331,32.96666666666667,55.88333333333333,33.38333333333333,25.329166666666666,601.875,84.70833333333333,21.041666666666668,46.583333333333336,0.0,108.375,107.54166666666669,97.75,15,4,12,2023,349,97.70833333333331,99.45833333333331,83.375,92.29166666666669,-1.375,12.958333333333314,4.041666666666629,93.51388888888889,91.9702380952381,33.80972222222222,30.673214285714284,61.71666666666667,56.955952380952375
2023-12-16,108.375,39.55,64.60416666666667,40.7,18.379166666666663,727.5416666666666,73.04166666666667,21.2625,62.375,0.0,107.54166666666669,97.75,100.66666666666669,16,5,12,2023,350,96.33333333333331,97.70833333333331,99.45833333333331,80.125,12.041666666666686,8.916666666666686,28.25,97.83333333333331,92.54761904761904,34.22083333333333,31.34404761904762,59.46944444444444,58.91428571428571
2023-12-17,107.54166666666669,40.391666666666666,74.42083333333333,29.475,21.258333333333333,625.25,81.95833333333333,21.391666666666666,56.583333333333336,0.0,97.75,100.66666666666669,90.375,17,6,12,2023,351,108.375,96.33333333333331,97.70833333333331,96.66666666666669,-0.8333333333333144,9.833333333333371,10.875,100.80555555555554,96.58333333333331,35.85,33.81845238095239,61.206944444444446,60.40059523809524
2023-12-18,97.75,29.73333333333333,49.41666666666666,12.416666666666666,16.541666666666668,467.5,92.54166666666669,21.2,35.958333333333336,0.0,100.66666666666669,90.375,82.66666666666667,18,0,12,2023,352,107.54166666666669,108.375,96.33333333333331,94.16666666666669,-9.791666666666686,1.4166666666666856,3.5833333333333144,104.08333333333331,98.13690476190474,37.63611111111111,33.88392857142857,64.96944444444445,60.92559523809524
2023-12-19,100.66666666666669,34.5375,54.40416666666667,15.0125,20.258333333333333,541.0,101.16666666666669,21.05,34.083333333333336,0.0,90.375,82.66666666666667,79.41666666666667,19,1,12,2023,353,97.75,107.54166666666669,108.375,83.375,2.9166666666666856,-7.708333333333314,17.291666666666686,104.55555555555556,98.64880952380952,36.55833333333333,34.8672619047619,62.81388888888889,61.35357142857144
2023-12-20,90.375,27.891666666666666,43.03333333333333,18.05,19.404166666666665,499.0,95.83333333333331,20.754166666666663,32.625,0.0,82.66666666666667,79.41666666666667,71.95833333333333,20,2,12,2023,354,100.66666666666669,97.75,107.54166666666669,99.45833333333331,-10.291666666666686,-17.166666666666686,-9.083333333333314,101.98611111111111,101.1190476190476,34.8875,35.26785714285713,59.41388888888889,60.179166666666674
2023-12-21,82.66666666666667,23.15,34.15833333333333,24.579166666666666,21.40416666666667,530.5416666666666,88.33333333333333,20.55,35.833333333333336,0.0,79.41666666666667,71.95833333333333,99.25,21,3,12,2023,355,90.375,100.66666666666669,97.75,97.70833333333331,-7.708333333333329,-15.083333333333329,-15.041666666666645,96.2638888888889,99.82142857142856,30.72083333333333,34.300595238095234,48.951388888888886,57.84226190476191
2023-12-22,79.41666666666667,23.875,34.75,29.575,19.1,607.7916666666666,83.33333333333333,22.02916666666667,34.25,0.0,71.95833333333333,99.25,121.20833333333331,22,4,12,2023,356,82.66666666666667,90.375,100.66666666666669,96.33333333333331,-3.25,-21.25000000000001,-16.916666666666643,91.23611111111111,97.67261904761904,28.52638888888889,32.60297619047619,43.86527777777778,53.70297619047619
2023-12-23,71.95833333333333,22.28333333333333,32.63333333333333,17.95,16.091666666666665,444.0416666666667,84.625,21.633333333333336,32.333333333333336,0.0,99.25,121.20833333333331,149.83333333333334,23,5,12,2023,357,79.41666666666667,82.66666666666667,90.375,108.375,-7.458333333333343,-18.41666666666667,-36.41666666666667,84.15277777777779,95.25595238095238,24.972222222222214,31.30416666666667,37.31388888888889,50.683928571428574
2023-12-24,99.25,45.85833333333333,66.54166666666667,11.1625,22.0625,658.0416666666666,122.45833333333331,22.73333333333333,34.5,0.0,121.20833333333331,149.83333333333334,115.45833333333331,24,6,12,2023,358,71.95833333333333,79.41666666666667,82.66666666666667,107.54166666666669,27.29166666666667,16.58333333333333,-8.291666666666686,78.0138888888889,90.05357142857144,23.102777777777774,28.8375,33.84722222222222,46.11666666666667
2023-12-25,121.20833333333331,45.40416666666667,67.19166666666666,29.370833333333334,24.17083333333333,730.9583333333334,105.04166666666669,22.104166666666668,39.125,0.0,149.83333333333334,115.45833333333331,124.75,25,0,12,2023,359,99.25,71.95833333333333,79.41666666666667,97.75,21.958333333333314,41.79166666666664,23.458333333333314,83.54166666666667,88.86904761904762,30.672222222222217,29.61845238095238,44.64166666666667,44.99107142857143
2023-12-26,149.83333333333334,52.55416666666667,78.59583333333333,32.37916666666667,22.53333333333333,929.1666666666666,101.95833333333331,19.933333333333334,58.75,0.0,115.45833333333331,124.75,108.125,26,1,12,2023,360,121.20833333333331,99.25,71.95833333333333,100.66666666666669,28.62500000000003,77.87500000000001,49.16666666666666,97.4722222222222,92.2202380952381,37.848611111111104,31.857142857142858,55.45555555555556,47.53035714285714
2023-12-27,115.45833333333331,37.31666666666667,56.575,26.891666666666666,21.320833333333333,739.9583333333334,94.875,21.65416666666667,51.125,0.0,124.75,108.125,84.04166666666667,27,2,12,2023,361,149.83333333333334,121.20833333333331,99.25,90.375,-34.37500000000003,16.208333333333314,25.083333333333314,123.43055555555554,99.24404761904762,47.93888888888889,34.43095238095238,70.77638888888889,50.98630952380953
2023-12-28,124.75,46.79166666666666,71.42083333333333,17.333333333333332,22.77083333333333,592.4583333333334,115.5,21.59583333333333,41.79166666666666,0.0,108.125,84.04166666666667,103.875,28,3,12,2023,362,115.45833333333331,149.83333333333334,121.20833333333331,82.66666666666667,9.291666666666686,3.5416666666666856,42.08333333333333,128.83333333333331,102.82738095238096,45.09166666666667,35.77738095238095,67.45416666666667,52.92083333333333
2023-12-29,108.125,28.8875,43.65833333333333,20.4,17.079166666666666,510.9583333333333,98.70833333333331,21.454166666666666,41.66666666666666,0.0,84.04166666666667,103.875,114.58333333333331,29,4,12,2023,363,124.75,115.45833333333331,149.83333333333334,79.41666666666667,-16.625,-41.70833333333334,28.70833333333333,130.01388888888889,108.83928571428572,45.55416666666667,39.15476190476191,68.8638888888889,58.24404761904761
2023-12-30,84.04166666666667,30.075,45.74166666666667,15.391666666666666,13.558333333333332,488.125,103.16666666666669,21.85,39.16666666666666,0.0,103.875,114.58333333333331,107.66666666666669,30,5,12,2023,364,108.125,124.75,115.45833333333331,71.95833333333333,-24.08333333333333,-31.416666666666643,12.083333333333345,116.1111111111111,112.94047619047618,37.665277777777774,39.87083333333333,57.21805555555556,59.516666666666666
2023-12-31,103.875,40.69166666666667,62.95416666666667,15.883333333333333,19.1375,570.3333333333334,108.875,20.683333333333334,43.833333333333336,0.0,114.58333333333331,107.66666666666669,122.5,31,6,12,2023,365,84.04166666666667,108.125,124.75,99.25,19.83333333333333,-20.875,4.625,105.6388888888889,114.66666666666666,35.25138888888889,40.98392857142857,53.60694444444445,61.38928571428572
2024-01-01,114.58333333333331,38.55833333333333,57.59166666666667,17.279166666666665,22.1625,679.0416666666666,111.70833333333331,20.22083333333333,49.5,0.0,107.66666666666669,122.5,104.58333333333331,1,0,1,2024,1,103.875,84.04166666666667,108.125,121.20833333333331,10.708333333333314,6.458333333333314,-6.625,98.68055555555556,115.32738095238096,33.21805555555556,40.24583333333333,50.78472222222223,60.87678571428573
2024-01-02,107.66666666666669,40.3875,60.1,34.666666666666664,26.14583333333333,898.75,107.25,19.633333333333333,64.125,0.0,122.5,104.58333333333331,131.04166666666666,2,1,1,2024,2,114.58333333333331,103.875,84.04166666666667,149.83333333333334,-6.916666666666629,23.62500000000001,-42.16666666666666,100.83333333333331,114.38095238095237,36.44166666666666,39.26785714285713,55.429166666666674,59.50535714285714
2024-01-03,122.5,40.725,64.1125,28.08333333333333,21.95,677.5416666666666,96.58333333333331,20.779166666666665,55.04166666666666,0.0,104.58333333333331,131.04166666666666,140.95833333333334,3,2,1,2024,3,107.66666666666669,114.58333333333331,103.875,115.45833333333331,14.833333333333314,18.625,7.041666666666686,108.70833333333331,108.35714285714286,39.87916666666667,37.52976190476191,60.21527777777778,56.86309523809525
2024-01-04,104.58333333333331,38.766666666666666,61.87083333333334,16.5,15.966666666666669,495.8333333333333,106.29166666666669,19.9375,45.0,0.0,131.04166666666666,140.95833333333334,126.875,4,3,1,2024,4,122.5,107.66666666666669,114.58333333333331,124.75,-17.916666666666686,-10.0,-20.16666666666669,114.91666666666669,109.36309523809526,39.890277777777776,38.016666666666666,60.60138888888889,57.93988095238096
2024-01-05,131.04166666666666,53.9375,90.03750000000001,21.820833333333336,19.754166666666663,642.0,100.95833333333331,19.329166666666666,52.29166666666666,0.0,140.95833333333334,126.875,116.875,5,4,1,2024,5,104.58333333333331,122.5,107.66666666666669,108.125,26.458333333333343,23.37499999999997,22.916666666666657,111.58333333333331,106.48214285714286,39.95972222222223,36.8702380952381,62.02777777777778,56.57559523809524
2024-01-06,140.95833333333334,47.5375,76.74166666666666,14.195833333333333,18.45833333333333,633.2083333333334,106.875,19.758333333333333,53.125,0.0,126.875,116.875,115.16666666666669,6,5,1,2024,6,131.04166666666666,104.58333333333331,122.5,84.04166666666667,9.916666666666686,18.458333333333343,56.91666666666667,119.375,109.75595238095238,44.47638888888889,40.44880952380952,72.00694444444444,63.20119047619048
2024-01-07,126.875,43.47916666666666,66.77083333333333,12.95,20.591666666666665,692.125,111.20833333333331,19.17083333333333,51.708333333333336,0.0,116.875,115.16666666666669,106.91666666666669,7,6,1,2024,7,140.95833333333334,131.04166666666666,104.58333333333331,103.875,-14.083333333333345,22.29166666666669,23.0,125.52777777777776,117.88690476190474,46.74722222222223,42.94345238095239,76.21666666666668,67.6297619047619
2024-01-08,116.875,44.3625,67.23333333333333,28.916666666666668,22.2625,914.125,104.375,19.20833333333333,55.083333333333336,0.0,115.16666666666669,106.91666666666669,93.5,8,0,1,2024,8,126.875,140.95833333333334,131.04166666666666,114.58333333333331,-10.0,-14.166666666666655,2.2916666666666856,132.95833333333334,121.17261904761904,48.31805555555555,43.34166666666666,77.85000000000001,68.175
2024-01-09,115.16666666666669,37.12083333333333,58.90833333333333,13.804166666666667,16.679166666666667,622.9583333333334,103.375,19.004166666666663,48.333333333333336,0.0,106.91666666666669,93.5,104.08333333333331,9,1,1,2024,9,116.875,126.875,140.95833333333334,107.66666666666669,-1.7083333333333144,-25.791666666666657,7.5,128.23611111111111,121.5,45.12638888888889,44.17083333333333,70.24861111111112,69.55238095238096
2024-01-10,106.91666666666669,37.125,56.46666666666667,18.8625,19.7,656.5,101.83333333333331,18.279166666666665,45.708333333333336,0.0,93.5,104.08333333333331,113.33333333333331,10,2,1,2024,10,115.16666666666669,116.875,126.875,122.5,-8.25,-19.958333333333314,-15.583333333333314,119.6388888888889,122.57142857142856,41.65416666666666,43.704166666666666,64.30416666666666,69.38214285714285
2024-01-11,93.5,33.208333333333336,50.4875,36.54166666666666,22.67083333333333,842.875,74.875,17.854166666666668,50.04166666666666,0.0,104.08333333333331,113.33333333333331,79.875,11,3,1,2024,11,106.91666666666669,115.16666666666669,116.875,104.58333333333331,-13.416666666666686,-23.375,-11.083333333333314,112.98611111111111,120.3452380952381,39.536111111111104,43.18988095238095,60.86944444444445,68.28988095238095
2024-01-12,104.08333333333331,37.0125,55.1375,54.25,27.95,866.375,59.41666666666666,18.4375,49.958333333333336,0.0,113.33333333333331,79.875,133.20833333333334,12,4,1,2024,12,93.5,106.91666666666669,115.16666666666669,131.04166666666666,10.583333333333314,-11.083333333333371,-26.958333333333343,105.19444444444446,118.7619047619048,35.81805555555556,42.39583333333333,55.2875,66.6636904761905
2024-01-13,113.33333333333331,34.0125,53.76666666666667,49.00833333333333,13.920833333333334,840.0416666666666,52.625,18.441666666666663,76.125,0.0,79.875,133.20833333333334,103.79166666666669,13,5,1,2024,13,104.08333333333331,93.5,106.91666666666669,140.95833333333334,9.25,6.416666666666629,-27.62500000000003,101.5,114.91071428571428,35.78194444444445,39.97797619047619,54.03055555555556,61.6779761904762
2024-01-14,79.875,29.633333333333336,60.12083333333334,41.17083333333333,14.5375,662.875,71.70833333333333,20.491666666666667,79.625,0.0,133.20833333333334,103.79166666666669,96.16666666666669,14,6,1,2024,14,113.33333333333331,104.08333333333331,93.5,126.875,-33.458333333333314,-13.625,-47.0,103.63888888888889,110.96428571428572,34.74444444444445,38.04583333333333,53.13055555555556,58.39583333333333
2024-01-15,133.20833333333334,54.84583333333333,99.8,35.49166666666667,18.8875,819.875,80.83333333333333,19.558333333333334,71.70833333333333,0.0,103.79166666666669,96.16666666666669,148.91666666666666,15,0,1,2024,15,79.875,113.33333333333331,104.08333333333331,116.875,53.33333333333334,29.12500000000003,16.333333333333343,99.0972222222222,104.25,33.552777777777784,36.067857142857136,56.34166666666667,57.44583333333333
2024-01-16,103.79166666666669,25.308333333333334,67.37083333333334,28.729166666666668,7.266666666666667,438.4166666666667,66.41666666666667,22.21666666666667,78.16666666666667,0.0,96.16666666666669,148.91666666666666,147.875,16,1,1,2024,16,133.20833333333334,79.875,113.33333333333331,115.16666666666669,-29.416666666666657,-9.541666666666629,-11.375,108.80555555555554,106.58333333333334,39.49722222222223,37.5654761904762,71.22916666666667,62.098214285714285
2024-01-17,96.16666666666669,46.775,88.85000000000001,31.675,20.2375,687.2916666666666,80.16666666666667,22.10833333333333,57.958333333333336,0.0,148.91666666666666,147.875,156.04166666666666,17,2,1,2024,17,103.79166666666669,133.20833333333334,79.875,106.91666666666669,-7.625,16.291666666666686,-10.75,105.625,104.95833333333331,36.59583333333334,35.87797619047619,75.7638888888889,63.307142857142864
2024-01-18,148.91666666666666,61.11666666666667,96.69583333333333,26.120833333333334,25.975,871.4166666666666,111.95833333333331,20.65,51.708333333333336,0.0,147.875,156.04166666666666,135.33333333333334,18,3,1,2024,18,96.16666666666669,103.79166666666669,133.20833333333334,93.5,52.74999999999997,15.708333333333314,55.41666666666666,111.0555555555556,103.42261904761908,42.30972222222223,37.25654761904762,85.34027777777779,67.93333333333334
2024-01-19,147.875,54.06666666666666,86.81666666666666,46.93333333333334,30.666666666666668,1053.5416666666667,100.70833333333331,20.066666666666663,48.91666666666666,0.0,156.04166666666666,135.33333333333334,151.875,19,4,1,2024,19,148.91666666666666,96.16666666666669,103.79166666666669,104.08333333333331,-1.0416666666666572,44.083333333333314,43.791666666666686,116.29166666666669,111.33928571428574,44.4,41.24345238095238,84.30555555555556,74.5345238095238
2024-01-20,156.04166666666666,55.85833333333333,93.4875,49.95416666666667,22.875,1182.25,89.0,20.45,78.04166666666667,0.0208333333333333,135.33333333333334,151.875,110.54166666666669,20,5,1,2024,20,147.875,148.91666666666666,96.16666666666669,113.33333333333331,8.166666666666657,59.87499999999997,42.70833333333334,130.98611111111111,117.59523809523807,53.98611111111111,43.679761904761904,90.7875,79.06011904761905
2024-01-21,135.33333333333334,50.72083333333333,86.91666666666667,53.50833333333333,24.516666666666666,1013.375,80.41666666666667,21.141666666666666,62.375,0.0,151.875,110.54166666666669,138.54166666666666,21,6,1,2024,21,156.04166666666666,147.875,148.91666666666666,79.875,-20.708333333333314,-13.583333333333314,55.45833333333334,150.94444444444443,123.69642857142856,57.013888888888886,46.80059523809524,92.33333333333331,84.73452380952381
2024-01-22,151.875,52.3125,90.925,48.75,20.53333333333333,1023.2083333333334,79.70833333333333,20.20833333333333,66.33333333333333,0.0,110.54166666666669,138.54166666666666,153.95833333333334,22,0,1,2024,22,135.33333333333334,156.04166666666666,147.875,133.20833333333334,16.541666666666657,4.0,18.666666666666657,146.41666666666666,131.61904761904762,53.54861111111111,49.81309523809525,89.07361111111112,88.5625
2024-01-23,110.54166666666669,42.875,80.89166666666667,34.479166666666664,16.95,659.1666666666666,79.79166666666667,20.620833333333334,68.625,0.0,138.54166666666666,153.95833333333334,141.20833333333334,23,1,1,2024,23,151.875,135.33333333333334,156.04166666666666,103.79166666666669,-41.333333333333314,-45.49999999999997,6.75,147.75,134.28571428571428,52.96388888888888,49.45119047619047,90.44305555555556,87.29464285714286
2024-01-24,138.54166666666666,54.44583333333333,98.5875,35.00416666666667,27.28333333333333,828.9583333333334,88.70833333333333,18.7875,59.91666666666666,0.0,153.95833333333334,141.20833333333334,152.58333333333334,24,2,1,2024,24,110.54166666666669,151.875,135.33333333333334,96.16666666666669,27.99999999999997,3.2083333333333144,42.37499999999997,132.58333333333334,135.25,48.63611111111111,51.96071428571428,86.24444444444445,89.22619047619048
2024-01-25,153.95833333333334,59.60416666666666,105.91666666666669,47.51666666666667,23.0875,1041.5,71.5,19.15833333333333,70.04166666666667,0.0,141.20833333333334,152.58333333333334,151.95833333333334,25,3,1,2024,25,138.54166666666666,110.54166666666669,151.875,148.91666666666666,15.416666666666686,2.083333333333343,5.041666666666686,133.6527777777778,141.30357142857142,49.87777777777777,53.05654761904761,90.13472222222224,90.6172619047619
2024-01-26,141.20833333333334,54.81666666666666,92.4375,34.8375,21.0375,804.5416666666666,88.04166666666667,20.245833333333334,60.208333333333336,0.0,152.58333333333334,151.95833333333334,113.75,26,4,1,2024,26,153.95833333333334,138.54166666666666,110.54166666666669,147.875,-12.75,30.666666666666657,-6.666666666666657,134.34722222222223,142.02380952380955,52.30833333333333,52.84047619047619,95.13194444444446,91.93452380952382
2024-01-27,152.58333333333334,60.22916666666666,96.1625,26.6375,21.70833333333333,869.2083333333334,109.45833333333331,20.5125,50.29166666666666,0.0,151.95833333333334,113.75,75.75,27,5,1,2024,27,141.20833333333334,153.95833333333334,138.54166666666666,156.04166666666666,11.375,14.041666666666686,-3.4583333333333144,144.56944444444446,141.07142857142858,56.28888888888888,52.94761904761904,98.98055555555555,92.73749999999998
2024-01-28,151.95833333333334,54.333333333333336,90.8125,21.525,19.775,823.0,100.29166666666669,19.441666666666663,65.875,0.0,113.75,75.75,77.04166666666667,28,6,1,2024,28,152.58333333333334,141.20833333333334,153.95833333333334,135.33333333333334,-0.625,-2.0,16.625,149.25,140.577380952381,58.21666666666666,53.5720238095238,98.17222222222222,93.11964285714284
2024-01-29,113.75,23.875,50.05833333333334,18.9,5.9625,357.0416666666667,75.83333333333333,22.79583333333333,75.54166666666667,0.0166666666666666,75.75,77.04166666666667,76.41666666666667,29,0,1,2024,29,151.95833333333334,152.58333333333334,141.20833333333334,151.875,-38.20833333333334,-27.458333333333343,-38.125,148.58333333333334,142.952380952381,56.45972222222222,54.08809523809523,93.1375,93.67619047619048
2024-01-30,75.75,24.225,74.53750000000001,24.116666666666664,7.258333333333333,375.125,63.375,22.129166666666663,80.95833333333333,0.0333333333333333,77.04166666666667,76.41666666666667,100.5,30,1,1,2024,30,113.75,151.95833333333334,152.58333333333334,110.54166666666669,-38.0,-76.83333333333334,-34.791666666666686,139.43055555555557,137.50595238095238,46.145833333333336,50.02559523809523,79.0111111111111,87.83809523809525
2024-01-31,77.04166666666667,22.504166666666663,61.4125,20.55,6.3,344.625,71.125,22.7625,79.58333333333333,0.0125,76.41666666666667,100.5,116.25,31,2,1,2024,31,75.75,113.75,151.95833333333334,138.54166666666666,1.2916666666666714,-74.91666666666667,-61.49999999999999,113.81944444444446,132.5357142857143,34.144444444444446,47.36130952380952,71.80277777777779,86.93035714285716
2024-02-01,76.41666666666667,27.925,87.56666666666666,22.695833333333336,9.95,384.0833333333333,78.29166666666667,22.8875,62.91666666666666,0.0,100.5,116.25,84.75,1,3,2,2024,32,77.04166666666667,75.75,113.75,153.95833333333334,-0.625,-37.33333333333333,-77.54166666666667,88.84722222222223,123.75,23.534722222222214,42.79821428571428,62.00277777777779,81.61964285714285
2024-02-02,100.5,40.766666666666666,134.66666666666666,27.666666666666668,11.325,409.9166666666667,59.79166666666666,23.2125,73.25,0.0,116.25,84.75,82.45833333333333,2,4,2,2024,33,76.41666666666667,77.04166666666667,75.75,141.20833333333334,24.08333333333333,24.75,-40.70833333333334,76.40277777777779,112.67261904761904,24.884722222222223,38.272619047619045,74.50555555555556,78.9982142857143
2024-02-03,116.25,35.237500000000004,91.7875,32.362500000000004,10.666666666666666,519.0,46.29166666666666,21.89583333333333,76.33333333333333,0.1333333333333333,84.75,82.45833333333333,82.25,3,5,2,2024,34,100.5,76.41666666666667,77.04166666666667,152.58333333333334,15.75,39.20833333333333,-36.33333333333334,84.65277777777779,106.85714285714286,30.39861111111111,36.26547619047619,94.5486111111111,85.03095238095239
2024-02-04,84.75,24.1125,79.15833333333333,20.28333333333333,5.2125,321.1666666666667,71.0,22.8625,79.54166666666667,0.0499999999999999,82.45833333333333,82.25,83.91666666666667,4,6,2,2024,35,116.25,100.5,76.41666666666667,151.95833333333334,-31.5,8.333333333333329,-67.20833333333334,97.72222222222224,101.66666666666669,34.64305555555556,32.695238095238096,104.6736111111111,84.40595238095239
2024-02-05,82.45833333333333,26.34166666666667,48.82916666666667,27.379166666666663,11.320833333333333,481.375,79.0,21.429166666666664,77.375,0.0,82.25,83.91666666666667,93.95833333333331,5,0,2,2024,36,84.75,116.25,100.5,113.75,-2.2916666666666714,-18.04166666666667,-31.29166666666667,100.5,92.0654761904762,33.37222222222222,28.377976190476197,101.87083333333332,82.74107142857143
2024-02-06,82.25,24.35833333333333,53.72083333333333,26.5,10.25,451.0833333333333,84.08333333333333,21.508333333333336,73.0,0.0041666666666666,83.91666666666667,93.95833333333331,87.41666666666667,6,1,2,2024,37,82.45833333333333,84.75,116.25,75.75,-0.2083333333333286,-34.0,6.5,94.4861111111111,87.5952380952381,28.563888888888894,28.730357142857144,73.25833333333334,82.56547619047618
2024-02-07,83.91666666666667,31.97083333333333,68.6375,21.1125,11.825,445.5416666666667,79.375,22.5375,60.333333333333336,0.0,93.95833333333331,87.41666666666667,83.16666666666667,7,2,2,2024,38,82.25,82.45833333333333,84.75,77.04166666666667,1.6666666666666714,-0.8333333333333286,6.875,83.15277777777777,88.52380952380953,24.9375,28.749404761904763,60.56944444444445,79.59166666666665
2024-02-08,93.95833333333331,28.35,52.645833333333336,24.008333333333336,13.416666666666666,482.0416666666667,89.91666666666667,20.8,44.16666666666666,0.0,87.41666666666667,83.16666666666667,81.91666666666667,8,3,2,2024,39,83.91666666666667,82.25,82.45833333333333,76.41666666666667,10.041666666666645,11.499999999999986,17.541666666666643,82.875,89.50595238095238,27.556944444444444,30.101785714285715,57.0625,80.62380952380953
2024-02-09,87.41666666666667,26.85833333333333,53.35,32.55416666666667,11.866666666666667,575.8333333333334,74.95833333333333,19.425,55.208333333333336,0.0,83.16666666666667,81.91666666666667,87.95833333333333,9,4,2,2024,40,93.95833333333331,83.91666666666667,82.25,100.5,-6.541666666666643,5.166666666666671,-13.083333333333329,86.70833333333333,92.01190476190474,28.22638888888889,30.1625,58.33472222222222,75.63511904761903
2024-02-10,83.16666666666667,25.3,53.35833333333333,30.27083333333333,11.033333333333331,496.7916666666667,85.04166666666667,21.325,66.5,0.0,81.91666666666667,87.95833333333333,101.95833333333331,10,5,2,2024,41,87.41666666666667,93.95833333333331,83.91666666666667,116.25,-4.25,-0.75,-33.08333333333333,88.43055555555556,90.14285714285712,29.05972222222222,28.17559523809524,58.21111111111111,64.01845238095238
2024-02-11,81.91666666666667,25.73333333333333,44.95416666666667,27.979166666666668,13.35,483.9583333333333,88.20833333333333,21.416666666666668,41.04166666666666,0.0,87.95833333333333,101.95833333333331,117.41666666666669,11,6,2,2024,42,83.16666666666667,87.41666666666667,93.95833333333331,84.75,-1.25,-12.041666666666645,-2.8333333333333286,88.18055555555556,85.41666666666666,26.83611111111111,26.75595238095238,53.11805555555555,58.52857142857143
2024-02-12,87.95833333333333,32.770833333333336,50.90416666666667,36.22916666666666,16.037499999999998,624.3333333333334,84.75,21.570833333333336,38.875,0.0,101.95833333333331,117.41666666666669,128.83333333333334,12,0,2,2024,43,81.91666666666667,83.16666666666667,87.41666666666667,82.45833333333333,6.041666666666657,0.5416666666666572,5.5,84.16666666666667,85.01190476190474,25.96388888888889,26.9875,50.55416666666667,53.6422619047619
2024-02-13,101.95833333333331,38.81666666666667,64.31666666666666,45.87916666666666,21.2375,752.5,69.0,21.254166666666663,45.91666666666666,0.0,117.41666666666669,128.83333333333334,118.125,13,1,2,2024,44,87.95833333333333,81.91666666666667,83.16666666666667,82.25,13.999999999999986,18.791666666666643,19.708333333333314,84.34722222222223,85.79761904761905,27.934722222222224,27.90595238095238,49.73888888888889,53.93869047619047
2024-02-14,117.41666666666669,43.7875,73.55416666666666,50.07083333333333,20.425,938.875,68.41666666666667,21.275,49.875,0.0,128.83333333333334,118.125,104.375,14,2,2,2024,45,101.95833333333331,87.95833333333333,81.91666666666667,83.91666666666667,15.458333333333371,35.500000000000014,33.500000000000014,90.6111111111111,88.61309523809526,32.44027777777777,29.971428571428568,53.39166666666667,55.45238095238096
2024-02-15,128.83333333333334,48.19583333333333,79.575,51.81666666666666,17.633333333333333,955.0416666666666,71.625,21.379166666666663,54.25,0.0,118.125,104.375,68.45833333333333,15,3,2,2024,46,117.41666666666669,101.95833333333331,87.95833333333333,93.95833333333331,11.416666666666655,40.875000000000014,34.87500000000003,102.44444444444444,93.39880952380952,38.458333333333336,31.659523809523808,62.92499999999999,56.15476190476191
2024-02-16,118.125,36.8625,60.19166666666666,52.72083333333333,17.279166666666665,863.2083333333334,65.125,22.23333333333333,39.625,0.0,104.375,68.45833333333333,64.0,16,4,2,2024,47,128.83333333333334,117.41666666666669,101.95833333333331,87.41666666666667,-10.708333333333345,16.166666666666686,30.70833333333333,116.06944444444446,98.38095238095238,43.6,34.49464285714286,72.48194444444444,60.00178571428571
2024-02-17,104.375,30.85833333333333,50.0125,44.55833333333334,15.104166666666666,730.0,70.91666666666667,22.004166666666663,45.958333333333336,0.0,68.45833333333333,64.0,71.54166666666667,17,5,2,2024,48,118.125,128.83333333333334,117.41666666666669,83.16666666666667,-13.75,-13.041666666666686,21.20833333333333,121.45833333333331,102.76785714285714,42.94861111111111,35.92380952380952,71.10694444444444,60.97916666666666
2024-02-18,68.45833333333333,15.045833333333334,27.9,13.0125,5.395833333333333,289.4166666666667,86.5,23.10833333333333,74.16666666666667,0.0,64.0,71.54166666666667,74.41666666666667,18,6,2,2024,49,104.375,118.125,128.83333333333334,81.91666666666667,-35.91666666666667,-60.375000000000014,-13.458333333333345,117.11111111111111,105.79761904761904,38.63888888888889,36.71785714285714,63.259722222222216,60.50119047619047
2024-02-19,64.0,17.837500000000002,44.53333333333333,8.979166666666666,3.7541666666666655,254.3333333333333,95.41666666666669,24.695833333333336,75.875,0.0,71.54166666666667,74.41666666666667,68.125,19,0,2,2024,50,68.45833333333333,104.375,118.125,87.95833333333333,-4.458333333333329,-54.125,-23.95833333333333,96.9861111111111,103.875,27.58888888888889,35.191071428571426,46.03472222222222,58.06488095238094
2024-02-20,71.54166666666667,20.8,49.02916666666667,11.391666666666666,4.775,258.1666666666667,99.33333333333331,23.5375,75.08333333333333,0.0,74.41666666666667,68.125,92.0,20,1,2,2024,51,64.0,68.45833333333333,104.375,101.95833333333331,7.541666666666671,-32.83333333333333,-30.416666666666643,78.94444444444444,100.45238095238096,21.247222222222224,33.05773809523809,40.81527777777777,57.15476190476189
2024-02-21,74.41666666666667,19.729166666666668,55.62916666666666,13.170833333333334,5.025,289.875,105.625,23.416666666666668,69.625,0.0,68.125,92.0,79.95833333333333,21,2,2,2024,52,71.54166666666667,64.0,68.45833333333333,117.41666666666669,2.875,5.958333333333343,-43.000000000000014,68.0,96.10714285714286,17.894444444444446,30.48392857142857,40.4875,54.97083333333334
2024-02-22,68.125,18.83333333333333,68.14583333333333,22.1375,8.058333333333334,372.375,84.75,23.229166666666668,40.375,0.0,92.0,79.95833333333333,76.79166666666667,22,3,2,2024,53,74.41666666666667,71.54166666666667,64.0,128.83333333333334,-6.291666666666671,4.125,-60.70833333333334,69.98611111111113,89.96428571428571,19.45555555555556,27.04702380952381,49.730555555555554,52.41011904761905
2024-02-23,92.0,29.9125,87.1875,36.74583333333333,14.75,636.75,86.20833333333333,20.9375,37.458333333333336,0.0,79.95833333333333,76.79166666666667,77.16666666666667,23,4,2,2024,54,68.125,74.41666666666667,71.54166666666667,118.125,23.875,20.45833333333333,-26.125,71.36111111111111,81.29166666666667,19.7875,22.852380952380948,57.60138888888889,50.77738095238095
2024-02-24,79.95833333333333,19.2,64.53750000000001,17.829166666666666,10.091666666666669,338.875,98.125,22.3625,53.79166666666666,0.0,76.79166666666667,77.16666666666667,90.125,24,5,2,2024,55,92.0,68.125,74.41666666666667,104.375,-12.041666666666671,5.541666666666657,-24.41666666666667,78.18055555555556,77.55952380952382,22.825,21.85952380952381,70.32083333333333,54.63392857142857
2024-02-25,76.79166666666667,23.245833333333334,53.19166666666666,26.48333333333333,13.5375,478.25,77.5,22.8125,39.958333333333336,0.0,77.16666666666667,90.125,93.54166666666669,25,6,2,2024,56,79.95833333333333,92.0,68.125,68.45833333333333,-3.166666666666657,8.666666666666671,8.333333333333343,80.02777777777777,74.07142857142857,22.64861111111111,20.194047619047616,73.29027777777777,56.70892857142858
2024-02-26,77.16666666666667,21.691666666666663,48.69166666666666,8.316666666666666,10.129166666666666,287.0833333333333,111.41666666666669,23.354166666666668,29.416666666666668,0.0,90.125,93.54166666666669,88.91666666666667,26,0,2,2024,57,76.79166666666667,79.95833333333333,92.0,64.0,0.375,-14.833333333333329,13.166666666666671,82.91666666666667,75.26190476190477,24.119444444444444,21.36547619047619,68.30555555555556,60.322023809523806
2024-02-27,90.125,34.833333333333336,69.875,8.8375,12.4375,334.625,106.66666666666669,21.4875,46.54166666666666,0.0,93.54166666666669,88.91666666666667,81.45833333333333,27,1,2,2024,58,77.16666666666667,76.79166666666667,79.95833333333333,71.54166666666667,12.958333333333329,10.166666666666671,18.58333333333333,77.97222222222223,77.14285714285714,21.379166666666663,21.916071428571428,55.47361111111112,60.91607142857144
2024-02-28,93.54166666666669,27.3875,62.65833333333333,13.5875,13.658333333333331,386.0416666666667,110.58333333333331,23.0,41.208333333333336,0.0,88.91666666666667,81.45833333333333,74.875,28,2,2,2024,59,90.125,77.16666666666667,76.79166666666667,74.41666666666667,3.4166666666666856,16.750000000000014,19.12500000000001,81.36111111111111,79.79761904761905,26.590277777777786,23.920833333333334,57.25277777777777,63.89404761904762
2024-02-29,88.91666666666667,23.575,61.8375,16.979166666666668,13.058333333333332,401.9166666666667,106.66666666666669,24.02916666666667,42.5,0.0,81.45833333333333,74.875,83.29166666666667,29,3,2,2024,60,93.54166666666669,90.125,77.16666666666667,68.125,-4.625000000000014,11.75,20.79166666666667,86.94444444444446,82.52976190476191,27.97083333333333,25.014880952380956,60.40833333333333,64.89821428571429
2024-03-01,81.45833333333333,25.383333333333336,63.49166666666667,21.8,9.029166666666669,445.125,88.04166666666667,21.370833333333334,72.20833333333333,0.3083333333333333,74.875,83.29166666666667,96.41666666666669,1,4,3,2024,61,88.91666666666667,93.54166666666669,90.125,92.0,-7.458333333333343,-8.666666666666671,-10.541666666666671,90.86111111111111,85.5,28.59861111111111,25.6922619047619,64.79027777777777,63.9970238095238
2024-03-02,74.875,21.016666666666666,83.39583333333333,8.9125,6.895833333333333,240.25,81.08333333333333,17.570833333333333,50.208333333333336,0.0,83.29166666666667,96.41666666666669,84.33333333333333,2,5,3,2024,62,81.45833333333333,88.91666666666667,93.54166666666669,79.95833333333333,-6.583333333333329,-18.66666666666669,-5.083333333333329,87.97222222222223,83.99404761904762,25.44861111111111,25.04523809523809,62.6625,60.61190476190476
2024-03-03,83.29166666666667,33.80416666666667,119.99166666666667,12.195833333333333,10.458333333333334,262.25,87.04166666666667,16.045833333333334,39.16666666666666,0.0,96.41666666666669,84.33333333333333,86.83333333333333,3,6,3,2024,63,74.875,81.45833333333333,88.91666666666667,76.79166666666667,8.416666666666671,-5.625,6.5,81.75,83.26785714285714,23.325,25.304761904761904,69.575,63.30595238095238
2024-03-04,96.41666666666669,29.391666666666666,79.825,21.758333333333336,15.629166666666668,421.375,83.75,17.4875,46.333333333333336,0.0,84.33333333333333,86.83333333333333,81.45833333333333,4,0,3,2024,64,83.29166666666667,74.875,81.45833333333333,77.16666666666667,13.125000000000014,14.958333333333355,19.25000000000001,79.875,84.19642857142857,26.734722222222228,26.81309523809524,88.95972222222223,72.84880952380952
2024-03-05,84.33333333333333,22.325,46.4,21.35833333333333,14.366666666666667,403.8333333333333,84.41666666666667,19.9625,28.875,0.0,86.83333333333333,81.45833333333333,96.625,5,1,3,2024,65,96.41666666666669,83.29166666666667,74.875,90.125,-12.083333333333355,9.458333333333329,-5.791666666666671,84.86111111111113,86.94642857142857,28.070833333333336,27.913095238095234,94.40416666666664,77.29642857142858
2024-03-06,86.83333333333333,21.04583333333333,49.43333333333334,15.8,15.25,362.2083333333333,105.45833333333331,20.3875,36.75,0.0,81.45833333333333,96.625,100.125,6,2,3,2024,66,84.33333333333333,96.41666666666669,83.29166666666667,93.54166666666669,2.5,3.541666666666657,-6.708333333333357,88.0138888888889,86.11904761904762,28.506944444444443,26.12619047619048,82.07222222222222,73.94285714285715
2024-03-07,81.45833333333333,22.34583333333333,60.05833333333334,16.491666666666667,11.325,332.5833333333333,98.79166666666669,22.541666666666668,57.458333333333336,0.0,96.625,100.125,107.375,7,3,3,2024,67,86.83333333333333,84.33333333333333,96.41666666666669,88.91666666666667,-5.375,-14.958333333333355,-7.458333333333343,89.19444444444444,85.16071428571429,24.254166666666663,25.22023809523809,58.55277777777778,72.05357142857143
2024-03-08,96.625,28.258333333333336,56.22916666666666,24.429166666666664,16.325,487.5416666666667,97.79166666666669,22.829166666666666,48.54166666666666,0.0,100.125,107.375,96.08333333333331,8,4,3,2024,68,81.45833333333333,86.83333333333333,84.33333333333333,81.45833333333333,15.166666666666671,12.291666666666671,15.166666666666671,84.20833333333333,84.09523809523809,21.905555555555555,25.044642857142858,51.963888888888896,71.79940476190475
2024-03-09,100.125,32.15833333333333,60.3625,28.2875,16.566666666666666,537.125,95.41666666666669,23.320833333333336,40.333333333333336,0.0,107.375,96.08333333333331,73.0,9,5,3,2024,69,96.625,81.45833333333333,86.83333333333333,74.875,3.5,13.291666666666671,25.25,88.30555555555554,86.26190476190474,23.883333333333336,25.455357142857142,55.24027777777778,70.76190476190474
2024-03-10,107.375,43.98333333333333,90.8125,34.81666666666667,22.891666666666666,631.2916666666666,84.79166666666667,21.77916666666667,49.54166666666666,0.0916666666666666,96.08333333333331,73.0,66.54166666666667,10,6,3,2024,70,100.125,96.625,81.45833333333333,83.29166666666667,7.25,25.91666666666667,24.08333333333333,92.7361111111111,89.8690476190476,27.5875,27.047023809523807,58.883333333333326,67.47142857142858
2024-03-11,96.08333333333331,22.933333333333334,56.30416666666667,14.854166666666666,8.112499999999999,326.0833333333333,86.75,22.704166666666666,70.70833333333333,0.0,73.0,66.54166666666667,110.41666666666669,11,0,3,2024,71,107.375,100.125,96.625,96.41666666666669,-11.291666666666686,-0.5416666666666856,-0.3333333333333712,101.375,93.3095238095238,34.800000000000004,28.50119047619048,69.13472222222221,63.302976190476194
2024-03-12,73.0,18.375,38.69583333333333,15.820833333333333,8.345833333333333,302.5,75.5,23.104166666666668,81.79166666666667,0.0,66.54166666666667,110.41666666666669,98.33333333333331,12,1,3,2024,72,96.08333333333331,107.375,100.125,84.33333333333333,-23.083333333333314,-27.125,-11.333333333333329,101.19444444444444,93.26190476190474,33.025,27.57857142857143,69.15972222222223,59.94285714285714
2024-03-13,66.54166666666667,26.129166666666663,91.02083333333331,11.658333333333331,6.095833333333334,248.04166666666663,84.75,24.933333333333334,57.5,0.0,110.41666666666669,98.33333333333331,87.25,13,2,3,2024,73,73.0,96.08333333333331,107.375,86.83333333333333,-6.458333333333329,-40.83333333333333,-20.291666666666657,92.15277777777776,91.64285714285714,28.430555555555557,27.014285714285712,61.9375,58.84226190476191
2024-03-14,110.41666666666669,42.975,130.55833333333334,19.516666666666666,13.508333333333333,358.6666666666667,91.08333333333331,23.633333333333336,29.916666666666668,0.0,98.33333333333331,87.25,87.41666666666667,14,3,3,2024,74,66.54166666666667,73.0,96.08333333333331,81.45833333333333,43.875000000000014,14.333333333333371,28.95833333333336,78.54166666666667,88.7440476190476,22.479166666666668,27.74047619047619,62.00694444444444,64.78333333333333
2024-03-15,98.33333333333331,24.945833333333336,48.15,24.633333333333336,10.245833333333334,418.5416666666667,89.33333333333333,24.46666666666667,35.708333333333336,0.0,87.25,87.41666666666667,93.33333333333331,15,4,3,2024,75,110.41666666666669,66.54166666666667,73.0,96.625,-12.083333333333371,25.333333333333314,1.7083333333333144,83.31944444444446,92.8809523809524,29.159722222222214,30.6875,86.75833333333333,74.8547619047619
2024-03-16,87.25,25.854166666666668,59.8875,22.39583333333333,10.004166666666666,378.5833333333333,92.375,24.95833333333333,35.833333333333336,0.0,87.41666666666667,93.33333333333331,71.20833333333333,16,5,3,2024,76,98.33333333333331,110.41666666666669,66.54166666666667,100.125,-11.083333333333314,20.70833333333333,-12.875,91.7638888888889,93.125,31.35,30.21428571428571,89.90972222222221,73.70059523809525
2024-03-17,87.41666666666667,19.941666666666663,48.14166666666667,17.95,10.775,338.2083333333333,101.66666666666669,26.541666666666668,28.83333333333333,0.0,93.33333333333331,71.20833333333333,79.16666666666667,17,6,3,2024,77,87.25,98.33333333333331,110.41666666666669,107.375,0.1666666666666714,-23.00000000000001,-19.95833333333333,98.66666666666669,91.28571428571428,31.258333333333336,29.31369047619047,79.53194444444445,73.6327380952381
2024-03-18,93.33333333333331,22.179166666666664,49.19166666666666,20.85833333333333,12.808333333333332,390.0,106.0,26.508333333333336,36.5,0.0,71.20833333333333,79.16666666666667,78.0,18,0,3,2024,78,87.41666666666667,87.25,98.33333333333331,96.08333333333331,5.916666666666643,-5.0,-2.75,91.0,88.43452380952381,23.58055555555556,25.879166666666663,52.05972222222223,67.53690476190475
2024-03-19,71.20833333333333,16.650000000000002,54.85833333333333,18.975,6.983333333333333,328.3333333333333,76.91666666666667,26.64583333333333,55.75,0.0,79.16666666666667,78.0,82.91666666666667,19,1,3,2024,79,93.33333333333331,87.41666666666667,87.25,73.0,-22.124999999999982,-16.04166666666667,-1.7916666666666714,89.33333333333333,88.04166666666667,22.65833333333333,25.77142857142857,52.40694444444444,66.52083333333333
2024-03-20,79.16666666666667,22.90833333333333,72.42916666666666,25.683333333333334,9.316666666666666,440.7083333333333,84.79166666666667,25.8375,66.41666666666667,0.0,78.0,82.91666666666667,74.45833333333333,20,2,3,2024,80,71.20833333333333,93.33333333333331,87.41666666666667,66.54166666666667,7.958333333333343,-8.25,12.625,83.9861111111111,87.7857142857143,19.59027777777777,25.525,50.730555555555554,68.8297619047619
2024-03-21,78.0,25.616666666666664,61.34166666666667,17.037499999999998,5.941666666666666,311.0416666666667,78.5,26.666666666666668,53.208333333333336,0.0,82.91666666666667,74.45833333333333,74.58333333333333,21,3,3,2024,81,79.16666666666667,71.20833333333333,93.33333333333331,110.41666666666669,-1.1666666666666714,-15.333333333333314,-32.416666666666686,81.2361111111111,89.58928571428571,20.579166666666666,25.064880952380957,58.82638888888888,66.17380952380952
2024-03-22,82.91666666666667,23.916666666666668,56.0875,11.354166666666666,5.108333333333333,266.8333333333333,90.41666666666669,26.325,69.66666666666667,0.0,74.45833333333333,74.58333333333333,78.66666666666667,22,4,3,2024,82,78.0,79.16666666666667,71.20833333333333,98.33333333333331,4.916666666666671,11.708333333333345,-15.416666666666645,76.125,84.95833333333333,21.725,22.58511904761905,62.87638888888889,56.285714285714285
2024-03-23,74.45833333333333,22.179166666666664,71.0125,13.125,5.416666666666667,253.41666666666663,76.375,25.95833333333333,80.75,0.0,74.58333333333333,78.66666666666667,66.75,23,5,3,2024,83,82.91666666666667,78.0,79.16666666666667,87.25,-8.458333333333343,-4.708333333333343,-12.791666666666671,80.02777777777779,82.75595238095238,24.147222222222226,22.43809523809524,63.286111111111104,57.41964285714285
2024-03-24,74.58333333333333,20.6,58.0625,13.816666666666668,4.979166666666667,250.54166666666663,71.125,26.77083333333333,72.83333333333333,0.0,78.66666666666667,66.75,66.41666666666667,24,6,3,2024,84,74.45833333333333,82.91666666666667,78.0,87.41666666666667,0.125,-3.4166666666666714,-12.833333333333345,78.45833333333333,80.92857142857143,23.904166666666665,21.913095238095234,62.81388888888889,59.00892857142856
2024-03-25,78.66666666666667,20.2875,56.15,18.929166666666667,7.574999999999999,334.5,84.58333333333333,27.10833333333333,67.33333333333333,0.0,66.75,66.41666666666667,71.5,25,0,3,2024,85,74.58333333333333,74.45833333333333,82.91666666666667,93.33333333333331,4.083333333333343,-4.25,-14.666666666666645,77.31944444444444,79.09523809523809,22.23194444444444,22.007142857142856,61.72083333333333,60.42619047619047
2024-03-26,66.75,17.425,40.69166666666667,15.370833333333332,5.604166666666667,287.25,70.29166666666667,27.65,66.25,0.0,66.41666666666667,71.5,69.95833333333333,26,1,3,2024,86,78.66666666666667,74.58333333333333,74.45833333333333,71.20833333333333,-11.916666666666671,-7.708333333333329,-4.458333333333329,75.90277777777777,77.0,21.022222222222226,21.73690476190476,61.74166666666667,61.4202380952381
2024-03-27,66.41666666666667,19.3125,61.43333333333334,13.466666666666669,5.3500000000000005,259.875,75.75,26.979166666666668,72.95833333333333,0.0,71.5,69.95833333333333,82.45833333333333,27,2,3,2024,87,66.75,78.66666666666667,74.58333333333333,79.16666666666667,-0.3333333333333286,-8.166666666666657,-12.75,73.33333333333333,76.36309523809526,19.4375,21.847619047619048,51.63472222222222,59.396428571428565
2024-03-28,71.5,12.391666666666666,41.60833333333333,14.729166666666666,5.5,282.4166666666667,105.95833333333331,27.704166666666666,56.04166666666666,0.0,69.95833333333333,82.45833333333333,107.625,28,3,3,2024,88,66.41666666666667,66.75,78.66666666666667,78.0,5.083333333333329,-7.166666666666671,-6.5,70.61111111111113,74.54166666666666,19.008333333333336,21.33392857142857,52.75833333333333,57.82559523809523
2024-03-29,69.95833333333333,23.916666666666668,78.925,12.916666666666666,5.979166666666667,275.0416666666667,107.04166666666669,25.291666666666668,67.54166666666667,0.0,82.45833333333333,107.625,116.79166666666669,29,4,3,2024,89,71.5,66.41666666666667,66.75,82.91666666666667,-1.5416666666666714,3.2083333333333286,-12.958333333333345,68.22222222222223,73.61309523809526,16.376388888888886,19.444642857142856,47.911111111111104,55.00654761904762
2024-03-30,82.45833333333333,30.191666666666663,107.81666666666666,9.008333333333333,4.5,225.25,96.20833333333331,25.3375,70.91666666666667,0.0,107.625,116.79166666666669,82.75,30,5,3,2024,90,69.95833333333333,71.5,66.41666666666667,74.45833333333333,12.5,16.041666666666657,8.0,69.29166666666667,71.76190476190476,18.540277777777774,19.44464285714286,60.65555555555554,58.269047619047626
2024-03-31,107.625,46.725,159.02083333333334,16.704166666666666,9.883333333333336,325.6666666666667,105.625,27.1125,54.458333333333336,0.0,116.79166666666669,82.75,99.79166666666669,31,6,3,2024,91,82.45833333333333,69.95833333333333,71.5,74.58333333333333,25.16666666666667,36.125,33.04166666666667,74.63888888888887,72.9047619047619,22.166666666666668,20.589285714285715,76.11666666666666,63.52678571428572
2024-04-01,116.79166666666669,31.683333333333334,96.08333333333331,18.245833333333334,8.916666666666666,334.9583333333333,93.33333333333331,25.975,61.79166666666666,0.0,82.75,99.79166666666669,84.95833333333333,1,0,4,2024,92,107.625,82.45833333333333,69.95833333333333,78.66666666666667,9.166666666666686,46.83333333333336,38.125000000000014,86.68055555555554,77.625,33.611111111111114,24.321428571428573,115.25416666666668,77.94940476190477
2024-04-02,82.75,22.70833333333333,59.82083333333333,9.941666666666666,5.208333333333333,225.4583333333333,102.58333333333331,26.25,72.08333333333333,0.0,99.79166666666669,84.95833333333333,69.75,2,1,4,2024,93,116.79166666666669,107.625,82.45833333333333,66.75,-34.041666666666686,0.2916666666666714,16.0,102.29166666666669,83.07142857142857,36.2,25.949404761904763,120.9736111111111,83.65416666666667
2024-04-03,99.79166666666669,33.295833333333334,108.53333333333336,11.7875,6.616666666666667,297.4166666666667,126.66666666666669,26.133333333333336,78.375,0.0,84.95833333333333,69.75,76.08333333333333,3,2,4,2024,94,82.75,116.79166666666669,107.625,66.41666666666667,17.041666666666686,-7.833333333333314,33.375000000000014,102.3888888888889,85.35714285714286,33.70555555555556,26.70416666666667,104.975,86.38690476190477
2024-04-04,84.95833333333333,17.504166666666666,56.4375,14.1375,5.875,282.5,111.125,26.695833333333336,67.33333333333333,0.0,69.75,76.08333333333333,70.83333333333333,4,3,4,2024,95,99.79166666666669,82.75,116.79166666666669,71.5,-14.833333333333355,-31.83333333333336,13.458333333333329,99.7777777777778,90.125,29.229166666666668,28.70178571428572,88.14583333333333,93.1154761904762
2024-04-05,69.75,17.483333333333334,57.00833333333333,11.870833333333332,5.529166666666666,261.25,111.625,27.275,58.125,0.0,76.08333333333333,70.83333333333333,75.45833333333333,5,4,4,2024,96,84.95833333333333,99.79166666666669,82.75,69.95833333333333,-15.208333333333329,-13.0,-0.2083333333333286,89.16666666666667,92.04761904761904,24.502777777777776,29.43214285714286,74.93055555555556,95.23392857142858
2024-04-06,76.08333333333333,15.304166666666667,49.0,12.020833333333334,5.7625,263.4583333333333,119.20833333333331,26.73333333333333,60.25,0.0,70.83333333333333,75.45833333333333,65.5,6,5,4,2024,97,69.75,84.95833333333333,99.79166666666669,82.45833333333333,6.333333333333329,-23.70833333333336,-6.375,84.83333333333333,92.01785714285714,22.76111111111111,28.513095238095243,73.99305555555556,92.10297619047618
2024-04-07,70.83333333333333,19.1375,51.15833333333333,16.925,6.5625,306.9583333333333,100.125,26.4375,75.79166666666667,0.0,75.45833333333333,65.5,62.29166666666666,7,6,4,2024,98,76.08333333333333,69.75,84.95833333333333,107.625,-5.25,-14.125,-36.79166666666667,76.93055555555554,91.10714285714288,16.76388888888889,26.386309523809523,54.14861111111111,83.70059523809525
2024-04-08,75.45833333333333,19.370833333333334,52.28333333333333,18.883333333333333,6.470833333333334,345.2083333333333,100.08333333333331,27.204166666666666,67.91666666666667,0.0,65.5,62.29166666666666,69.04166666666667,8,0,4,2024,99,70.83333333333333,76.08333333333333,69.75,116.79166666666669,4.625,5.708333333333329,-41.33333333333336,72.22222222222221,85.85119047619048,17.308333333333334,22.445238095238093,52.388888888888886,68.29166666666666
2024-04-09,65.5,13.904166666666669,33.4625,17.166666666666668,5.729166666666667,312.8333333333333,84.04166666666667,27.883333333333336,56.583333333333336,0.0,62.29166666666666,69.04166666666667,63.458333333333336,9,1,4,2024,100,75.45833333333333,70.83333333333333,76.08333333333333,82.75,-9.958333333333329,-10.583333333333329,-17.25,74.125,79.94642857142857,17.9375,20.68630952380952,50.81388888888889,62.03452380952381
2024-04-10,62.29166666666666,17.083333333333332,40.62916666666667,14.920833333333334,6.129166666666666,265.75,61.208333333333336,26.59583333333333,76.04166666666667,0.0,69.04166666666667,63.458333333333336,56.54166666666666,10,2,4,2024,101,65.5,75.45833333333333,70.83333333333333,99.79166666666669,-3.208333333333343,-8.541666666666671,-37.50000000000003,70.59722222222221,77.48214285714286,17.470833333333335,19.428571428571427,45.63472222222222,58.26904761904762
2024-04-11,69.04166666666667,17.779166666666665,45.775,17.462500000000002,6.604166666666667,289.2083333333333,79.33333333333333,26.275,80.20833333333333,0.0,63.458333333333336,56.54166666666666,66.41666666666667,11,3,4,2024,102,62.29166666666666,65.5,75.45833333333333,84.95833333333333,6.750000000000014,-6.416666666666657,-15.916666666666655,67.74999999999999,72.12499999999999,16.78611111111111,17.1125,42.125,48.56845238095237
2024-04-12,63.458333333333336,13.379166666666668,35.5375,15.095833333333331,6.375,260.7916666666667,69.875,26.975,76.70833333333333,0.0,56.54166666666666,66.41666666666667,88.04166666666667,12,4,4,2024,103,69.04166666666667,62.29166666666666,65.5,69.75,-5.583333333333336,-2.0416666666666643,-6.291666666666664,65.6111111111111,69.85119047619047,16.255555555555556,17.151785714285715,39.95555555555556,47.0452380952381
2024-04-13,56.54166666666666,14.408333333333331,45.93333333333334,13.416666666666666,5.425,225.41666666666663,61.04166666666666,27.90833333333333,77.625,0.0,66.41666666666667,88.04166666666667,65.5,13,5,4,2024,104,63.458333333333336,69.04166666666667,62.29166666666666,76.08333333333333,-6.916666666666679,-5.75,-19.54166666666667,64.93055555555556,68.95238095238095,16.080555555555556,16.56547619047619,40.64722222222222,43.97797619047619
2024-04-14,66.41666666666667,25.629166666666663,111.98333333333332,21.4125,14.4875,291.7083333333333,51.833333333333336,26.60833333333333,80.5,0.1416666666666666,88.04166666666667,65.5,82.95833333333333,14,6,4,2024,105,56.54166666666666,63.458333333333336,69.04166666666667,70.83333333333333,9.875000000000014,-2.625,-4.416666666666657,63.013888888888886,66.16071428571429,15.188888888888888,16.4375,42.41527777777778,43.53988095238096
2024-04-15,88.04166666666667,22.35,73.21249999999999,19.058333333333334,8.466666666666667,314.2083333333333,57.708333333333336,26.391666666666666,75.91666666666667,0.0,65.5,82.95833333333333,73.04166666666667,15,0,4,2024,106,66.41666666666667,56.54166666666666,63.458333333333336,75.45833333333333,21.625,24.583333333333336,12.583333333333345,62.13888888888889,65.5297619047619,17.805555555555554,17.36488095238095,64.48472222222222,52.22916666666666
2024-04-16,65.5,21.683333333333334,72.05833333333334,17.058333333333334,14.820833333333333,288.125,71.125,28.09583333333333,73.0,0.0,82.95833333333333,73.04166666666667,82.5,16,1,4,2024,107,88.04166666666667,66.41666666666667,56.54166666666666,65.5,-22.54166666666667,8.958333333333343,0.0,70.33333333333333,67.32738095238095,20.79583333333333,17.79047619047619,77.04305555555555,55.219047619047615
2024-04-17,82.95833333333333,24.59583333333333,62.84166666666667,20.366666666666667,14.204166666666666,349.0416666666667,83.125,28.8625,56.54166666666666,0.0,73.04166666666667,82.5,79.875,17,2,4,2024,108,65.5,88.04166666666667,66.41666666666667,62.29166666666666,17.45833333333333,16.541666666666657,20.66666666666667,73.31944444444444,67.32738095238095,23.22083333333333,18.901785714285715,85.75138888888888,60.7327380952381
2024-04-18,73.04166666666667,22.791666666666668,86.11666666666667,9.6625,5.3125,189.9583333333333,63.91666666666666,27.2375,78.08333333333333,0.0208333333333333,82.5,79.875,76.25,18,3,4,2024,109,82.95833333333333,65.5,88.04166666666667,69.04166666666667,-9.916666666666655,-15.0,4.0,78.83333333333333,70.2797619047619,22.876388888888886,19.975,69.37083333333332,63.90595238095239
2024-04-19,82.5,25.616666666666664,57.3875,6.3125,3.920833333333333,206.7083333333333,113.20833333333331,26.704166666666666,70.66666666666667,0.0,79.875,76.25,73.875,19,4,4,2024,110,73.04166666666667,82.95833333333333,65.5,63.458333333333336,9.458333333333329,17.0,19.041666666666664,73.83333333333333,70.85119047619048,23.023611111111112,20.69107142857143,73.67222222222223,69.66904761904762
2024-04-20,79.875,21.691666666666663,48.67916666666667,8.245833333333334,4.575,231.41666666666663,111.20833333333331,27.754166666666663,66.125,0.0,76.25,73.875,70.625,20,5,4,2024,111,82.5,73.04166666666667,82.95833333333333,56.54166666666666,-2.625,-3.0833333333333286,23.333333333333343,79.5,73.57142857142857,24.334722222222226,22.439285714285717,68.78194444444445,72.7904761904762
2024-04-21,76.25,23.3125,54.31666666666666,9.191666666666666,4.7875000000000005,233.7083333333333,98.91666666666669,27.54583333333333,71.625,0.0,73.875,70.625,69.0,21,6,4,2024,112,79.875,82.5,73.04166666666667,66.41666666666667,-3.625,3.2083333333333286,9.833333333333329,78.47222222222223,76.90476190476191,23.366666666666664,23.479761904761904,64.06111111111112,73.18273809523808
2024-04-22,73.875,20.45833333333333,57.55,8.466666666666667,4.0875,196.04166666666663,70.5,27.554166666666664,75.54166666666667,0.0,70.625,69.0,68.5,22,0,4,2024,113,76.25,79.875,82.5,88.04166666666667,-2.375,-8.625,-14.166666666666671,79.54166666666667,78.30952380952382,23.54027777777777,23.14880952380952,53.46111111111111,64.94464285714285
2024-04-23,70.625,19.79583333333333,56.55416666666667,9.141666666666667,4.525,201.41666666666663,78.79166666666667,27.3375,78.66666666666667,0.0,69.0,68.5,62.708333333333336,23,1,4,2024,114,73.875,76.25,79.875,65.5,-3.25,-9.25,5.125,76.66666666666667,76.28571428571429,21.82083333333333,22.878571428571423,53.51527777777778,62.70714285714286
2024-04-24,69.0,19.320833333333333,51.10833333333333,10.2,5.120833333333333,216.9583333333333,72.79166666666667,27.3375,78.25,0.0,68.5,62.708333333333336,64.70833333333333,24,2,4,2024,115,70.625,73.875,76.25,82.95833333333333,-1.625,-7.25,-13.958333333333329,73.58333333333333,77.01785714285714,21.188888888888886,22.608928571428567,56.140277777777776,60.49226190476191
2024-04-25,68.5,16.591666666666665,46.14166666666667,11.0875,4.695833333333334,216.2083333333333,67.75,27.391666666666666,79.08333333333333,0.0,62.708333333333336,64.70833333333333,63.16666666666666,25,3,4,2024,116,69.0,70.625,73.875,73.04166666666667,-0.5,-5.375,-4.541666666666671,71.16666666666667,75.02380952380953,19.85833333333333,21.85535714285714,55.070833333333326,58.81607142857143
2024-04-26,62.708333333333336,16.816666666666666,65.68333333333334,8.033333333333333,4.216666666666667,200.0833333333333,77.125,28.09583333333333,75.125,0.0,64.70833333333333,63.16666666666666,76.08333333333333,26,4,4,2024,117,68.5,69.0,70.625,82.5,-5.791666666666664,-7.916666666666664,-19.791666666666664,69.375,74.375,18.569444444444443,20.96964285714285,51.26805555555556,53.10535714285714
2024-04-27,64.70833333333333,15.9125,60.03333333333333,10.241666666666667,4.8125,219.8333333333333,75.91666666666667,27.754166666666663,76.58333333333333,0.0,63.16666666666666,76.08333333333333,90.95833333333331,27,5,4,2024,118,62.708333333333336,68.5,69.0,79.875,1.999999999999993,-4.291666666666671,-15.166666666666671,66.73611111111111,71.54761904761905,17.576388888888886,19.7125,54.31111111111111,54.29047619047619
2024-04-28,63.16666666666666,18.016666666666666,66.26666666666667,11.408333333333331,6.2125,225.25,77.79166666666667,28.433333333333334,74.79166666666667,0.0,76.08333333333333,90.95833333333331,93.5,28,6,4,2024,119,64.70833333333333,62.708333333333336,68.5,76.25,-1.5416666666666714,-5.333333333333343,-13.083333333333345,65.30555555555556,69.38095238095238,16.440277777777776,18.88690476190476,57.28611111111112,55.91249999999999
2024-04-29,76.08333333333333,26.879166666666663,118.32916666666668,13.525,6.3,259.7916666666667,90.0,30.633333333333336,41.91666666666666,0.0,90.95833333333331,93.5,119.16666666666669,29,0,4,2024,120,63.16666666666666,64.70833333333333,62.708333333333336,73.875,12.916666666666671,13.374999999999991,2.2083333333333286,63.52777777777777,67.51190476190474,16.915277777777778,18.13035714285714,63.99444444444445,57.61964285714286
2024-04-30,90.95833333333331,30.20833333333333,127.33333333333331,12.129166666666668,6.566666666666666,255.66666666666663,102.29166666666669,30.75,36.625,0.0,93.5,119.16666666666669,79.625,30,1,4,2024,121,76.08333333333333,63.16666666666666,64.70833333333333,70.625,14.874999999999986,26.249999999999982,20.333333333333314,67.9861111111111,67.82738095238093,20.26944444444444,19.047619047619044,81.54305555555555,66.30238095238096
2024-05-01,93.5,35.112500000000004,146.82500000000002,13.220833333333331,9.279166666666669,257.625,100.45833333333331,29.633333333333336,20.916666666666668,0.0,119.16666666666669,79.625,74.70833333333333,1,2,5,2024,122,90.95833333333331,76.08333333333333,63.16666666666666,69.0,2.5416666666666856,30.333333333333343,24.5,76.7361111111111,70.73214285714286,25.034722222222214,20.535119047619045,103.97638888888888,76.41369047619047
2024-05-02,119.16666666666669,38.175,114.87083333333334,17.258333333333333,11.5375,325.375,108.20833333333331,28.77916666666667,55.125,0.0,79.625,74.70833333333333,69.29166666666667,2,3,5,2024,123,93.5,90.95833333333331,76.08333333333333,68.5,25.66666666666669,43.08333333333336,50.666666666666686,86.84722222222221,74.23214285714286,30.73333333333333,22.791071428571428,130.82916666666668,90.0875
2024-05-03,79.625,17.508333333333333,52.975,11.579166666666666,5.720833333333334,231.0833333333333,62.0,29.09583333333333,70.91666666666667,0.0,74.70833333333333,69.29166666666667,62.208333333333336,3,4,5,2024,124,119.16666666666669,93.5,90.95833333333331,62.708333333333336,-39.541666666666686,-11.333333333333314,16.916666666666664,101.20833333333331,81.47023809523809,34.49861111111111,25.874404761904763,129.67638888888888,99.9059523809524
2024-05-04,74.70833333333333,21.46666666666667,48.5625,8.291666666666666,4.379166666666666,207.875,79.75,29.10833333333333,69.70833333333333,0.0,69.29166666666667,62.208333333333336,67.08333333333333,4,5,5,2024,125,79.625,119.16666666666669,93.5,64.70833333333333,-4.916666666666671,-18.79166666666667,10.0,97.43055555555556,83.88690476190474,30.26527777777777,25.973214285714285,104.89027777777778,98.0904761904762
2024-05-05,69.29166666666667,18.225,48.958333333333336,7.370833333333334,3.891666666666667,191.41666666666663,64.70833333333333,28.816666666666663,74.16666666666667,0.0,62.208333333333336,67.08333333333333,57.25,5,6,5,2024,126,74.70833333333333,79.625,119.16666666666669,63.16666666666666,-5.416666666666657,-49.875000000000014,6.125000000000014,91.16666666666669,85.31547619047619,25.71666666666667,26.766666666666666,72.1361111111111,96.45178571428572
2024-05-06,62.208333333333336,15.1125,60.6875,10.5,4.579166666666667,208.5,69.5,30.004166666666663,65.54166666666667,0.0,67.08333333333333,57.25,50.625,6,0,5,2024,127,69.29166666666667,74.70833333333333,79.625,76.08333333333333,-7.083333333333336,-17.416666666666664,-13.874999999999991,74.54166666666667,86.19047619047618,19.066666666666663,26.79642857142857,50.16527777777778,93.97916666666669
2024-05-07,67.08333333333333,17.716666666666665,62.0875,12.704166666666666,5.65,237.25,76.33333333333333,30.104166666666668,67.04166666666667,0.0,57.25,50.625,53.66666666666666,7,1,5,2024,128,62.208333333333336,69.29166666666667,74.70833333333333,90.95833333333331,4.874999999999993,-7.625,-23.874999999999982,68.73611111111111,84.20833333333334,18.26805555555556,25.11547619047619,52.73611111111112,85.74464285714285
2024-05-08,57.25,9.320833333333333,31.9375,11.779166666666669,5.670833333333333,205.25,61.16666666666666,29.579166666666666,77.91666666666667,0.0,50.625,53.66666666666666,60.583333333333336,8,2,5,2024,129,67.08333333333333,62.208333333333336,69.29166666666667,93.5,-9.833333333333329,-12.041666666666671,-36.25,66.19444444444444,80.79761904761905,17.01805555555556,23.33095238095238,57.24444444444445,76.42380952380952
2024-05-09,50.625,9.904166666666669,33.52916666666667,10.125,5.5375000000000005,194.9583333333333,55.75,29.6,79.95833333333333,0.0,53.66666666666666,60.583333333333336,65.66666666666667,9,3,5,2024,130,57.25,67.08333333333333,62.208333333333336,119.16666666666669,-6.625,-11.583333333333336,-68.54166666666669,62.18055555555555,75.6190476190476,14.05,19.64642857142857,51.57083333333333,60.01130952380952
2024-05-10,53.66666666666666,11.9375,41.93333333333333,10.066666666666666,6.279166666666666,210.66666666666663,58.375,29.27083333333333,78.29166666666667,0.0,60.583333333333336,65.66666666666667,69.20833333333333,10,4,5,2024,131,50.625,57.25,67.08333333333333,79.625,3.041666666666657,-13.416666666666671,-25.958333333333343,58.31944444444444,65.82738095238095,12.313888888888888,15.607738095238094,42.51805555555556,48.39107142857142
2024-05-11,60.583333333333336,16.370833333333334,58.64166666666667,10.416666666666666,7.274999999999999,206.5833333333333,68.29166666666667,29.204166666666666,76.0,0.0,65.66666666666667,69.20833333333333,73.91666666666667,11,5,5,2024,132,53.66666666666666,50.625,57.25,74.70833333333333,6.916666666666679,3.333333333333336,-14.124999999999991,53.84722222222222,62.11904761904763,10.3875,14.811904761904762,35.800000000000004,46.81369047619048
2024-05-12,65.66666666666667,15.379166666666668,68.15416666666667,11.475,7.545833333333333,222.0,85.58333333333333,29.566666666666663,77.125,0.0,69.20833333333333,73.91666666666667,65.29166666666667,12,6,5,2024,133,60.583333333333336,53.66666666666666,50.625,69.29166666666667,5.083333333333336,15.041666666666671,-3.625,54.958333333333336,60.10119047619048,12.737500000000002,14.083928571428572,44.70138888888889,48.25357142857143
2024-05-13,69.20833333333333,19.258333333333333,100.325,12.8,8.191666666666666,225.91666666666663,79.875,29.23333333333333,79.375,0.0,73.91666666666667,65.29166666666667,60.708333333333336,13,0,5,2024,134,65.66666666666667,60.583333333333336,53.66666666666666,62.208333333333336,3.541666666666657,15.541666666666671,6.999999999999993,59.97222222222223,59.58333333333333,14.5625,13.677380952380952,56.24305555555557,50.99583333333333
2024-05-14,73.91666666666667,19.129166666666663,66.63333333333334,15.133333333333333,8.654166666666667,241.125,82.5,29.09583333333333,75.625,0.0,65.29166666666667,60.708333333333336,62.708333333333336,14,1,5,2024,135,69.20833333333333,65.66666666666667,60.583333333333336,67.08333333333333,4.708333333333343,13.333333333333336,6.833333333333343,65.15277777777777,60.58333333333333,17.002777777777776,14.269642857142856,75.70694444444445,56.65833333333334
2024-05-15,65.29166666666667,13.991666666666667,38.87916666666667,11.383333333333333,5.916666666666667,197.4583333333333,75.41666666666667,30.59166666666667,67.29166666666667,0.0,60.708333333333336,62.708333333333336,60.25,15,2,5,2024,136,73.91666666666667,69.20833333333333,65.66666666666667,57.25,-8.625,-0.375,8.041666666666671,69.59722222222223,61.55952380952381,17.92222222222222,14.471428571428572,78.37083333333334,57.3077380952381
2024-05-16,60.708333333333336,15.570833333333333,39.37916666666667,12.441666666666668,5.604166666666667,231.375,67.29166666666667,30.070833333333336,70.125,0.0,62.708333333333336,60.25,50.333333333333336,16,3,5,2024,137,65.29166666666667,73.91666666666667,69.20833333333333,50.625,-4.583333333333336,-8.499999999999993,10.083333333333336,69.47222222222223,62.708333333333336,17.459722222222222,15.138690476190476,68.6125,58.29940476190477
2024-05-17,62.708333333333336,16.529166666666665,48.3875,11.8375,4.966666666666667,231.375,68.79166666666667,30.85833333333333,69.125,0.0,60.25,50.333333333333336,49.75,17,4,5,2024,138,60.708333333333336,65.29166666666667,73.91666666666667,53.66666666666666,2.0,-11.208333333333336,9.04166666666668,66.6388888888889,64.14880952380953,16.230555555555554,15.948214285714284,48.297222222222224,59.13511904761905
2024-05-18,60.25,11.0875,27.875,11.1875,4.754166666666666,219.0,66.625,31.3125,67.375,0.0,50.333333333333336,49.75,54.833333333333336,18,5,5,2024,139,62.708333333333336,60.708333333333336,65.29166666666667,60.583333333333336,-2.458333333333336,-5.041666666666671,-0.3333333333333357,62.90277777777778,65.44047619047619,15.363888888888887,16.604166666666664,42.21527777777778,60.05714285714286
2024-05-19,50.333333333333336,8.520833333333334,25.04583333333333,10.470833333333331,5.15,186.29166666666663,53.208333333333336,30.116666666666664,75.5,0.0,49.75,54.833333333333336,61.458333333333336,19,6,5,2024,140,60.25,62.708333333333336,60.708333333333336,65.66666666666667,-9.916666666666664,-10.375,-15.333333333333336,61.22222222222223,65.39285714285714,14.39583333333333,15.84940476190476,38.547222222222224,55.66190476190476
2024-05-20,49.75,10.320833333333333,37.35833333333333,8.950000000000001,4.375,186.0833333333333,60.25,30.929166666666664,75.58333333333333,0.0,54.833333333333336,61.458333333333336,61.625,20,0,5,2024,141,50.333333333333336,60.25,62.708333333333336,69.20833333333333,-0.5833333333333357,-12.958333333333336,-19.45833333333333,57.76388888888889,63.20238095238095,12.045833333333334,14.869642857142855,33.769444444444446,49.50357142857143
2024-05-21,54.833333333333336,14.65,65.62083333333334,9.670833333333333,4.820833333333334,206.16666666666663,67.875,31.370833333333334,73.83333333333333,0.0,61.458333333333336,61.625,59.958333333333336,21,1,5,2024,142,49.75,50.333333333333336,60.25,73.91666666666667,5.083333333333336,-5.416666666666664,-19.083333333333336,53.44444444444445,60.42261904761904,9.97638888888889,13.592857142857143,30.093055555555555,40.50833333333333
2024-05-22,61.458333333333336,14.9,56.175,10.229166666666666,5.133333333333334,211.29166666666663,70.83333333333333,31.570833333333336,70.75,0.0,61.625,59.958333333333336,62.333333333333336,22,2,5,2024,143,54.833333333333336,49.75,50.333333333333336,65.29166666666667,6.625,11.125,-3.833333333333336,51.63888888888889,57.69642857142857,11.16388888888889,12.952976190476193,42.67499999999999,40.36369047619048
2024-05-23,61.625,14.983333333333334,46.47916666666666,10.3625,5.075,212.04166666666663,71.625,30.941666666666663,74.08333333333333,0.0,59.958333333333336,62.333333333333336,66.66666666666667,23,3,5,2024,144,61.458333333333336,54.833333333333336,49.75,60.708333333333336,0.1666666666666643,11.875,0.9166666666666644,55.34722222222223,57.14880952380952,13.290277777777776,13.082738095238096,53.05138888888888,42.83452380952381
2024-05-24,59.958333333333336,13.591666666666669,36.99583333333333,10.070833333333336,5.670833333333333,188.04166666666663,75.83333333333333,30.729166666666668,76.91666666666667,0.0,62.333333333333336,66.66666666666667,72.70833333333333,24,4,5,2024,145,61.625,61.458333333333336,54.833333333333336,62.708333333333336,-1.6666666666666643,5.125,-2.75,59.30555555555557,57.27976190476191,14.844444444444443,12.998809523809523,56.09166666666666,43.84880952380952
2024-05-25,62.333333333333336,17.554166666666667,58.13333333333333,10.633333333333333,5.8375,188.25,79.66666666666667,30.72083333333333,79.04166666666667,0.0,66.66666666666667,72.70833333333333,72.25,25,5,5,2024,146,59.958333333333336,61.625,61.458333333333336,60.25,2.375,0.875,2.083333333333336,61.01388888888889,56.88690476190476,14.491666666666667,12.579166666666667,46.54999999999999,42.221428571428575
2024-05-26,66.66666666666667,18.65,56.12916666666666,8.725,4.745833333333334,178.79166666666666,71.875,30.954166666666666,77.45833333333333,0.0,72.70833333333333,72.25,69.08333333333333,26,6,5,2024,147,62.333333333333336,59.958333333333336,61.625,50.333333333333336,4.333333333333336,5.041666666666671,16.333333333333336,61.30555555555557,57.1845238095238,15.37638888888889,13.502976190476192,47.202777777777776,46.54404761904761
2024-05-27,72.70833333333333,22.0875,71.29166666666667,7.295833333333333,4.05,163.83333333333334,69.41666666666667,30.9625,78.125,0.0,72.25,69.08333333333333,70.29166666666667,27,0,5,2024,148,66.66666666666667,62.333333333333336,59.958333333333336,49.75,6.041666666666657,12.749999999999991,22.95833333333333,62.98611111111112,59.517857142857146,16.59861111111111,14.95,50.41944444444445,50.98452380952381
2024-05-28,72.25,18.78333333333333,56.02916666666667,6.3125,3.466666666666667,155.41666666666666,65.41666666666667,31.225,75.25,0.0,69.08333333333333,70.29166666666667,69.08333333333333,28,1,5,2024,149,72.70833333333333,66.66666666666667,62.333333333333336,54.833333333333336,-0.4583333333333286,9.916666666666664,17.416666666666664,67.2361111111111,62.79761904761905,19.430555555555557,16.630952380952383,61.85138888888889,55.832142857142856
2024-05-29,69.08333333333333,20.891666666666666,82.37916666666666,7.875,3.775,179.33333333333334,75.66666666666667,32.87083333333333,63.54166666666666,0.0,70.29166666666667,69.08333333333333,91.66666666666669,29,2,5,2024,150,72.25,72.70833333333333,66.66666666666667,61.458333333333336,-3.1666666666666714,2.416666666666657,7.624999999999993,70.54166666666667,65.28571428571429,19.84027777777777,17.22142857142857,61.15,54.46190476190476
2024-05-30,70.29166666666667,18.33333333333333,64.30833333333334,9.604166666666666,5.158333333333333,189.9583333333333,76.41666666666667,32.925000000000004,67.54166666666667,0.0,69.08333333333333,91.66666666666669,99.75,30,3,5,2024,151,69.08333333333333,72.25,72.70833333333333,61.625,1.2083333333333428,-2.416666666666657,8.666666666666671,71.34722222222221,66.375,20.5875,18.077380952380956,69.89999999999999,58.20535714285713
2024-05-31,69.08333333333333,20.016666666666666,87.16666666666667,8.583333333333334,5.858333333333333,186.125,73.41666666666667,30.820833333333336,79.54166666666667,0.0,91.66666666666669,99.75,63.583333333333336,31,4,5,2024,152,70.29166666666667,69.08333333333333,72.25,59.958333333333336,-1.2083333333333428,-3.1666666666666714,9.124999999999991,70.54166666666667,67.61309523809524,19.33611111111111,18.55595238095238,67.57222222222222,60.75238095238095
2024-06-01,91.66666666666669,42.78333333333333,204.3333333333333,10.254166666666666,5.408333333333334,214.25,86.45833333333333,31.95,68.375,0.0,99.75,63.583333333333336,65.79166666666667,1,5,6,2024,153,69.08333333333333,70.29166666666667,69.08333333333333,62.333333333333336,22.58333333333336,22.58333333333336,29.33333333333335,69.4861111111111,68.91666666666666,19.74722222222222,19.473809523809525,77.9513888888889,67.91964285714286
2024-06-02,99.75,16.895833333333332,56.02916666666667,7.808333333333334,5.629166666666666,171.625,63.79166666666666,30.479166666666668,78.45833333333333,0.0,63.583333333333336,65.79166666666667,70.29166666666667,2,6,6,2024,154,91.66666666666669,69.08333333333333,70.29166666666667,66.66666666666667,8.083333333333314,29.45833333333333,33.08333333333333,77.0138888888889,73.10714285714286,27.04444444444444,23.07797619047619,118.60277777777776,88.80535714285715
2024-06-03,63.583333333333336,15.933333333333332,78.12083333333334,7.0875,5.1125,156.54166666666666,61.5,30.041666666666668,74.41666666666667,0.0,65.79166666666667,70.29166666666667,71.95833333333333,3,0,6,2024,155,99.75,91.66666666666669,69.08333333333333,72.70833333333333,-36.16666666666666,-5.499999999999993,-9.124999999999991,86.83333333333333,77.83333333333333,26.565277777777776,22.827380952380956,115.84305555555557,88.79107142857143
2024-06-04,65.79166666666667,19.041666666666668,71.67083333333333,5.45,3.804166666666666,137.375,63.5,30.04583333333333,72.0,0.0,70.29166666666667,71.95833333333333,72.95833333333333,4,1,6,2024,156,63.583333333333336,99.75,91.66666666666669,72.25,2.208333333333336,-25.87500000000001,-6.458333333333329,85.00000000000001,76.52976190476191,25.204166666666666,21.948214285714283,112.82777777777775,89.76666666666665
2024-06-05,70.29166666666667,20.104166666666668,72.64583333333333,5.241666666666666,3.4791666666666665,139.125,60.41666666666666,30.1875,70.70833333333333,0.0,71.95833333333333,72.95833333333333,67.25,5,2,6,2024,157,65.79166666666667,63.583333333333336,99.75,69.08333333333333,4.5,-29.45833333333333,1.2083333333333428,76.375,75.60714285714286,17.290277777777778,21.985119047619044,68.60694444444444,92.00119047619047
2024-06-06,71.95833333333333,21.629166666666663,67.03750000000001,5.7125,3.758333333333333,142.875,59.958333333333336,30.45833333333333,74.33333333333333,0.025,72.95833333333333,67.25,60.625,6,3,6,2024,158,70.29166666666667,65.79166666666667,63.583333333333336,70.29166666666667,1.6666666666666572,8.374999999999993,1.6666666666666572,66.55555555555556,75.77976190476191,18.35972222222222,21.872619047619047,74.14583333333333,90.61071428571428
2024-06-07,72.95833333333333,19.5875,71.77083333333333,6.883333333333333,4.729166666666667,164.04166666666666,61.208333333333336,30.48333333333333,73.125,0.0,67.25,60.625,60.625,7,4,6,2024,159,71.95833333333333,70.29166666666667,65.79166666666667,69.08333333333333,1.0,7.166666666666657,3.875,69.34722222222223,76.01785714285714,20.258333333333333,22.34345238095238,70.4513888888889,91.00059523809524
2024-06-08,67.25,16.337500000000002,61.708333333333336,7.116666666666667,4.395833333333333,159.66666666666666,57.583333333333336,30.466666666666665,73.66666666666667,0.0,60.625,60.625,65.0,8,5,6,2024,160,72.95833333333333,71.95833333333333,70.29166666666667,91.66666666666669,-5.708333333333329,-3.0416666666666714,-24.41666666666669,71.7361111111111,76.57142857142857,20.440277777777776,22.28214285714285,70.48472222222222,88.80119047619048
2024-06-09,60.625,14.05,50.6,7.479166666666667,4.55,152.625,58.625,30.383333333333336,75.20833333333333,0.0,60.625,65.0,68.0,9,6,6,2024,161,67.25,72.95833333333333,71.95833333333333,99.75,-6.625,-11.333333333333329,-39.125,70.72222222222221,73.08333333333333,19.18472222222222,18.504166666666663,66.83888888888889,68.42619047619047
2024-06-10,60.625,15.495833333333332,49.73333333333333,6.670833333333333,4.245833333333334,147.5,60.16666666666666,30.3875,76.20833333333333,0.0,65.0,68.0,70.66666666666667,10,0,6,2024,162,60.625,67.25,72.95833333333333,63.583333333333336,0.0,-12.333333333333329,-2.958333333333336,66.94444444444444,67.49404761904762,16.65833333333333,18.097619047619045,61.35972222222222,67.65059523809524
2024-06-11,65.0,18.1875,46.87083333333334,6.1125,3.908333333333333,154.125,62.66666666666666,30.479166666666668,73.375,0.0,68.0,70.66666666666667,74.125,11,1,6,2024,163,60.625,60.625,67.25,65.79166666666667,4.375,-2.25,-0.7916666666666714,62.833333333333336,67.07142857142857,15.294444444444444,18.035119047619048,54.013888888888886,63.595238095238095
2024-06-12,68.0,19.275,45.05833333333334,5.645833333333333,3.741666666666666,152.20833333333334,63.083333333333336,30.71666666666667,71.29166666666667,0.0,70.66666666666667,74.125,72.125,12,2,6,2024,164,65.0,60.625,60.625,70.29166666666667,3.0,7.375,-2.2916666666666714,62.083333333333336,66.95833333333333,15.911111111111111,17.913095238095238,49.06805555555555,60.05238095238095
2024-06-13,70.66666666666667,21.4375,53.95416666666667,5.533333333333334,3.725,155.04166666666666,64.95833333333333,30.875,70.54166666666667,0.0125,74.125,72.125,71.20833333333333,13,3,6,2024,165,68.0,65.0,60.625,71.95833333333333,2.6666666666666714,10.041666666666671,-1.2916666666666572,64.54166666666667,66.63095238095238,17.652777777777775,17.794642857142858,47.22083333333333,56.11130952380953
2024-06-14,74.125,21.35,66.97500000000001,5.820833333333333,4.054166666666666,145.375,62.875,30.95,72.91666666666667,0.0166666666666666,72.125,71.20833333333333,69.33333333333333,14,4,6,2024,166,70.66666666666667,68.0,65.0,72.95833333333333,3.4583333333333286,9.125,1.1666666666666714,67.8888888888889,66.44642857142857,19.633333333333333,17.767261904761906,48.62777777777779,54.2422619047619
2024-06-15,72.125,19.59583333333333,70.71666666666667,7.35,5.104166666666667,158.75,62.29166666666666,31.016666666666666,74.16666666666667,0.0166666666666666,71.20833333333333,69.33333333333333,68.54166666666667,15,5,6,2024,167,74.125,70.66666666666667,68.0,67.25,-2.0,4.125,4.875,70.93055555555556,66.61309523809524,20.6875,18.01904761904762,55.32916666666667,53.557142857142864
2024-06-16,71.20833333333333,20.64583333333333,70.3875,7.720833333333334,5.2375,181.54166666666663,65.33333333333333,31.041666666666668,73.75,0.0041666666666666,69.33333333333333,68.54166666666667,64.91666666666667,16,6,6,2024,168,72.125,74.125,70.66666666666667,60.625,-0.9166666666666714,0.5416666666666572,10.583333333333329,72.30555555555556,67.30952380952381,20.794444444444444,18.484523809523807,63.88194444444445,54.844047619047615
2024-06-17,69.33333333333333,19.933333333333334,97.54583333333332,7.454166666666667,5.1375,175.95833333333334,63.66666666666666,30.90416666666667,70.83333333333333,0.0208333333333333,68.54166666666667,64.91666666666667,77.91666666666667,17,0,6,2024,169,71.20833333333333,72.125,74.125,60.625,-1.875,-4.791666666666671,8.708333333333329,72.4861111111111,68.82142857142857,20.530555555555555,19.42678571428572,69.35972222222222,57.67083333333334
2024-06-18,68.54166666666667,15.8625,57.5375,5.966666666666666,4.2125,150.70833333333334,58.75,31.22083333333333,69.70833333333333,0.0291666666666666,64.91666666666667,77.91666666666667,91.29166666666669,18,1,6,2024,170,69.33333333333333,71.20833333333333,72.125,65.0,-0.7916666666666572,-3.5833333333333286,3.5416666666666714,70.88888888888887,70.06547619047619,20.058333333333334,20.060714285714283,79.55,64.50119047619047
2024-06-19,64.91666666666667,18.241666666666667,85.36666666666667,6.754166666666666,4.529166666666667,156.33333333333334,64.20833333333333,31.14583333333333,75.58333333333333,0.0,77.91666666666667,91.29166666666669,102.75,19,2,6,2024,171,68.54166666666667,69.33333333333333,71.20833333333333,68.0,-3.625,-6.291666666666657,-3.0833333333333286,69.69444444444444,70.57142857142857,18.813888888888886,19.728571428571428,75.15694444444445,66.025
2024-06-20,77.91666666666667,30.5625,134.475,9.195833333333333,5.3625,176.91666666666666,72.70833333333333,31.066666666666663,81.29166666666667,0.0,91.29166666666669,102.75,106.20833333333331,20,3,6,2024,172,64.91666666666667,68.54166666666667,69.33333333333333,70.66666666666667,13.0,8.583333333333343,7.25,67.59722222222223,70.13095238095238,18.0125,19.58095238095238,80.14999999999999,71.78333333333333
2024-06-21,91.29166666666669,28.641666666666666,129.775,8.454166666666667,5.733333333333333,169.91666666666666,68.875,31.133333333333336,79.33333333333333,0.0166666666666666,102.75,106.20833333333331,90.41666666666669,21,4,6,2024,173,77.91666666666667,64.91666666666667,68.54166666666667,74.125,13.375000000000014,22.75000000000001,17.166666666666686,70.45833333333333,71.16666666666667,21.55555555555556,20.88452380952381,92.45972222222224,83.28630952380954
2024-06-22,102.75,34.15416666666667,189.03333333333333,12.05,10.875,210.25,78.83333333333333,31.4,76.08333333333333,0.0,106.20833333333331,90.41666666666669,83.66666666666667,22,5,6,2024,174,91.29166666666669,77.91666666666667,64.91666666666667,72.125,11.458333333333314,37.83333333333333,30.625,78.04166666666667,73.61904761904762,25.815277777777776,21.92619047619048,116.53888888888888,92.2577380952381
2024-06-23,106.20833333333331,26.554166666666664,139.20000000000002,11.204166666666666,6.65,199.04166666666663,61.958333333333336,31.6625,73.95833333333333,0.0,90.41666666666669,83.66666666666667,83.79166666666667,23,6,6,2024,175,102.75,91.29166666666669,77.91666666666667,71.20833333333333,3.4583333333333144,28.291666666666643,34.999999999999986,90.6527777777778,77.99404761904762,31.119444444444444,24.00595238095238,151.09444444444443,109.16011904761903
2024-06-24,90.41666666666669,27.879166666666663,127.99166666666667,11.045833333333334,6.308333333333334,194.8333333333333,63.79166666666666,32.329166666666666,71.41666666666667,0.0,83.66666666666667,83.79166666666667,82.33333333333333,24,0,6,2024,176,106.20833333333331,102.75,91.29166666666669,69.33333333333333,-15.791666666666629,-0.875,21.08333333333336,100.08333333333331,82.99404761904762,29.78333333333333,24.85,152.66944444444445,118.9904761904762
2024-06-25,83.66666666666667,26.675,111.32916666666668,11.429166666666667,7.225,190.75,72.70833333333333,31.929166666666664,74.08333333333333,0.0,83.79166666666667,82.33333333333333,81.0,25,1,6,2024,177,90.41666666666669,106.20833333333331,102.75,68.54166666666667,-6.750000000000014,-19.08333333333333,15.125,99.79166666666669,86.0059523809524,29.529166666666665,25.985119047619047,152.07500000000002,123.33988095238097
2024-06-26,83.79166666666667,25.804166666666664,115.29583333333332,12.683333333333332,8.4375,204.5,77.0,31.504166666666663,74.79166666666667,0.0,82.33333333333333,81.0,71.5,26,2,6,2024,178,83.66666666666667,90.41666666666669,106.20833333333331,64.91666666666667,0.125,-22.416666666666643,18.875,93.43055555555556,88.16666666666666,27.036111111111108,27.529761904761905,126.17361111111111,131.02440476190478
2024-06-27,82.33333333333333,25.604166666666668,122.10416666666669,12.695833333333333,7.666666666666667,209.04166666666663,66.45833333333333,32.30833333333333,70.70833333333333,0.0,81.0,71.5,62.5,27,3,6,2024,179,83.79166666666667,83.66666666666667,90.41666666666669,77.91666666666667,-1.4583333333333428,-8.083333333333357,4.416666666666657,85.95833333333336,90.86309523809524,26.786111111111108,28.610119047619047,118.20555555555556,135.3
2024-06-28,81.0,23.58333333333333,71.53750000000001,11.645833333333334,13.104166666666666,220.75,74.66666666666667,32.525,67.875,0.3666666666666666,71.5,62.5,67.83333333333333,28,4,6,2024,180,82.33333333333333,83.79166666666667,83.66666666666667,91.29166666666669,-1.3333333333333286,-2.6666666666666714,-10.291666666666686,83.2638888888889,91.49404761904762,26.02777777777777,27.901785714285715,116.24305555555556,133.5327380952381
2024-06-29,71.5,15.7875,34.208333333333336,11.8125,13.354166666666666,221.66666666666663,71.83333333333333,32.083333333333336,71.83333333333333,0.0,62.5,67.83333333333333,84.70833333333333,29,5,6,2024,181,81.0,82.33333333333333,83.79166666666667,102.75,-9.5,-12.291666666666671,-31.25,82.375,90.02380952380953,24.99722222222222,27.179166666666667,102.97916666666669,125.21309523809524
2024-06-30,62.5,15.8,29.9,11.158333333333331,10.820833333333333,207.9583333333333,68.91666666666667,32.041666666666664,72.41666666666667,0.0,67.83333333333333,84.70833333333333,79.16666666666667,30,6,6,2024,182,71.5,81.0,82.33333333333333,106.20833333333331,-9.0,-19.83333333333333,-43.708333333333314,78.27777777777777,85.55952380952382,21.65833333333333,24.555357142857137,75.95000000000002,103.0952380952381
2024-07-01,67.83333333333333,24.33333333333333,88.0125,7.3875,5.5125,170.33333333333334,69.04166666666667,32.362500000000004,74.125,0.0,84.70833333333333,79.16666666666667,74.83333333333333,1,0,7,2024,183,62.5,71.5,81.0,90.41666666666669,5.333333333333329,-13.166666666666671,-22.58333333333336,71.66666666666667,79.31547619047619,18.39027777777778,23.01904761904762,45.21527777777778,87.48095238095239
2024-07-02,84.70833333333333,27.59166666666667,98.85416666666669,7.125,5.504166666666666,164.66666666666666,67.20833333333333,32.487500000000004,70.125,0.0,79.16666666666667,74.83333333333333,77.95833333333333,2,1,7,2024,184,67.83333333333333,62.5,71.5,83.66666666666667,16.875,13.208333333333329,1.0416666666666572,67.27777777777777,76.08928571428571,18.640277777777776,22.5125,50.706944444444446,81.76964285714287
2024-07-03,79.16666666666667,22.175,93.86666666666667,6.783333333333334,5.329166666666667,154.20833333333334,58.75,32.2625,73.33333333333333,0.0125,74.83333333333333,77.95833333333333,84.54166666666667,3,2,7,2024,185,84.70833333333333,67.83333333333333,62.5,83.79166666666667,-5.541666666666657,16.66666666666667,-4.625,71.68055555555554,76.23809523809523,22.575,22.643452380952372,72.25555555555556,79.98749999999998
2024-07-04,74.83333333333333,22.991666666666664,101.2625,6.991666666666667,5.966666666666666,153.45833333333334,58.375,31.620833333333334,72.70833333333333,0.0166666666666666,77.95833333333333,84.54166666666667,96.58333333333331,4,3,7,2024,186,79.16666666666667,84.70833333333333,67.83333333333333,82.33333333333333,-4.333333333333343,7.0,-7.5,77.2361111111111,75.57738095238095,24.7,22.125,93.57777777777778,76.92619047619048
2024-07-05,77.95833333333333,24.775,103.825,6.925,5.904166666666666,147.375,61.125,31.454166666666666,70.5,0.025,84.54166666666667,96.58333333333331,96.75,5,4,7,2024,187,74.83333333333333,79.16666666666667,84.70833333333333,81.0,3.125,-6.75,-3.0416666666666714,79.56944444444444,74.50595238095238,24.252777777777776,21.75178571428572,97.99444444444444,73.94880952380954
2024-07-06,84.54166666666667,30.6625,113.21666666666664,6.758333333333333,5.008333333333334,150.79166666666666,74.41666666666667,31.975,68.33333333333333,0.0,96.58333333333331,96.75,116.91666666666669,6,5,7,2024,188,77.95833333333333,74.83333333333333,79.16666666666667,71.5,6.583333333333343,5.375,13.041666666666671,77.31944444444444,74.07142857142857,23.313888888888886,21.922023809523807,99.65138888888887,78.56130952380953
2024-07-07,96.58333333333331,34.362500000000004,125.91666666666669,8.445833333333333,5.775,174.375,77.66666666666667,32.083333333333336,75.125,0.0125,96.75,116.91666666666669,102.375,7,6,7,2024,189,84.54166666666667,77.95833333333333,74.83333333333333,62.5,12.041666666666645,21.749999999999982,34.083333333333314,79.1111111111111,75.93452380952381,26.14305555555556,24.047023809523807,106.10138888888888,89.84821428571429
2024-07-08,96.75,40.3875,172.42499999999998,12.4375,15.445833333333333,230.2083333333333,87.54166666666667,31.58333333333333,74.91666666666667,0.0125,116.91666666666669,102.375,87.83333333333333,8,0,7,2024,190,96.58333333333331,84.54166666666667,77.95833333333333,67.83333333333333,0.1666666666666856,18.79166666666667,28.91666666666667,86.3611111111111,80.80357142857143,29.933333333333337,26.698809523809523,114.31944444444444,103.56488095238096
2024-07-09,116.91666666666669,34.90416666666667,121.10833333333332,16.625,14.158333333333331,273.0416666666667,89.58333333333333,31.5875,78.04166666666667,0.0375,102.375,87.83333333333333,79.54166666666667,9,1,7,2024,191,96.75,96.58333333333331,84.54166666666667,84.70833333333333,20.16666666666669,32.375000000000014,32.20833333333336,92.625,84.93452380952381,35.1375,28.992261904761904,137.1861111111111,115.62380952380953
2024-07-10,102.375,32.920833333333334,109.75833333333333,15.695833333333333,8.75,251.5833333333333,66.5,31.84166666666667,78.0,0.0041666666666666,87.83333333333333,79.54166666666667,83.58333333333333,10,2,7,2024,192,116.91666666666669,96.75,96.58333333333331,79.16666666666667,-14.541666666666686,5.791666666666686,23.20833333333333,103.41666666666669,89.53571428571429,36.55138888888889,30.036904761904765,139.8166666666667,118.8029761904762
2024-07-11,87.83333333333333,25.5,76.35416666666667,9.045833333333333,4.429166666666666,180.875,53.458333333333336,31.491666666666664,73.875,0.025,79.54166666666667,83.58333333333333,80.875,11,3,7,2024,193,102.375,116.91666666666669,96.75,74.83333333333333,-14.541666666666671,-8.916666666666671,13.0,105.34722222222224,92.85119047619048,36.07083333333333,31.57202380952381,134.43055555555554,121.07321428571429
2024-07-12,79.54166666666667,25.616666666666664,69.05833333333334,7.108333333333333,3.333333333333333,152.25,47.54166666666666,31.03333333333333,75.0,0.05,83.58333333333333,80.875,87.33333333333333,12,4,7,2024,194,87.83333333333333,102.375,116.91666666666669,77.95833333333333,-8.291666666666657,-37.375000000000014,1.5833333333333428,102.375,94.70833333333334,31.10833333333333,31.93035714285714,102.40694444444443,117.51488095238096
2024-07-13,83.58333333333333,26.9625,77.86666666666666,9.308333333333334,3.8708333333333336,180.41666666666663,48.66666666666666,30.775,78.04166666666667,0.0916666666666666,80.875,87.33333333333333,99.875,13,5,7,2024,195,79.54166666666667,87.83333333333333,102.375,84.54166666666667,4.041666666666657,-18.79166666666667,-0.9583333333333428,89.91666666666667,94.9345238095238,28.0125,32.05059523809524,85.05694444444445,112.54821428571428
2024-07-14,80.875,23.7875,79.88333333333334,9.995833333333334,4.808333333333334,184.41666666666663,46.16666666666666,30.758333333333336,77.83333333333333,0.025,87.33333333333333,99.875,89.0,14,6,7,2024,196,83.58333333333333,79.54166666666667,87.83333333333333,96.58333333333331,-2.7083333333333286,-6.958333333333329,-15.708333333333314,83.65277777777777,94.79761904761904,26.026388888888885,31.52202380952381,74.4263888888889,107.4982142857143
2024-07-15,87.33333333333333,32.93333333333333,162.88750000000002,14.666666666666666,8.6875,235.16666666666663,64.41666666666667,31.1375,74.83333333333333,0.0,99.875,89.0,89.58333333333333,15,0,7,2024,197,80.875,83.58333333333333,79.54166666666667,96.75,6.458333333333329,7.791666666666657,-9.416666666666671,81.33333333333333,92.55357142857144,25.45555555555556,30.01130952380953,75.60277777777777,100.9220238095238
2024-07-16,99.875,31.479166666666668,135.91666666666666,16.008333333333333,8.1,242.79166666666663,68.91666666666667,31.945833333333336,74.45833333333333,0.0041666666666666,89.0,89.58333333333333,93.125,16,1,7,2024,198,87.33333333333333,80.875,83.58333333333333,116.91666666666669,12.541666666666671,16.29166666666667,-17.041666666666686,83.93055555555554,91.20833333333334,27.89444444444445,28.946428571428573,106.87916666666668,99.55952380952382
2024-07-17,89.0,29.6,110.65,14.679166666666667,9.5375,239.41666666666663,74.5,31.866666666666664,77.16666666666667,0.0,89.58333333333333,93.125,96.70833333333331,17,2,7,2024,199,99.875,87.33333333333333,80.875,102.375,-10.875,8.125,-13.375,89.3611111111111,88.77380952380952,29.4,28.457142857142856,126.22916666666669,101.675
2024-07-18,89.58333333333333,29.0625,98.75416666666666,9.375,6.904166666666666,185.54166666666663,70.375,32.145833333333336,76.5,0.0,93.125,96.70833333333331,119.0,18,3,7,2024,200,89.0,99.875,87.33333333333333,87.83333333333333,0.5833333333333286,2.25,1.75,92.06944444444444,86.86309523809523,31.337499999999995,27.98273809523809,136.48472222222222,101.80238095238096
2024-07-19,93.125,33.47083333333334,95.19583333333333,10.466666666666669,6.229166666666667,216.0,77.20833333333333,31.85,71.625,0.0,96.70833333333331,119.0,92.08333333333331,19,4,7,2024,201,89.58333333333333,89.0,99.875,79.54166666666667,3.5416666666666714,-6.75,13.583333333333329,92.81944444444444,87.11309523809523,30.04722222222222,28.491666666666667,115.10694444444444,105.00238095238096
2024-07-20,96.70833333333331,35.30833333333333,110.18333333333334,15.708333333333334,10.358333333333333,266.2916666666667,84.58333333333333,32.8375,70.66666666666667,0.0083333333333333,119.0,92.08333333333331,78.375,20,5,7,2024,202,93.125,89.58333333333333,89.0,83.58333333333333,3.5833333333333144,7.708333333333314,13.124999999999986,90.56944444444444,89.05357142857143,30.711111111111112,29.61369047619048,101.53333333333336,108.73630952380952
2024-07-21,119.0,36.62083333333333,80.56666666666666,18.320833333333333,17.775000000000002,347.75,108.83333333333331,33.291666666666664,69.25,0.1749999999999999,92.08333333333331,78.375,89.45833333333333,21,6,7,2024,203,96.70833333333331,93.125,89.58333333333333,80.875,22.29166666666669,29.41666666666667,38.125,93.13888888888889,90.92857142857144,32.61388888888889,30.805952380952384,101.37777777777778,113.35297619047618
2024-07-22,92.08333333333331,24.995833333333334,65.31666666666666,10.941666666666668,6.808333333333334,232.79166666666663,73.29166666666667,31.929166666666664,77.41666666666667,0.1416666666666667,78.375,89.45833333333333,93.58333333333331,22,0,7,2024,204,119.0,96.70833333333331,93.125,87.33333333333333,-26.91666666666669,-1.0416666666666856,4.749999999999986,102.94444444444444,96.375,35.13333333333333,32.63928571428571,95.31527777777778,113.45059523809525
2024-07-23,78.375,25.5,85.7375,8.416666666666666,4.995833333333334,186.3333333333333,61.54166666666666,30.9125,77.375,0.0041666666666666,89.45833333333333,93.58333333333331,98.625,23,1,7,2024,205,92.08333333333331,119.0,96.70833333333331,99.875,-13.708333333333314,-18.333333333333314,-21.5,102.5972222222222,97.05357142857144,32.30833333333333,31.505357142857147,85.35555555555555,99.51190476190474
2024-07-24,89.45833333333333,31.04583333333333,134.30833333333334,7.708333333333333,4.875,174.75,57.16666666666666,30.616666666666664,76.375,0.0,93.58333333333331,98.625,93.79166666666669,24,2,7,2024,206,78.375,92.08333333333331,119.0,89.0,11.083333333333329,-29.54166666666667,0.4583333333333286,96.4861111111111,93.98214285714286,29.038888888888888,30.651190476190475,77.20694444444445,92.3434523809524
2024-07-25,93.58333333333331,34.375,152.17083333333332,8.704166666666667,5.6375,177.91666666666666,54.958333333333336,30.729166666666668,76.25,0.0125,98.625,93.79166666666669,107.58333333333331,25,3,7,2024,207,89.45833333333333,78.375,92.08333333333331,89.58333333333333,4.124999999999986,1.5,3.999999999999986,86.63888888888887,94.04761904761904,27.18055555555556,30.85773809523809,95.12083333333334,95.72321428571428
2024-07-26,98.625,33.32083333333333,137.06666666666666,8.058333333333334,5.333333333333333,174.125,62.958333333333336,31.2125,76.16666666666667,0.0166666666666666,93.79166666666669,107.58333333333331,106.91666666666669,26,4,7,2024,208,93.58333333333331,89.45833333333333,78.375,93.125,5.041666666666686,20.25,5.5,87.13888888888887,94.6190476190476,30.306944444444444,31.616666666666667,124.07222222222224,103.35416666666669
2024-07-27,93.79166666666669,33.5625,150.65,7.766666666666667,5.370833333333334,169.54166666666666,63.833333333333336,31.258333333333336,73.875,0.0,107.58333333333331,106.91666666666669,101.25,27,5,7,2024,209,98.625,93.58333333333331,89.45833333333333,96.70833333333331,-4.833333333333314,4.333333333333357,-2.9166666666666288,93.88888888888889,95.4047619047619,32.91388888888889,31.59523809523809,141.18194444444444,109.33571428571427
2024-07-28,107.58333333333331,38.96666666666667,174.8166666666667,12.704166666666666,9.408333333333331,218.25,63.833333333333336,31.09583333333333,73.95833333333333,0.0,106.91666666666669,101.25,74.58333333333333,28,6,7,2024,210,93.79166666666669,98.625,93.58333333333331,119.0,13.791666666666629,14.0,-11.416666666666686,95.33333333333331,94.98809523809526,33.75277777777777,31.34583333333333,146.62916666666663,115.11666666666667
2024-07-29,106.91666666666669,34.78333333333333,164.87083333333334,14.9,15.329166666666666,237.54166666666663,62.875,30.445833333333336,76.54166666666667,0.1375,101.25,74.58333333333333,68.45833333333333,29,0,7,2024,211,107.58333333333331,93.79166666666669,98.625,92.08333333333331,-0.6666666666666288,8.291666666666686,14.833333333333371,100.0,93.35714285714286,35.28333333333333,31.680952380952384,154.1777777777778,128.58095238095237
2024-07-30,101.25,30.1625,95.8,16.683333333333334,9.216666666666669,260.0833333333333,59.625,29.179166666666664,84.79166666666667,0.7666666666666666,74.58333333333333,68.45833333333333,80.08333333333333,30,1,7,2024,212,106.91666666666669,107.58333333333331,93.79166666666669,78.375,-5.666666666666686,7.458333333333314,22.875,102.7638888888889,95.47619047619048,35.770833333333336,33.079166666666666,163.44583333333335,142.8029761904762
2024-07-31,74.58333333333333,17.349999999999998,35.979166666666664,16.4375,8.820833333333333,263.75,64.25,29.191666666666663,86.04166666666667,0.0958333333333333,68.45833333333333,80.08333333333333,88.33333333333333,31,2,7,2024,213,101.25,106.91666666666669,107.58333333333331,89.45833333333333,-26.66666666666667,-32.999999999999986,-14.875,105.25,98.7440476190476,34.6375,33.74523809523809,145.1625,144.2404761904762
2024-08-01,68.45833333333333,21.92083333333333,55.625,9.595833333333331,4.175,192.04166666666663,56.5,29.52083333333333,82.83333333333333,0.0583333333333333,80.08333333333333,88.33333333333333,95.125,1,3,8,2024,214,74.58333333333333,101.25,106.91666666666669,93.58333333333331,-6.125,-38.45833333333336,-25.124999999999982,94.25,96.61904761904762,27.43194444444444,31.788690476190474,98.88333333333334,130.19345238095238
2024-08-02,80.08333333333333,26.40833333333333,94.05416666666667,10.666666666666666,4.220833333333333,188.5833333333333,44.16666666666666,29.329166666666666,84.20833333333333,0.0416666666666666,88.33333333333333,95.125,94.25,2,4,8,2024,215,68.45833333333333,74.58333333333333,101.25,98.625,11.625,-21.16666666666667,-18.54166666666667,81.43055555555554,93.02976190476193,23.14444444444445,30.00952380952381,62.46805555555556,116.40119047619046
2024-08-03,88.33333333333333,32.11666666666667,116.32916666666668,15.495833333333332,5.520833333333333,231.9583333333333,42.66666666666666,29.25,81.70833333333333,0.0083333333333333,95.125,94.25,79.25,3,5,8,2024,216,80.08333333333333,68.45833333333333,74.58333333333333,93.79166666666669,8.25,13.75,-5.458333333333357,74.375,90.3809523809524,21.893055555555552,29.022023809523805,61.88611111111111,110.25654761904762
2024-08-04,95.125,33.90833333333333,138.27083333333334,14.891666666666666,5.745833333333334,239.04166666666663,49.208333333333336,28.870833333333334,82.79166666666667,0.1041666666666666,94.25,79.25,74.5,4,6,8,2024,217,88.33333333333333,80.08333333333333,68.45833333333333,107.58333333333331,6.791666666666671,26.66666666666667,-12.458333333333314,78.95833333333333,89.60119047619048,26.815277777777776,28.815476190476183,88.66944444444444,105.35357142857144
2024-08-05,94.25,28.191666666666663,113.37083333333334,13.379166666666668,6.945833333333334,220.7083333333333,49.708333333333336,28.629166666666663,82.29166666666667,0.0666666666666666,79.25,74.5,72.0,5,0,8,2024,218,95.125,88.33333333333333,80.08333333333333,106.91666666666669,-0.875,14.166666666666671,-12.666666666666686,87.84722222222221,87.82142857142857,30.811111111111117,28.092857142857145,116.21805555555557,100.13273809523812
2024-08-06,79.25,23.004166666666663,85.02916666666667,12.929166666666667,5.404166666666666,206.91666666666663,44.16666666666666,28.4,83.20833333333333,0.0458333333333333,74.5,72.0,70.25,6,1,8,2024,219,94.25,95.125,88.33333333333333,101.25,-15.0,-9.083333333333329,-22.0,92.56944444444444,86.01190476190474,31.405555555555555,27.151190476190475,122.65694444444443,92.77559523809524
2024-08-07,74.5,20.316666666666663,73.25833333333334,7.462499999999999,3.829166666666666,167.45833333333334,49.75,28.870833333333334,77.66666666666667,0.0166666666666666,72.0,70.25,64.29166666666667,7,2,8,2024,220,79.25,94.25,95.125,74.58333333333333,-4.75,-20.625,-0.0833333333333286,89.54166666666667,82.8690476190476,28.368055555555557,26.128571428571423,112.22361111111113,91.23690476190475
2024-08-08,72.0,20.079166666666666,66.60833333333333,8.541666666666666,4.4125000000000005,185.5,51.708333333333336,29.308333333333334,75.79166666666667,0.0291666666666666,70.25,64.29166666666667,62.875,8,3,8,2024,221,74.5,79.25,94.25,68.45833333333333,-2.5,-22.25,3.5416666666666714,82.66666666666667,82.85714285714286,23.837499999999995,26.55238095238095,90.5527777777778,96.5625
2024-08-09,70.25,18.329166666666666,65.72500000000001,8.295833333333333,4.358333333333333,186.41666666666663,50.04166666666666,29.65416666666667,75.375,0.0208333333333333,64.29166666666667,62.875,66.04166666666667,9,4,8,2024,222,72.0,74.5,79.25,80.08333333333333,-1.75,-9.0,-9.833333333333329,75.25,83.36309523809523,21.13333333333333,26.28928571428571,74.96527777777779,98.13154761904762
2024-08-10,64.29166666666667,16.116666666666667,55.333333333333336,6.658333333333334,3.6625,154.95833333333334,47.333333333333336,29.791666666666668,74.29166666666667,0.0166666666666666,62.875,66.04166666666667,66.41666666666667,10,5,8,2024,223,70.25,72.0,74.5,88.33333333333333,-5.958333333333329,-10.208333333333329,-24.041666666666657,72.25,81.95833333333333,19.575,25.13511904761905,68.53055555555557,94.08452380952382
2024-08-11,62.875,15.85,52.1875,6.8625,3.470833333333333,156.25,44.41666666666666,29.08333333333333,79.0,0.0458333333333333,66.04166666666667,66.41666666666667,78.08333333333333,11,6,8,2024,224,64.29166666666667,70.25,72.0,95.125,-1.4166666666666714,-9.125,-32.25,68.84722222222223,78.52380952380952,18.175,22.84940476190476,62.55555555555557,85.37083333333335
2024-08-12,66.04166666666667,18.8375,87.15833333333335,9.1875,4.558333333333334,179.45833333333334,42.125,28.991666666666664,81.08333333333333,0.0583333333333333,66.41666666666667,78.08333333333333,73.0,12,0,8,2024,225,62.875,64.29166666666667,70.25,94.25,3.1666666666666714,-4.208333333333329,-28.20833333333333,65.80555555555556,73.91666666666667,16.76527777777778,20.269642857142856,57.74861111111111,73.07321428571429
2024-08-13,66.41666666666667,17.1125,87.79583333333333,10.458333333333334,5.625,194.5,44.54166666666666,29.45,80.04166666666667,0.0166666666666666,78.08333333333333,73.0,69.66666666666667,13,1,8,2024,226,66.04166666666667,62.875,64.29166666666667,79.25,0.375,2.125,-12.833333333333329,64.40277777777779,69.88690476190477,16.934722222222224,18.933333333333334,64.89305555555556,69.32857142857144
2024-08-14,78.08333333333333,18.441666666666663,117.72083333333336,8.066666666666666,4.9750000000000005,173.0,45.333333333333336,29.5,78.20833333333333,0.0,73.0,69.66666666666667,69.875,14,2,8,2024,227,66.41666666666667,66.04166666666667,62.875,74.5,11.666666666666655,15.208333333333329,3.5833333333333286,65.11111111111113,68.05357142857143,17.266666666666666,18.091666666666665,75.7138888888889,69.72380952380954
2024-08-15,73.0,19.0375,82.10416666666667,7.1625000000000005,4.629166666666666,170.79166666666666,45.375,29.225,79.83333333333333,0.0791666666666666,69.66666666666667,69.875,72.5,15,3,8,2024,228,78.08333333333333,66.41666666666667,66.04166666666667,72.0,-5.083333333333329,6.958333333333329,1.0,70.18055555555556,68.56547619047619,18.13055555555556,17.823809523809523,97.55833333333337,76.07559523809525
2024-08-16,69.66666666666667,19.254166666666663,65.46666666666667,7.9125,4.641666666666667,167.79166666666666,40.583333333333336,28.75,79.875,0.0458333333333333,69.875,72.5,69.625,16,4,8,2024,229,73.0,78.08333333333333,66.41666666666667,70.25,-3.3333333333333286,3.25,-0.5833333333333286,72.5,68.70833333333334,18.19722222222222,17.675,95.87361111111112,78.28928571428573
2024-08-17,69.875,20.78333333333333,78.07083333333334,11.083333333333334,5.5,192.4583333333333,37.625,29.025,77.20833333333333,0.0041666666666666,72.5,69.625,65.25,17,5,8,2024,230,69.66666666666667,73.0,78.08333333333333,64.29166666666667,0.2083333333333286,-8.208333333333329,5.583333333333329,73.58333333333333,68.625,18.911111111111108,17.807142857142857,88.43055555555559,78.25238095238096
2024-08-18,72.5,20.179166666666667,72.47083333333333,12.2875,5.758333333333333,202.3333333333333,36.083333333333336,29.041666666666668,77.41666666666667,0.0083333333333333,69.625,65.25,63.29166666666666,18,6,8,2024,231,69.875,69.66666666666667,73.0,62.875,2.625,-0.5,9.625,70.84722222222223,69.42261904761905,19.691666666666663,18.473809523809525,75.21388888888889,81.50059523809524
2024-08-19,69.625,17.929166666666667,54.020833333333336,11.458333333333334,5.5125,213.0833333333333,42.66666666666666,28.97083333333333,76.70833333333333,0.0416666666666666,65.25,63.29166666666666,67.79166666666667,19,0,8,2024,232,72.5,69.875,69.66666666666667,66.04166666666667,-2.875,-0.0416666666666714,3.5833333333333286,70.68055555555556,70.79761904761905,20.07222222222222,19.092261904761905,72.00277777777778,84.39821428571429
2024-08-20,65.25,16.395833333333332,43.075,8.920833333333333,4.55,193.0,43.583333333333336,29.29583333333333,74.375,0.0333333333333333,63.29166666666666,67.79166666666667,67.41666666666667,20,1,8,2024,233,69.625,72.5,69.875,66.41666666666667,-4.375,-4.625,-1.1666666666666714,70.66666666666667,71.30952380952381,19.63055555555556,18.9625,68.18750000000001,79.66428571428573
2024-08-21,63.29166666666666,16.745833333333334,44.53333333333333,7.533333333333332,4.183333333333334,176.79166666666666,47.0,29.34166666666667,74.33333333333333,0.0,67.79166666666667,67.41666666666667,67.875,21,2,8,2024,234,65.25,69.625,72.5,78.08333333333333,-1.9583333333333428,-9.208333333333345,-14.791666666666671,69.125,71.14285714285714,18.168055555555554,18.860119047619047,56.52222222222222,73.27559523809524
2024-08-22,67.79166666666667,18.883333333333333,63.59166666666667,7.791666666666667,4.4875,178.04166666666666,50.75,30.066666666666663,70.625,0.0,67.41666666666667,67.875,77.125,22,3,8,2024,235,63.29166666666666,65.25,69.625,73.0,4.500000000000014,-1.8333333333333288,-5.208333333333329,66.05555555555556,69.02976190476191,17.023611111111112,18.61785714285714,47.20972222222222,62.82023809523808
2024-08-23,67.41666666666667,18.004166666666666,63.225,7.066666666666666,4.2,173.79166666666666,52.41666666666666,29.766666666666666,73.20833333333333,0.0,67.875,77.125,75.08333333333333,23,4,8,2024,236,67.79166666666667,63.29166666666666,65.25,69.66666666666667,-0.375,2.1666666666666714,-2.25,65.44444444444444,68.28571428571429,17.341666666666665,18.59583333333333,50.4,60.17559523809525
2024-08-24,67.875,21.133333333333333,79.80833333333334,7.304166666666667,4.341666666666667,176.79166666666666,53.458333333333336,29.46666666666667,74.41666666666667,0.0,77.125,75.08333333333333,76.0,24,5,8,2024,237,67.41666666666667,67.79166666666667,63.29166666666666,69.875,0.4583333333333286,4.583333333333343,-2.0,66.16666666666667,67.96428571428571,17.877777777777776,18.417261904761904,57.11666666666667,59.85535714285715
2024-08-25,77.125,23.6875,81.96249999999999,6.6000000000000005,4.041666666666667,170.45833333333334,55.708333333333336,29.454166666666666,73.70833333333333,0.0,75.08333333333333,76.0,64.45833333333333,25,6,8,2024,238,67.875,67.41666666666667,67.79166666666667,72.5,9.25,9.333333333333329,4.625,67.69444444444444,67.67857142857143,19.34027777777778,18.4672619047619,68.875,60.10357142857144
2024-08-26,75.08333333333333,21.23333333333333,68.47083333333333,9.945833333333336,5.1875,192.875,60.29166666666666,29.691666666666663,73.5,0.0,76.0,64.45833333333333,56.625,26,0,8,2024,239,77.125,67.875,67.41666666666667,69.625,-2.0416666666666714,7.666666666666657,5.458333333333329,70.80555555555556,68.33928571428571,20.941666666666663,18.96845238095238,74.99861111111112,61.45952380952381
2024-08-27,76.0,20.791666666666668,50.62083333333334,13.975,8.254166666666666,284.625,84.70833333333333,29.02916666666667,82.04166666666667,2.1333333333333333,64.45833333333333,56.625,61.625,27,1,8,2024,240,75.08333333333333,77.125,67.875,65.25,0.9166666666666714,8.125,10.75,73.3611111111111,69.11904761904762,22.018055555555552,19.440476190476183,76.74722222222222,63.52380952380952
2024-08-28,64.45833333333333,11.629166666666668,17.604166666666668,17.325,8.85,364.9583333333333,81.125,27.554166666666664,86.75,0.95,56.625,61.625,58.458333333333336,28,2,8,2024,241,76.0,75.08333333333333,77.125,63.29166666666666,-11.541666666666671,-12.666666666666671,1.1666666666666714,76.06944444444444,70.6547619047619,21.90416666666667,20.06845238095238,67.01805555555556,64.60178571428573
2024-08-29,56.625,15.520833333333334,28.0625,20.04583333333333,9.158333333333331,354.3333333333333,74.95833333333333,27.60833333333333,88.83333333333333,0.9083333333333332,61.625,58.458333333333336,55.79166666666666,29,3,8,2024,242,64.45833333333333,76.0,75.08333333333333,67.79166666666667,-7.833333333333329,-18.45833333333333,-11.166666666666671,71.84722222222221,70.82142857142857,17.884722222222223,19.3375,45.56527777777777,60.7547619047619
2024-08-30,61.625,14.033333333333331,23.129166666666663,8.458333333333334,6.829166666666667,207.16666666666663,71.95833333333333,27.2875,82.66666666666667,1.0708333333333333,58.458333333333336,55.79166666666666,61.875,30,4,8,2024,243,56.625,64.45833333333333,76.0,67.41666666666667,5.0,-14.375,-5.791666666666671,65.69444444444444,69.22619047619047,15.980555555555556,18.857142857142858,32.09583333333334,55.679166666666674
2024-08-31,58.458333333333336,11.9,34.770833333333336,9.775,7.212499999999999,182.16666666666663,42.333333333333336,26.320833333333336,86.91666666666667,0.3541666666666667,55.79166666666666,61.875,61.91666666666666,31,5,8,2024,244,61.625,56.625,64.45833333333333,67.875,-3.1666666666666643,-5.999999999999993,-9.416666666666664,60.90277777777777,68.39880952380952,13.72777777777778,18.289880952380948,22.931944444444444,49.95119047619047
2024-09-01,55.79166666666666,14.025,41.204166666666666,14.875,10.6,260.2083333333333,34.583333333333336,27.008333333333336,88.08333333333333,0.0416666666666666,61.875,61.91666666666666,67.0,1,6,9,2024,245,58.458333333333336,61.625,56.625,77.125,-2.6666666666666785,-0.8333333333333428,-21.333333333333343,58.90277777777778,67.05357142857142,13.818055555555556,16.970833333333335,28.65416666666667,43.5172619047619
2024-09-02,61.875,15.3625,48.1625,21.27083333333333,10.033333333333331,302.875,42.5,27.0375,87.0,0.0,61.91666666666666,67.0,66.5,2,0,9,2024,246,55.79166666666666,58.458333333333336,61.625,75.08333333333333,6.083333333333343,0.25,-13.208333333333329,58.625,64.00595238095238,13.319444444444445,15.590476190476192,33.03472222222222,37.69464285714286
2024-09-03,61.91666666666666,16.191666666666666,62.2625,20.64583333333333,8.720833333333333,284.9583333333333,46.04166666666666,27.370833333333334,86.16666666666667,0.0,67.0,66.5,66.75,3,1,9,2024,247,61.875,55.79166666666666,58.458333333333336,76.0,0.0416666666666571,3.458333333333321,-14.083333333333345,58.708333333333336,62.119047619047606,13.7625,14.751785714285717,41.37916666666666,34.79345238095238
2024-09-04,67.0,18.883333333333333,63.40416666666667,17.7375,6.133333333333333,241.41666666666663,34.958333333333336,27.695833333333336,83.08333333333333,0.0916666666666666,66.5,66.75,68.125,4,2,9,2024,248,61.91666666666666,61.875,55.79166666666666,64.45833333333333,5.083333333333343,11.208333333333345,2.5416666666666714,59.86111111111111,60.10714285714285,15.193055555555556,14.094642857142857,50.543055555555554,36.45654761904762
2024-09-05,66.5,16.816666666666666,40.66666666666666,10.858333333333334,4.2625,194.16666666666663,46.125,28.0125,83.54166666666667,0.0083333333333333,66.75,68.125,63.583333333333336,5,3,9,2024,249,67.0,61.91666666666666,61.875,56.625,-0.5,4.625,9.875,63.59722222222222,60.47023809523809,16.8125,15.13095238095238,57.94305555555556,42.99940476190477
2024-09-06,66.75,19.058333333333334,50.875,12.533333333333331,4.6625000000000005,213.3333333333333,45.04166666666666,27.875,83.875,0.0375,68.125,63.583333333333336,61.708333333333336,6,4,9,2024,250,66.5,67.0,61.91666666666666,61.625,0.25,4.833333333333343,5.125,65.13888888888889,61.88095238095237,17.29722222222222,15.316071428571425,55.44444444444444,44.79999999999999
2024-09-07,68.125,17.479166666666668,49.925,14.225,5.454166666666667,227.41666666666663,44.583333333333336,27.541666666666668,83.04166666666667,0.0083333333333333,63.583333333333336,61.708333333333336,71.375,7,5,9,2024,251,66.75,66.5,67.0,58.458333333333336,1.375,1.125,9.666666666666664,66.75,62.613095238095234,18.25277777777778,16.03392857142857,51.64861111111111,48.76369047619047
2024-09-08,63.583333333333336,14.8375,48.04166666666666,14.454166666666666,5.629166666666666,229.5,47.458333333333336,27.52083333333333,84.54166666666667,0.0041666666666666,61.708333333333336,71.375,93.45833333333331,8,6,9,2024,252,68.125,66.75,66.5,55.79166666666666,-4.541666666666664,-2.9166666666666643,7.7916666666666785,67.125,63.99404761904761,17.784722222222225,16.830952380952382,47.15555555555554,50.92857142857143
2024-09-09,61.708333333333336,17.366666666666667,66.27916666666667,12.045833333333334,4.816666666666666,200.91666666666663,51.708333333333336,27.59166666666667,82.125,0.0,71.375,93.45833333333331,108.375,9,0,9,2024,253,63.583333333333336,68.125,66.75,61.875,-1.875,-5.041666666666664,-0.1666666666666643,66.15277777777779,65.10714285714285,17.125,16.94702380952381,49.61388888888888,51.90535714285714
2024-09-10,71.375,24.695833333333336,90.07916666666668,14.254166666666668,5.3625,234.125,53.208333333333336,27.5625,82.58333333333333,0.0208333333333333,93.45833333333331,108.375,91.375,10,1,9,2024,254,61.708333333333336,63.583333333333336,68.125,61.91666666666666,9.666666666666664,3.25,9.458333333333345,64.47222222222223,65.08333333333333,16.561111111111114,17.233333333333338,54.74861111111111,54.49345238095238
2024-09-11,93.45833333333331,37.17916666666667,168.1875,14.575,6.758333333333333,247.4583333333333,64.95833333333333,27.566666666666663,82.54166666666667,0.0083333333333333,108.375,91.375,77.125,11,2,9,2024,255,71.375,61.708333333333336,63.583333333333336,67.0,22.083333333333314,29.87499999999998,26.458333333333314,65.55555555555556,66.43452380952381,18.96666666666667,18.44821428571429,68.13333333333334,58.46726190476191
2024-09-12,108.375,36.32083333333333,172.32916666666665,11.391666666666666,5.291666666666667,213.125,62.66666666666666,27.929166666666664,79.29166666666667,0.0,91.375,77.125,74.08333333333333,12,3,9,2024,256,93.45833333333331,71.375,61.708333333333336,66.5,14.916666666666686,46.66666666666666,41.875,75.51388888888889,70.21428571428571,26.41388888888889,21.061904761904763,108.18194444444444,73.43630952380953
2024-09-13,91.375,22.804166666666664,83.99583333333334,7.795833333333333,3.7,168.33333333333334,57.083333333333336,27.9875,74.20833333333333,0.0041666666666666,77.125,74.08333333333333,74.20833333333333,13,4,9,2024,257,108.375,93.45833333333331,71.375,66.75,-17.0,20.0,24.625,91.06944444444444,76.19642857142857,32.731944444444444,23.848214285714285,143.53194444444443,92.2452380952381
2024-09-14,77.125,23.266666666666666,74.40416666666667,7.716666666666666,3.6875,169.375,59.25,28.22083333333333,71.625,0.0,74.08333333333333,74.20833333333333,70.375,14,5,9,2024,258,91.375,108.375,93.45833333333331,68.125,-14.25,-16.333333333333314,9.0,97.7361111111111,79.71428571428571,32.101388888888884,24.383333333333333,141.50416666666666,96.97678571428573
2024-09-15,74.08333333333333,21.2875,51.6125,8.366666666666667,4.120833333333334,181.375,57.75,28.05,71.625,0.0,74.20833333333333,70.375,65.08333333333333,15,6,9,2024,259,77.125,91.375,108.375,63.583333333333336,-3.0416666666666714,-34.29166666666667,10.499999999999991,92.29166666666669,81.0,27.46388888888889,25.21011904761905,110.24305555555554,100.47380952380952
2024-09-16,74.20833333333333,21.425,50.7875,9.033333333333331,4.341666666666667,181.375,54.708333333333336,27.8875,75.16666666666667,0.0208333333333333,70.375,65.08333333333333,63.29166666666666,16,0,9,2024,260,74.08333333333333,77.125,91.375,61.708333333333336,0.125,-17.16666666666667,12.499999999999991,80.8611111111111,82.5,22.45277777777777,26.131547619047616,70.00416666666666,100.98392857142858
2024-09-17,70.375,17.895833333333332,51.875,9.620833333333334,4.6875,187.8333333333333,53.583333333333336,28.3125,76.66666666666667,0.0,65.08333333333333,63.29166666666666,64.75,17,1,9,2024,261,74.20833333333333,74.08333333333333,77.125,71.375,-3.8333333333333286,-6.75,-1.0,75.13888888888887,84.28571428571429,21.99305555555556,26.71130952380952,58.93472222222223,98.77083333333334
2024-09-18,65.08333333333333,16.008333333333333,47.61666666666667,11.0875,5.6125,205.7083333333333,59.125,28.375,77.91666666666667,0.0,63.29166666666666,64.75,67.16666666666667,18,2,9,2024,262,70.375,74.20833333333333,74.08333333333333,93.45833333333331,-5.291666666666671,-9.0,-28.374999999999982,72.88888888888889,84.14285714285714,20.20277777777778,25.739880952380958,51.425,93.31309523809524
2024-09-19,63.29166666666666,17.054166666666667,57.03333333333333,13.9875,7.295833333333333,221.41666666666663,62.083333333333336,28.22083333333333,79.625,0.0,64.75,67.16666666666667,73.95833333333333,19,3,9,2024,263,65.08333333333333,70.375,74.20833333333333,108.375,-1.7916666666666714,-10.916666666666671,-45.08333333333334,69.88888888888887,80.08928571428571,18.44305555555556,22.71547619047619,50.09305555555556,76.08869047619046
2024-09-20,64.75,16.679166666666667,53.35416666666666,12.65,6.245833333333334,220.04166666666663,60.04166666666666,28.229166666666668,80.45833333333333,0.0,67.16666666666667,73.95833333333333,73.25,20,4,9,2024,264,63.29166666666666,65.08333333333333,70.375,91.375,1.4583333333333428,-5.625,-26.625,66.24999999999999,73.64880952380952,16.98611111111111,19.963095238095235,52.175,59.61785714285715
2024-09-21,67.16666666666667,20.10833333333333,62.1125,9.220833333333331,5.179166666666666,197.2083333333333,59.458333333333336,28.34166666666667,75.375,0.0,73.95833333333333,73.25,70.66666666666667,21,5,9,2024,265,64.75,63.29166666666666,65.08333333333333,77.125,2.4166666666666714,2.083333333333343,-9.958333333333329,64.375,69.84523809523809,16.580555555555556,19.08809523809524,52.668055555555554,55.24047619047618
2024-09-22,73.95833333333333,22.25,70.82916666666667,8.854166666666666,4.925,195.79166666666663,60.958333333333336,28.48333333333333,72.75,0.0,73.25,70.66666666666667,69.29166666666667,22,6,9,2024,266,67.16666666666667,64.75,63.29166666666666,74.08333333333333,6.791666666666657,10.666666666666671,-0.125,65.06944444444444,68.42261904761905,17.947222222222223,18.636904761904763,57.5,53.48452380952381
2024-09-23,73.25,20.4375,62.325,8.637500000000001,4.858333333333333,197.25,61.125,28.8875,72.875,0.0,70.66666666666667,69.29166666666667,68.5,23,0,9,2024,267,73.95833333333333,67.16666666666667,64.75,74.20833333333333,-0.7083333333333286,8.5,-0.9583333333333286,68.625,68.4047619047619,19.679166666666664,18.77440476190477,62.098611111111104,56.2297619047619
2024-09-24,70.66666666666667,19.5,55.5375,8.983333333333333,5.154166666666667,192.75,60.208333333333336,29.025,73.25,0.0,69.29166666666667,68.5,66.41666666666667,24,1,9,2024,268,73.25,73.95833333333333,67.16666666666667,70.375,-2.5833333333333286,3.5,0.2916666666666714,71.45833333333333,68.26785714285714,20.931944444444444,18.633333333333333,65.08888888888889,57.87797619047619
2024-09-25,69.29166666666667,18.695833333333333,43.43333333333334,10.575,5.5125,192.79166666666663,56.333333333333336,28.90416666666667,74.83333333333333,0.0,68.5,66.41666666666667,68.25,25,2,9,2024,269,70.66666666666667,73.25,73.95833333333333,65.08333333333333,-1.375,-4.666666666666657,4.208333333333343,72.625,68.30952380952381,20.729166666666668,18.8625,62.89722222222222,58.40119047619048
2024-09-26,68.5,18.65,47.775,10.866666666666667,5.3,200.0833333333333,55.29166666666666,29.1,74.41666666666667,0.0,66.41666666666667,68.25,65.625,26,3,9,2024,270,69.29166666666667,70.66666666666667,73.25,63.29166666666666,-0.7916666666666714,-4.75,5.208333333333343,71.06944444444446,68.91071428571429,19.544444444444444,19.24642857142857,53.76527777777778,57.80357142857143
2024-09-27,66.41666666666667,17.954166666666666,50.3125,8.404166666666667,4.445833333333334,179.70833333333334,52.79166666666666,29.125,75.70833333333333,0.0,68.25,65.625,62.125,27,4,9,2024,271,68.5,69.29166666666667,70.66666666666667,64.75,-2.0833333333333286,-4.25,1.6666666666666714,69.48611111111111,69.65476190476191,18.94861111111111,19.47440476190476,48.91527777777778,56.48095238095238
2024-09-28,68.25,17.8875,51.57916666666667,8.1875,4.2875000000000005,177.375,53.41666666666666,29.225,74.25,0.0,65.625,62.125,56.458333333333336,28,5,9,2024,272,66.41666666666667,68.5,69.29166666666667,67.16666666666667,1.8333333333333288,-1.0416666666666714,1.0833333333333286,68.06944444444446,69.89285714285715,18.433333333333334,19.656547619047625,47.17361111111112,56.04642857142856
2024-09-29,65.625,17.154166666666665,64.3,9.841666666666669,5.058333333333334,182.29166666666663,53.208333333333336,28.754166666666663,74.41666666666667,0.0,62.125,56.458333333333336,55.25,29,6,9,2024,273,68.25,66.41666666666667,68.5,73.95833333333333,-2.625,-2.875,-8.333333333333329,67.72222222222223,70.04761904761905,18.163888888888888,19.339285714285715,49.88888888888889,54.54166666666666
2024-09-30,62.125,13.391666666666666,33.237500000000004,10.295833333333333,5.116666666666666,177.79166666666666,49.375,28.77916666666667,75.29166666666667,0.0,56.458333333333336,55.25,59.083333333333336,30,0,9,2024,274,65.625,68.25,66.41666666666667,73.25,-3.5,-4.291666666666671,-11.125,66.7638888888889,68.85714285714286,17.665277777777778,18.611309523809524,55.39722222222222,53.60892857142857
2024-10-01,56.458333333333336,11.529166666666669,24.541666666666668,10.458333333333334,4.691666666666666,204.0,47.375,28.933333333333334,77.16666666666667,0.0,55.25,59.083333333333336,60.333333333333336,1,1,10,2024,275,62.125,65.625,68.25,70.66666666666667,-5.666666666666664,-11.791666666666664,-14.208333333333336,65.33333333333333,67.26785714285714,16.144444444444442,17.604761904761904,49.70555555555556,49.45357142857143
2024-10-02,55.25,12.8625,28.666666666666668,9.520833333333334,4.504166666666666,197.41666666666663,49.583333333333336,28.9,78.95833333333333,0.0,59.083333333333336,60.333333333333336,62.66666666666666,2,2,10,2024,276,56.458333333333336,62.125,65.625,69.29166666666667,-1.2083333333333357,-10.375,-14.041666666666671,61.40277777777778,65.23809523809524,14.025,16.46607142857143,40.69305555555555,45.02559523809525
2024-10-03,59.083333333333336,13.879166666666668,32.02916666666667,7.866666666666667,3.9583333333333335,191.66666666666663,52.833333333333336,28.78333333333333,78.79166666666667,0.0,60.333333333333336,62.66666666666666,63.125,3,3,10,2024,277,55.25,56.458333333333336,62.125,68.5,3.833333333333336,-3.0416666666666643,-9.416666666666664,57.94444444444445,63.23214285714285,12.594444444444443,15.632738095238096,28.81527777777778,42.91607142857144
2024-10-04,60.333333333333336,15.458333333333334,35.050000000000004,7.279166666666666,3.704166666666667,180.875,51.333333333333336,28.691666666666663,79.70833333333333,0.0,62.66666666666666,63.125,69.25,4,4,10,2024,278,59.083333333333336,55.25,56.458333333333336,66.41666666666667,1.25,3.875,-6.083333333333336,56.93055555555557,61.88690476190476,12.756944444444445,14.951190476190476,28.412500000000005,40.66666666666666
2024-10-05,62.66666666666666,15.479166666666666,39.520833333333336,8.862499999999999,4.375,175.95833333333334,49.875,28.691666666666663,78.45833333333333,0.0,63.125,69.25,76.45833333333333,5,5,10,2024,279,60.333333333333336,59.083333333333336,55.25,68.25,2.333333333333321,7.416666666666657,-5.583333333333343,58.22222222222223,61.017857142857146,14.066666666666668,14.594642857142857,31.915277777777774,38.48630952380952
2024-10-06,63.125,17.179166666666667,46.93333333333334,12.579166666666666,7.020833333333333,222.5,54.04166666666666,28.425,77.79166666666667,0.0,69.25,76.45833333333333,80.33333333333333,6,6,10,2024,280,62.66666666666666,60.333333333333336,59.083333333333336,65.625,0.4583333333333428,4.041666666666664,-2.5,60.69444444444444,60.22023809523809,14.93888888888889,14.250595238095238,35.53333333333334,36.76369047619048
2024-10-07,69.25,19.54583333333333,47.84583333333333,17.154166666666665,12.266666666666666,275.8333333333333,72.25,29.133333333333336,67.66666666666667,0.0,76.45833333333333,80.33333333333333,85.91666666666667,7,0,10,2024,281,63.125,62.66666666666666,60.333333333333336,62.125,6.125,8.916666666666664,7.125,62.04166666666666,59.863095238095234,16.038888888888888,14.254166666666666,40.50138888888889,34.282738095238095
2024-10-08,76.45833333333333,22.1125,43.325,20.075,11.9,337.4166666666667,85.83333333333333,31.179166666666664,48.708333333333336,0.0,80.33333333333333,85.91666666666667,82.16666666666667,8,1,10,2024,282,69.25,63.125,62.66666666666666,56.458333333333336,7.208333333333329,13.791666666666671,19.999999999999996,65.01388888888889,60.88095238095239,17.40138888888889,15.133333333333336,44.76666666666667,36.369642857142864
2024-10-09,80.33333333333333,26.379166666666663,47.25416666666666,19.5875,7.829166666666667,343.0416666666667,79.75,31.579166666666666,49.25,0.0,85.91666666666667,82.16666666666667,113.16666666666669,9,2,10,2024,283,76.45833333333333,69.25,63.125,55.25,3.875,17.20833333333333,25.08333333333333,69.6111111111111,63.73809523809524,19.6125,16.645238095238096,46.03472222222223,39.052976190476194
2024-10-10,85.91666666666667,27.070833333333336,49.32916666666667,27.98333333333333,9.820833333333333,445.25,73.41666666666667,30.98333333333333,55.583333333333336,0.0,82.16666666666667,113.16666666666669,104.70833333333331,10,3,10,2024,284,80.33333333333333,76.45833333333333,69.25,59.083333333333336,5.583333333333343,16.66666666666667,26.833333333333336,75.34722222222221,67.32142857142857,22.679166666666664,18.57619047619048,46.14166666666667,41.708333333333336
2024-10-11,82.16666666666667,27.5125,55.77916666666667,25.329166666666666,11.958333333333334,455.5416666666667,81.70833333333333,31.683333333333334,45.91666666666666,0.0,113.16666666666669,104.70833333333331,79.25,11,4,10,2024,285,85.91666666666667,80.33333333333333,76.45833333333333,60.333333333333336,-3.75,5.708333333333343,21.833333333333336,80.90277777777777,71.1547619047619,25.1875,20.460714285714285,46.63611111111111,44.179761904761904
2024-10-12,113.16666666666669,41.22083333333333,79.75416666666666,23.308333333333334,17.712500000000002,481.8333333333333,116.75,30.55,58.458333333333336,0.0,104.70833333333331,79.25,91.29166666666669,12,5,10,2024,286,82.16666666666667,85.91666666666667,80.33333333333333,62.66666666666666,31.00000000000001,32.83333333333336,50.50000000000003,82.80555555555556,74.27380952380952,26.9875,22.182738095238097,50.7875,47.14107142857142
2024-10-13,104.70833333333331,28.29583333333333,46.15,23.758333333333336,15.658333333333331,413.8333333333333,79.04166666666667,29.933333333333334,69.41666666666667,0.0,79.25,91.29166666666669,83.20833333333333,13,6,10,2024,287,113.16666666666669,82.16666666666667,85.91666666666667,63.125,-8.458333333333371,18.791666666666643,41.583333333333314,93.75,81.48809523809526,31.934722222222224,25.860119047619044,61.62083333333334,52.88869047619048
2024-10-14,79.25,24.704166666666666,38.075,19.14583333333333,16.133333333333333,370.375,86.04166666666667,30.6375,61.41666666666666,0.0,91.29166666666669,83.20833333333333,71.91666666666667,14,0,10,2024,288,104.70833333333331,113.16666666666669,82.16666666666667,69.25,-25.458333333333314,-2.9166666666666714,10.0,100.0138888888889,87.42857142857143,32.34305555555556,27.448214285714283,60.56111111111111,52.77678571428572
2024-10-15,91.29166666666669,26.004166666666663,40.954166666666666,17.041666666666668,14.329166666666666,352.375,110.0,31.133333333333336,56.16666666666666,0.0125,83.20833333333333,71.91666666666667,78.33333333333333,15,1,10,2024,289,79.25,104.70833333333331,113.16666666666669,76.45833333333333,12.041666666666686,-21.875,14.833333333333355,99.04166666666669,88.85714285714286,31.406944444444445,28.18511904761905,54.65972222222223,51.38095238095237
2024-10-16,83.20833333333333,21.666666666666668,35.083333333333336,14.695833333333333,8.733333333333333,315.9166666666667,100.08333333333331,30.78333333333333,64.45833333333333,0.0,71.91666666666667,78.33333333333333,89.875,16,2,10,2024,290,91.29166666666669,79.25,104.70833333333331,80.33333333333333,-8.083333333333357,-21.499999999999982,2.875,91.75,90.9761904761905,26.334722222222226,28.741071428571427,41.72638888888888,51.0422619047619
2024-10-17,71.91666666666667,20.666666666666668,35.625,15.325,6.525,305.2083333333333,74.375,29.945833333333336,73.79166666666667,0.0,78.33333333333333,89.875,86.70833333333333,17,3,10,2024,291,83.20833333333333,91.29166666666669,79.25,85.91666666666667,-11.291666666666655,-7.333333333333329,-14.0,84.58333333333333,91.38690476190476,24.125,28.067857142857143,38.0375,49.30357142857143
2024-10-18,78.33333333333333,22.3875,35.78333333333333,22.975,13.791666666666666,409.4583333333333,77.66666666666667,29.245833333333334,75.625,0.0,89.875,86.70833333333333,76.29166666666667,18,4,10,2024,292,71.91666666666667,83.20833333333333,91.29166666666669,82.16666666666667,6.416666666666657,-12.958333333333355,-3.833333333333343,82.1388888888889,89.38690476190477,22.77916666666667,27.15297619047619,37.22083333333333,47.34583333333333
2024-10-19,89.875,25.6125,41.6,20.729166666666668,11.683333333333332,384.25,92.16666666666669,30.604166666666668,59.04166666666666,0.0,86.70833333333333,76.29166666666667,77.04166666666667,19,5,10,2024,293,78.33333333333333,71.91666666666667,83.20833333333333,113.16666666666669,11.541666666666671,6.666666666666671,-23.29166666666669,77.81944444444444,88.83928571428571,21.57361111111111,26.420833333333327,35.49722222222223,44.48928571428571
2024-10-20,86.70833333333333,23.508333333333336,39.275,21.125,8.929166666666667,390.9583333333333,87.58333333333333,30.71666666666667,58.04166666666666,0.0,76.29166666666667,77.04166666666667,96.25,20,6,10,2024,294,89.875,78.33333333333333,71.91666666666667,104.70833333333331,-3.1666666666666714,14.791666666666655,-17.999999999999986,80.04166666666667,85.51190476190474,22.88888888888889,24.19107142857143,37.66944444444445,39.03869047619048
2024-10-21,76.29166666666667,19.183333333333334,34.45,17.266666666666666,8.475,332.3333333333333,81.91666666666667,29.5625,71.25,0.0,77.04166666666667,96.25,95.83333333333331,21,0,10,2024,295,86.70833333333333,89.875,78.33333333333333,79.25,-10.416666666666655,-2.041666666666657,-2.9583333333333286,84.97222222222221,82.94047619047619,23.836111111111112,23.50714285714286,38.88611111111111,38.05654761904761
2024-10-22,77.04166666666667,26.3375,47.825,17.0625,8.720833333333333,346.6666666666667,90.125,29.745833333333334,66.5,0.0,96.25,95.83333333333331,71.20833333333333,22,1,10,2024,296,76.29166666666667,86.70833333333333,89.875,91.29166666666669,0.75,-12.833333333333329,-14.250000000000014,84.29166666666667,82.51785714285714,22.76805555555556,22.71845238095238,38.44166666666667,37.53869047619048
2024-10-23,96.25,33.65833333333333,58.82083333333333,22.70833333333333,9.8,417.7916666666667,85.66666666666667,29.325,71.625,0.0083333333333333,95.83333333333331,71.20833333333333,60.875,23,2,10,2024,297,77.04166666666667,76.29166666666667,86.70833333333333,83.20833333333333,19.20833333333333,9.541666666666671,13.041666666666671,80.0138888888889,80.48214285714286,23.009722222222223,22.76607142857143,40.516666666666666,38.52023809523809
2024-10-24,95.83333333333331,24.65,46.0125,29.191666666666663,11.2375,516.9583333333334,80.875,30.054166666666664,58.583333333333336,0.0,71.20833333333333,60.875,70.04166666666667,24,3,10,2024,298,96.25,77.04166666666667,76.29166666666667,71.91666666666667,-0.4166666666666856,19.541666666666643,23.916666666666643,83.19444444444444,82.3452380952381,26.393055555555552,24.479166666666668,47.03194444444444,41.91130952380952
2024-10-25,71.20833333333333,15.775,36.41666666666666,21.308333333333334,7.341666666666666,362.5,74.79166666666667,30.554166666666664,58.41666666666666,0.0,60.875,70.04166666666667,90.5,25,4,10,2024,299,95.83333333333331,96.25,77.04166666666667,78.33333333333333,-24.624999999999982,-5.833333333333343,-7.125,89.70833333333333,85.76190476190474,28.21527777777777,25.048214285714288,50.88611111111112,43.39523809523809
2024-10-26,60.875,16.141666666666666,47.9375,18.883333333333333,5.916666666666667,401.4166666666667,70.83333333333333,30.1125,69.79166666666667,0.0,70.04166666666667,90.5,100.125,26,5,10,2024,300,71.20833333333333,95.83333333333331,96.25,89.875,-10.333333333333329,-35.375,-29.0,87.76388888888887,84.74404761904762,24.694444444444443,24.10357142857143,47.083333333333336,43.48571428571428
2024-10-27,70.04166666666667,26.979166666666668,77.10833333333333,27.0,9.454166666666667,794.5833333333334,70.70833333333333,30.141666666666666,67.33333333333333,0.0,90.5,100.125,117.625,27,6,10,2024,301,60.875,71.20833333333333,95.83333333333331,86.70833333333333,9.166666666666671,-25.791666666666643,-16.666666666666657,75.97222222222221,80.60119047619047,18.855555555555554,22.75059523809524,43.45555555555556,44.39107142857142
2024-10-28,90.5,30.7875,77.3,20.554166666666667,6.65,572.0833333333334,68.125,29.245833333333334,77.125,0.0,100.125,117.625,104.79166666666669,28,0,10,2024,302,70.04166666666667,60.875,71.20833333333333,76.29166666666667,20.45833333333333,19.29166666666667,14.208333333333329,67.375,78.22023809523809,19.631944444444443,23.24642857142857,53.820833333333326,49.79583333333333
2024-10-29,100.125,41.36666666666667,119.19166666666666,17.679166666666667,5.966666666666666,579.0833333333334,71.58333333333333,28.70833333333333,81.41666666666667,0.0,117.625,104.79166666666669,100.04166666666669,29,1,10,2024,303,90.5,70.04166666666667,60.875,77.04166666666667,9.625,39.25,23.08333333333333,73.80555555555556,80.25,24.63611111111111,24.904166666666665,67.4486111111111,55.91726190476191
2024-10-30,117.625,38.775,141.03333333333333,21.2375,6.691666666666666,494.5416666666667,68.125,28.27916666666667,82.83333333333333,0.0,104.79166666666669,100.04166666666669,81.20833333333333,30,2,10,2024,304,100.125,90.5,70.04166666666667,96.25,17.5,47.58333333333333,21.375,86.8888888888889,83.54761904761904,33.044444444444444,27.05119047619048,91.2,66.1125
2024-10-31,104.79166666666669,37.8875,101.10833333333332,26.2,10.058333333333334,517.25,73.41666666666667,28.254166666666663,78.625,0.0,100.04166666666669,81.20833333333333,83.95833333333333,31,3,10,2024,305,117.625,100.125,90.5,95.83333333333331,-12.833333333333314,14.291666666666686,8.958333333333371,102.75,86.60119047619047,36.97638888888889,27.782142857142865,112.50833333333333,77.85714285714286
2024-11-01,100.04166666666669,29.7375,68.59166666666667,25.354166666666668,7.979166666666667,463.5833333333333,63.875,28.666666666666668,72.45833333333333,0.0,81.20833333333333,83.95833333333333,84.83333333333333,1,4,11,2024,306,104.79166666666669,117.625,100.125,71.20833333333333,-4.75,-0.0833333333333143,28.83333333333336,107.5138888888889,87.8809523809524,39.34305555555556,29.67321428571429,120.44444444444446,85.72797619047618
2024-11-02,81.20833333333333,24.25,51.8,21.275,6.25,541.3333333333334,63.5,28.195833333333336,79.66666666666667,0.0,83.95833333333333,84.83333333333333,82.625,2,5,11,2024,307,100.04166666666669,104.79166666666669,117.625,60.875,-18.83333333333336,-36.41666666666667,20.33333333333333,107.48611111111111,92.0,35.46666666666666,31.667857142857144,103.57777777777778,90.32440476190476
2024-11-03,83.95833333333333,27.40833333333333,59.10833333333334,29.42083333333333,9.4125,749.5833333333334,59.54166666666666,27.4875,82.83333333333333,0.0,84.83333333333333,82.625,85.33333333333333,3,6,11,2024,308,81.20833333333333,100.04166666666669,104.79166666666669,70.04166666666667,2.75,-20.83333333333336,13.916666666666655,95.34722222222224,94.90476190476193,30.625,32.82619047619048,73.83333333333333,90.87619047619047
2024-11-04,84.83333333333333,25.79583333333333,49.8125,31.041666666666668,11.041666666666666,729.5833333333334,68.54166666666667,27.316666666666663,74.91666666666667,0.0,82.625,85.33333333333333,84.16666666666667,4,0,11,2024,309,83.95833333333333,81.20833333333333,100.04166666666669,90.5,0.875,-15.208333333333355,-5.666666666666671,88.40277777777777,96.89285714285715,27.131944444444443,32.8875,59.833333333333336,88.3047619047619
2024-11-05,82.625,28.03333333333333,48.72916666666666,29.354166666666668,9.345833333333331,583.1666666666666,73.08333333333333,27.34583333333333,71.83333333333333,0.0,85.33333333333333,84.16666666666667,75.83333333333333,5,1,11,2024,310,84.83333333333333,83.95833333333333,81.20833333333333,100.125,-2.2083333333333286,1.4166666666666714,-17.5,83.33333333333333,96.08333333333334,25.81805555555556,32.17440476190476,53.57361111111111,84.37797619047619
2024-11-06,85.33333333333333,25.70833333333333,42.55833333333333,28.77083333333333,8.924999999999999,626.625,73.83333333333333,27.575,71.79166666666667,0.0,84.16666666666667,75.83333333333333,72.33333333333333,6,2,11,2024,311,82.625,84.83333333333333,83.95833333333333,117.625,2.7083333333333286,1.375,-32.29166666666667,83.80555555555556,93.58333333333334,27.079166666666666,30.26964285714285,52.55,74.31190476190477
2024-11-07,84.16666666666667,27.20833333333333,48.04166666666666,22.575,6.7875000000000005,553.2916666666666,72.70833333333333,27.70833333333333,80.25,0.0,75.83333333333333,72.33333333333333,72.5,7,3,11,2024,312,85.33333333333333,82.625,84.83333333333333,104.79166666666669,-1.1666666666666572,-0.6666666666666572,-20.62500000000001,84.26388888888887,88.97023809523809,26.5125,28.40297619047619,47.03333333333333,60.24404761904761
2024-11-08,75.83333333333333,19.48333333333333,39.56666666666667,20.42083333333333,7.233333333333333,776.2916666666666,68.45833333333333,28.09583333333333,77.375,0.0,72.33333333333333,72.5,75.66666666666667,8,4,11,2024,313,84.16666666666667,85.33333333333333,82.625,100.04166666666669,-8.333333333333343,-6.791666666666671,-24.20833333333336,84.04166666666667,86.02380952380952,26.98333333333333,26.87738095238095,46.44305555555555,52.66309523809524
2024-11-09,72.33333333333333,21.4875,43.24166666666667,24.683333333333334,7.55,642.75,65.20833333333333,27.320833333333336,77.95833333333333,0.0,72.5,75.66666666666667,80.08333333333333,9,5,11,2024,314,75.83333333333333,84.16666666666667,85.33333333333333,81.20833333333333,-3.5,-13.0,-8.875,81.77777777777777,82.56547619047619,24.13333333333333,25.412499999999994,43.388888888888886,48.51666666666666
2024-11-10,72.5,20.77083333333333,40.71666666666667,25.054166666666664,6.65,570.8333333333334,57.333333333333336,27.25,77.20833333333333,0.0,75.66666666666667,80.08333333333333,104.20833333333331,10,6,11,2024,315,72.33333333333333,75.83333333333333,84.16666666666667,83.95833333333333,0.1666666666666714,-11.666666666666671,-11.458333333333329,77.44444444444444,81.29761904761905,22.726388888888888,25.01785714285714,43.61666666666667,47.29404761904762
2024-11-11,75.66666666666667,23.425,48.275,26.14583333333333,7.1125,806.0,55.29166666666666,27.04583333333333,77.625,0.0,80.08333333333333,104.20833333333331,107.45833333333331,11,0,11,2024,316,72.5,72.33333333333333,75.83333333333333,84.83333333333333,3.1666666666666714,-0.1666666666666572,-9.166666666666655,73.55555555555556,79.66071428571429,20.580555555555552,24.06964285714286,41.175,44.66666666666666
2024-11-12,80.08333333333333,29.34166666666667,59.9625,34.708333333333336,12.383333333333333,938.4583333333334,49.04166666666666,27.3125,76.33333333333333,0.0,104.20833333333331,107.45833333333331,112.95833333333331,12,1,11,2024,317,75.66666666666667,72.5,72.33333333333333,82.625,4.416666666666657,7.75,-2.5416666666666714,73.5,78.35119047619047,21.89444444444444,23.73095238095238,44.07777777777778,44.4470238095238
2024-11-13,104.20833333333331,41.454166666666666,56.675,42.641666666666666,25.891666666666666,803.4166666666666,56.125,27.15,67.91666666666667,0.0,107.45833333333331,112.95833333333331,107.33333333333331,13,2,11,2024,318,80.08333333333333,75.66666666666667,72.5,85.33333333333333,24.124999999999982,31.708333333333314,18.874999999999982,76.08333333333333,77.98809523809523,24.5125,23.91785714285714,49.651388888888896,46.05178571428571
2024-11-14,107.45833333333331,37.97083333333333,45.60416666666666,38.22083333333333,22.666666666666668,754.0833333333334,65.70833333333333,26.85833333333333,61.125,0.0,112.95833333333331,107.33333333333331,91.83333333333331,14,3,11,2024,319,104.20833333333331,80.08333333333333,75.66666666666667,84.16666666666667,3.25,31.791666666666643,23.291666666666643,86.65277777777777,80.68452380952381,31.406944444444445,26.167261904761897,54.97083333333333,48.06845238095239
2024-11-15,112.95833333333331,39.92916666666667,43.39166666666667,28.991666666666664,20.866666666666667,692.0,91.79166666666669,26.85833333333333,53.29166666666666,0.0,107.33333333333331,91.83333333333331,99.66666666666669,15,4,11,2024,320,107.45833333333331,104.20833333333331,80.08333333333333,75.83333333333333,5.5,32.874999999999986,37.12499999999999,97.25,84.01190476190474,36.25555555555555,27.704761904761902,54.08055555555555,47.72023809523809
2024-11-16,107.33333333333331,33.59166666666667,38.575,28.98333333333333,20.375,807.125,83.95833333333333,26.775,65.16666666666667,0.0,91.83333333333331,99.66666666666669,124.45833333333331,16,5,11,2024,321,112.95833333333331,107.45833333333331,104.20833333333331,72.33333333333333,-5.625,3.125,34.999999999999986,108.20833333333331,89.31547619047618,39.78472222222222,30.62559523809524,48.55694444444444,48.266666666666666
2024-11-17,91.83333333333331,30.454166666666666,40.09166666666667,31.65416666666667,19.991666666666667,917.875,69.75,26.67083333333333,68.70833333333333,0.0,99.66666666666669,124.45833333333331,98.08333333333331,17,6,11,2024,322,107.33333333333331,112.95833333333331,107.45833333333331,72.5,-15.5,-15.625,19.333333333333314,109.25,94.31547619047618,37.16388888888889,32.3547619047619,42.52361111111112,47.6
2024-11-18,99.66666666666669,42.1125,51.0375,42.925,22.354166666666668,972.2083333333334,62.54166666666666,27.21666666666667,54.875,0.0,124.45833333333331,98.08333333333331,94.20833333333331,18,0,11,2024,323,91.83333333333331,107.33333333333331,112.95833333333331,75.66666666666667,7.833333333333371,-13.291666666666629,24.00000000000001,104.04166666666664,97.07738095238092,34.65833333333334,33.73809523809524,40.68611111111111,47.51071428571429
2024-11-19,124.45833333333331,41.9625,48.1375,40.458333333333336,21.229166666666668,929.6666666666666,63.833333333333336,26.933333333333334,53.458333333333336,0.0,98.08333333333331,94.20833333333331,83.45833333333333,19,1,11,2024,324,99.66666666666669,91.83333333333331,107.33333333333331,80.08333333333333,24.79166666666663,17.125,44.37499999999999,99.6111111111111,100.50595238095237,35.38611111111111,36.407738095238095,43.234722222222224,47.90535714285714
2024-11-20,98.08333333333331,28.504166666666663,32.90833333333333,28.0875,18.025,851.5416666666666,72.20833333333333,26.320833333333336,56.875,0.0,94.20833333333331,83.45833333333333,74.04166666666667,20,2,11,2024,325,124.45833333333331,99.66666666666669,91.83333333333331,104.20833333333331,-26.375,6.25,-6.125,105.31944444444444,106.84523809523807,38.17638888888889,38.21071428571428,46.42222222222222,46.21607142857143
2024-11-21,94.20833333333331,32.6625,36.016666666666666,35.833333333333336,21.120833333333334,1046.75,59.583333333333336,25.804166666666664,66.45833333333333,0.0,83.45833333333333,74.04166666666667,81.08333333333333,21,3,11,2024,326,98.08333333333331,124.45833333333331,99.66666666666669,107.45833333333331,-3.875,-5.458333333333371,-13.25,107.40277777777776,105.97023809523807,37.52638888888888,36.36071428571429,44.02777777777778,42.82083333333334
2024-11-22,83.45833333333333,23.366666666666664,26.33333333333333,27.120833333333334,18.6375,973.4583333333334,75.45833333333333,26.15,65.83333333333333,0.0,74.04166666666667,81.08333333333333,98.45833333333331,22,4,11,2024,327,94.20833333333331,98.08333333333331,124.45833333333331,112.95833333333331,-10.749999999999986,-40.99999999999999,-29.499999999999982,105.58333333333331,104.07738095238092,34.37638888888889,35.602380952380955,39.020833333333336,41.45119047619048
2024-11-23,74.04166666666667,21.370833333333334,25.05,26.495833333333334,16.504166666666666,962.9583333333334,67.91666666666667,26.40833333333333,64.83333333333333,0.0,81.08333333333333,98.45833333333331,127.125,23,5,11,2024,328,83.45833333333333,94.20833333333331,98.08333333333331,107.33333333333331,-9.416666666666655,-24.041666666666643,-33.29166666666664,91.91666666666664,99.86309523809524,28.177777777777777,33.236309523809524,31.752777777777776,39.01428571428572
2024-11-24,81.08333333333333,28.870833333333334,33.80833333333333,34.47083333333333,23.54583333333333,1013.9583333333334,72.0,26.245833333333334,67.20833333333333,0.0,98.45833333333331,127.125,96.5,24,6,11,2024,329,74.04166666666667,83.45833333333333,94.20833333333331,91.83333333333331,7.041666666666657,-13.124999999999986,-10.749999999999986,83.90277777777777,95.10714285714285,25.8,31.49047619047619,29.13333333333333,37.082142857142856
2024-11-25,98.45833333333331,40.72916666666666,46.525,53.52916666666667,28.445833333333336,959.2916666666666,65.875,25.8625,52.958333333333336,0.0,127.125,96.5,98.41666666666669,25,0,11,2024,330,81.08333333333333,74.04166666666667,83.45833333333333,99.66666666666669,17.374999999999986,14.999999999999986,-1.2083333333333712,79.52777777777777,93.57142857142856,24.53611111111111,31.264285714285712,28.397222222222226,36.18452380952381
2024-11-26,127.125,41.99583333333333,48.62083333333334,48.99166666666667,28.454166666666666,1009.1666666666666,60.25,25.5875,58.29166666666666,0.0,96.5,98.41666666666669,87.16666666666667,26,1,11,2024,331,98.45833333333331,81.08333333333333,74.04166666666667,124.45833333333331,28.66666666666669,53.08333333333333,2.6666666666666856,84.52777777777777,93.3988095238095,30.32361111111111,31.066666666666663,35.12777777777777,35.539880952380955
2024-11-27,96.5,28.46666666666667,38.0375,40.65416666666667,20.204166666666666,1102.5,53.875,26.09166666666667,71.08333333333333,0.0,98.41666666666669,87.16666666666667,89.5,27,2,11,2024,332,127.125,98.45833333333331,81.08333333333333,98.08333333333331,-30.625,15.416666666666671,-1.5833333333333144,102.2222222222222,93.7797619047619,37.19861111111111,31.071428571428573,42.98472222222222,35.60892857142857
2024-11-28,98.41666666666669,36.225,43.24583333333334,44.0,29.29583333333333,1461.4583333333333,52.333333333333336,25.929166666666664,75.125,0.0,87.16666666666667,89.5,122.875,28,3,11,2024,333,96.5,127.125,98.45833333333331,94.20833333333331,1.9166666666666856,-0.0416666666666287,4.208333333333371,107.3611111111111,93.55357142857144,37.06388888888889,31.06607142857143,44.394444444444446,36.34166666666666
2024-11-29,87.16666666666667,25.77083333333333,32.2,33.40833333333333,23.40833333333333,869.875,63.25,25.541666666666668,73.33333333333333,0.0,89.5,122.875,128.04166666666666,29,4,11,2024,334,98.41666666666669,96.5,127.125,83.45833333333333,-11.250000000000014,-39.95833333333333,3.708333333333343,107.34722222222224,94.1547619047619,35.5625,31.575,43.30138888888889,37.37440476190476
2024-11-30,89.5,37.375,40.7375,37.74583333333333,18.629166666666663,829.125,65.29166666666667,25.933333333333334,56.0,0.0,122.875,128.04166666666666,120.54166666666669,30,5,11,2024,335,87.16666666666667,98.41666666666669,96.5,74.04166666666667,2.3333333333333286,-7.0,15.458333333333329,94.0277777777778,94.6845238095238,30.154166666666665,31.91845238095238,37.827777777777776,38.2125
2024-12-01,122.875,50.2375,52.7,36.87083333333333,23.2125,1113.7916666666667,78.75,24.83333333333333,42.333333333333336,0.0,128.04166666666666,120.54166666666669,126.125,1,6,12,2024,336,89.5,87.16666666666667,98.41666666666669,81.08333333333333,33.375,24.458333333333314,41.79166666666667,91.69444444444446,96.89285714285714,33.12361111111111,34.2047619047619,38.72777777777778,40.45357142857143
2024-12-02,128.04166666666666,42.17916666666667,44.833333333333336,36.60833333333333,17.57916666666667,938.7916666666666,74.25,25.120833333333334,39.333333333333336,0.0,120.54166666666669,126.125,134.5,2,0,12,2024,337,122.875,89.5,87.16666666666667,98.45833333333331,5.166666666666657,40.87499999999999,29.583333333333343,99.84722222222224,102.86309523809526,37.79444444444445,37.25714285714286,41.87916666666667,43.15238095238095
2024-12-03,120.54166666666669,43.74583333333334,47.625,15.908333333333331,15.995833333333332,613.4166666666666,94.95833333333331,25.35833333333333,43.54166666666666,0.0,126.125,134.5,124.45833333333331,3,1,12,2024,338,128.04166666666666,122.875,89.5,127.125,-7.499999999999972,31.04166666666669,-6.583333333333314,113.4722222222222,107.08928571428572,43.263888888888886,37.46428571428572,46.09027777777778,42.910714285714285
2024-12-04,126.125,47.73333333333333,53.90416666666667,15.441666666666668,18.995833333333334,701.7083333333334,96.25,25.4875,42.25,0.0,134.5,124.45833333333331,87.625,4,2,12,2024,339,120.54166666666669,128.04166666666666,122.875,96.5,5.583333333333314,3.25,29.625,123.81944444444446,106.14880952380952,45.3875,37.71428571428572,48.38611111111111,42.76845238095239
2024-12-05,134.5,50.04583333333333,58.88333333333333,28.925,22.59166666666667,1093.7083333333333,72.33333333333333,24.075,49.625,0.0,124.45833333333331,87.625,97.79166666666669,5,3,12,2024,340,126.125,120.54166666666669,128.04166666666666,98.41666666666669,8.375,6.458333333333343,36.083333333333314,124.9027777777778,110.3809523809524,44.55277777777778,40.46666666666668,48.7875,45.035119047619055
2024-12-06,124.45833333333331,36.65833333333333,57.38333333333333,38.44166666666667,28.704166666666666,1179.2916666666667,62.41666666666666,23.475,56.91666666666666,0.0,87.625,97.79166666666669,84.70833333333333,6,4,12,2024,341,134.5,126.125,120.54166666666669,87.16666666666667,-10.041666666666686,3.9166666666666288,37.29166666666664,127.05555555555556,115.53571428571428,47.17499999999999,42.44107142857143,53.47083333333333,47.26904761904762
2024-12-07,87.625,32.1,35.27916666666667,47.34583333333333,29.9625,828.8333333333334,56.91666666666666,22.65833333333333,32.583333333333336,0.0,97.79166666666669,84.70833333333333,78.79166666666667,7,5,12,2024,342,124.45833333333331,134.5,126.125,89.5,-36.833333333333314,-38.5,-1.875,128.36111111111111,120.8630952380952,44.8125,43.996428571428574,56.723611111111104,50.86666666666667
2024-12-08,97.79166666666669,29.204166666666666,38.975,37.92083333333333,18.566666666666663,460.8333333333333,54.333333333333336,22.325,13.833333333333334,0.0,84.70833333333333,78.79166666666667,100.83333333333331,8,6,12,2024,343,87.625,124.45833333333331,134.5,122.875,10.166666666666686,-36.708333333333314,-25.083333333333314,115.52777777777776,120.5952380952381,39.60138888888888,43.24285714285714,50.51527777777778,50.08690476190476
2024-12-09,84.70833333333333,25.866666666666664,37.145833333333336,35.6625,14.391666666666666,1039.25,52.75,20.425,22.375,0.0,78.79166666666667,100.83333333333331,107.83333333333331,9,0,12,2024,344,97.79166666666669,87.625,124.45833333333331,128.04166666666666,-13.083333333333355,-39.74999999999999,-43.33333333333333,103.29166666666669,117.0119047619048,32.65416666666666,40.238095238095234,43.87916666666666,48.12619047619047
2024-12-10,78.79166666666667,29.6875,32.46666666666667,28.3,16.570833333333333,1030.7916666666667,65.75,20.4625,26.541666666666668,0.0,100.83333333333331,107.83333333333331,70.125,10,1,12,2024,345,84.70833333333333,97.79166666666669,87.625,120.54166666666669,-5.916666666666657,-8.833333333333329,-41.750000000000014,90.04166666666667,110.82142857142858,29.056944444444444,37.90773809523809,37.13333333333333,47.02797619047619
2024-12-11,100.83333333333331,39.95,44.94166666666666,43.225,26.229166666666668,1033.5833333333333,60.79166666666666,20.1875,31.0,0.0,107.83333333333331,70.125,78.79166666666667,11,2,12,2024,346,78.79166666666667,84.70833333333333,97.79166666666669,126.125,22.041666666666643,3.0416666666666288,-25.29166666666669,87.09722222222223,104.85714285714286,28.252777777777776,35.89940476190476,36.19583333333333,44.8625
2024-12-12,107.83333333333331,28.616666666666664,32.88333333333333,33.59583333333333,15.075,643.6666666666666,61.04166666666666,19.629166666666663,29.666666666666668,0.0,70.125,78.79166666666667,82.75,12,3,12,2024,347,100.83333333333331,78.79166666666667,84.70833333333333,134.5,7.0,23.124999999999982,-26.66666666666669,88.1111111111111,101.2440476190476,31.834722222222226,34.7875,38.18472222222223,43.582142857142856
2024-12-13,70.125,17.525000000000002,20.6625,14.125,13.441666666666668,535.875,81.33333333333333,19.1625,25.95833333333333,0.0,78.79166666666667,82.75,81.04166666666667,13,4,12,2024,348,107.83333333333331,100.83333333333331,78.79166666666667,124.45833333333331,-37.708333333333314,-8.666666666666671,-54.333333333333314,95.81944444444444,97.43452380952378,32.75138888888889,31.726190476190474,36.763888888888886,39.86785714285714
2024-12-14,78.79166666666667,27.73333333333333,28.916666666666668,15.8375,18.291666666666668,695.0,93.625,19.891666666666666,26.08333333333333,0.0,82.75,81.04166666666667,100.83333333333331,14,5,12,2024,349,70.125,107.83333333333331,100.83333333333331,87.625,8.666666666666671,-22.041666666666643,-8.833333333333329,92.93055555555554,89.67261904761904,28.697222222222223,28.992857142857144,32.82916666666666,34.62202380952381
2024-12-15,82.75,25.416666666666668,26.129166666666663,29.008333333333336,20.875,883.75,79.70833333333333,19.39583333333333,28.5,0.0,81.04166666666667,100.83333333333331,103.08333333333331,15,6,12,2024,350,78.79166666666667,70.125,107.83333333333331,97.79166666666669,3.9583333333333286,-25.083333333333314,-15.041666666666686,85.58333333333333,88.41071428571426,24.625,28.369047619047617,27.4875,33.713095238095235
2024-12-16,81.04166666666667,28.804166666666664,29.1625,38.32083333333333,23.954166666666666,1062.3333333333333,65.0,20.304166666666667,31.166666666666668,0.0,100.83333333333331,103.08333333333331,108.70833333333331,16,0,12,2024,351,82.75,78.79166666666667,70.125,84.70833333333333,-1.7083333333333286,10.916666666666671,-3.666666666666657,77.22222222222223,86.26190476190474,23.558333333333334,27.827976190476186,25.23611111111111,31.877976190476183
2024-12-17,100.83333333333331,38.09166666666666,57.075,28.6375,20.4125,904.0833333333334,69.54166666666667,20.1375,35.583333333333336,0.0,103.08333333333331,108.70833333333331,98.70833333333331,17,1,12,2024,352,81.04166666666667,82.75,78.79166666666667,78.79166666666667,19.791666666666643,22.041666666666643,22.041666666666643,80.86111111111113,85.73809523809523,27.31805555555556,28.247619047619047,28.069444444444446,30.737499999999997
2024-12-18,103.08333333333331,36.87916666666667,41.65,21.42083333333333,18.966666666666665,729.75,86.25,20.83333333333333,27.70833333333333,0.0,108.70833333333331,98.70833333333331,99.20833333333331,18,2,12,2024,353,100.83333333333331,81.04166666666667,82.75,100.83333333333331,2.25,20.333333333333314,2.25,88.20833333333333,88.88690476190474,30.77083333333333,29.44821428571429,37.45555555555556,34.25297619047619
2024-12-19,108.70833333333331,39.72083333333333,43.93333333333334,27.116666666666664,22.804166666666664,928.5,86.875,19.875,33.625,0.0,98.70833333333331,99.20833333333331,124.33333333333331,19,3,12,2024,354,103.08333333333331,100.83333333333331,81.04166666666667,107.83333333333331,5.625,27.666666666666643,0.875,94.9861111111111,89.20833333333333,34.59166666666667,29.00952380952381,42.62916666666667,33.782738095238095
2024-12-20,98.70833333333331,29.941666666666663,33.6,20.825,19.779166666666665,777.6666666666666,80.70833333333333,19.454166666666666,32.125,0.0,99.20833333333331,124.33333333333331,134.875,20,4,12,2024,355,108.70833333333331,103.08333333333331,100.83333333333331,70.125,-10.0,-2.125,28.583333333333314,104.20833333333331,89.33333333333333,38.230555555555554,30.59583333333333,47.55277777777778,35.361309523809524
2024-12-21,99.20833333333331,40.208333333333336,41.825,18.454166666666666,23.570833333333336,790.5416666666666,104.875,18.691666666666663,30.041666666666668,0.0,124.33333333333331,134.875,155.91666666666666,21,5,12,2024,356,98.70833333333331,108.70833333333331,103.08333333333331,78.79166666666667,0.5,-3.875,20.416666666666643,103.5,93.41666666666664,35.513888888888886,32.36964285714286,39.72777777777778,37.209523809523816
2024-12-22,124.33333333333331,47.19166666666666,53.6875,26.879166666666663,24.2875,1076.875,86.33333333333333,18.775,42.79166666666666,0.0,134.875,155.91666666666666,158.91666666666666,22,6,12,2024,357,99.20833333333331,98.70833333333331,108.70833333333331,82.75,25.125,15.625,41.583333333333314,102.20833333333331,96.33333333333331,36.62361111111111,34.151785714285715,39.78611111111111,39.05357142857143
2024-12-23,134.875,56.76666666666667,70.54583333333333,40.7,26.8,1171.0,66.91666666666667,19.39583333333333,55.333333333333336,0.0,155.91666666666666,158.91666666666666,157.20833333333334,23,0,12,2024,358,124.33333333333331,99.20833333333331,98.70833333333331,81.04166666666667,10.541666666666686,36.166666666666686,53.83333333333333,107.41666666666664,102.2738095238095,39.11388888888889,37.2625,43.0375,42.990476190476194
2024-12-24,155.91666666666666,68.07916666666667,69.425,20.116666666666667,21.59583333333333,880.2916666666666,95.83333333333331,19.120833333333334,36.875,0.0,158.91666666666666,157.20833333333334,135.08333333333334,24,1,12,2024,359,134.875,124.33333333333331,99.20833333333331,100.83333333333331,21.041666666666657,56.70833333333334,55.08333333333334,119.4722222222222,109.9642857142857,48.05555555555557,41.25714285714286,55.35277777777778,48.90238095238095
2024-12-25,158.91666666666666,66.79166666666667,67.75833333333334,14.9,23.2125,878.3333333333334,113.83333333333331,18.7,39.91666666666666,0.0,157.20833333333334,135.08333333333334,97.375,25,2,12,2024,360,155.91666666666666,134.875,124.33333333333331,103.08333333333331,3.0,34.58333333333334,55.83333333333334,138.375,117.8333333333333,57.34583333333334,45.54107142857144,64.55277777777778,50.66666666666667
2024-12-26,157.20833333333334,59.3625,60.97916666666666,17.258333333333333,24.77916666666667,838.4583333333334,105.75,18.9375,37.79166666666666,0.0,135.08333333333334,97.375,81.625,26,3,12,2024,361,158.91666666666666,155.91666666666666,134.875,108.70833333333331,-1.7083333333333144,22.333333333333343,48.50000000000003,149.90277777777774,125.80952380952378,63.87916666666666,49.81428571428573,69.24305555555556,54.39642857142858
2024-12-27,135.08333333333334,42.3125,43.775,28.004166666666663,22.27916666666667,1341.8333333333333,84.83333333333333,18.875,36.083333333333336,0.0,97.375,81.625,93.79166666666669,27,4,12,2024,362,157.20833333333334,158.91666666666666,155.91666666666666,98.70833333333331,-22.125,-20.833333333333314,36.37500000000003,157.3472222222222,132.73809523809524,64.74444444444445,52.6202380952381,66.05416666666666,56.83154761904762
2024-12-28,97.375,25.4125,27.35,34.4375,21.633333333333336,976.8333333333334,65.25,18.6625,31.416666666666668,0.0,81.625,93.79166666666669,117.54166666666669,28,5,12,2024,363,135.08333333333334,157.20833333333334,158.91666666666666,99.20833333333331,-37.70833333333334,-61.54166666666666,-1.8333333333333144,150.4027777777778,137.9345238095238,56.15555555555556,54.3875,57.50416666666667,58.28511904761904
2024-12-29,81.625,28.266666666666666,31.45833333333333,31.945833333333336,17.283333333333335,931.5416666666666,69.125,18.995833333333334,35.125,0.0,93.79166666666669,117.54166666666669,99.04166666666669,29,6,12,2024,364,97.375,135.08333333333334,157.20833333333334,124.33333333333331,-15.75,-75.58333333333334,-42.708333333333314,129.88888888888889,137.6726190476191,42.3625,52.27380952380953,44.03472222222222,56.21726190476191
2024-12-30,93.79166666666669,39.72083333333333,40.458333333333336,28.9,19.3,1220.125,86.08333333333333,19.6375,32.916666666666664,0.0,117.54166666666669,99.04166666666669,123.375,30,0,12,2024,365,81.625,97.375,135.08333333333334,134.875,12.166666666666686,-41.29166666666666,-41.083333333333314,104.69444444444446,131.57142857142858,31.99722222222222,49.570238095238096,34.19444444444444,53.04166666666667
2024-12-31,117.54166666666669,39.079166666666666,40.02916666666667,30.84583333333333,18.65833333333333,1384.0833333333333,73.08333333333333,19.84583333333333,34.666666666666664,0.0,99.04166666666669,123.375,151.70833333333334,31,1,12,2024,366,93.79166666666669,81.625,97.375,155.91666666666666,23.75,20.16666666666669,-38.37499999999997,90.93055555555556,125.70238095238096,31.133333333333336,47.13511904761905,33.08888888888889,48.74345238095238
2025-01-01,99.04166666666669,37.52916666666667,40.68333333333333,20.754166666666663,17.966666666666665,972.75,90.91666666666669,20.4375,35.083333333333336,0.0,123.375,151.70833333333334,158.66666666666666,1,2,1,2025,1,117.54166666666669,93.79166666666669,81.625,158.91666666666666,-18.5,17.416666666666686,-59.87499999999997,97.6527777777778,120.2202380952381,35.68888888888889,42.992261904761904,37.31527777777777,44.54404761904761
2025-01-02,123.375,51.3375,55.4,32.391666666666666,23.758333333333336,1431.6666666666667,89.875,19.85833333333333,45.583333333333336,0.0,151.70833333333334,158.66666666666666,105.0,2,3,1,2025,2,99.04166666666669,117.54166666666669,93.79166666666669,157.20833333333334,24.333333333333314,29.583333333333314,-33.83333333333334,103.45833333333336,111.66666666666669,38.77638888888889,38.81190476190477,40.39027777777778,40.67619047619048
2025-01-03,151.70833333333334,66.60833333333333,72.95833333333333,35.795833333333334,30.425,1241.0416666666667,98.16666666666669,19.92083333333333,55.083333333333336,0.0,158.66666666666666,105.0,106.625,3,4,1,2025,3,123.375,99.04166666666669,117.54166666666669,135.08333333333334,28.333333333333343,34.16666666666666,16.625,113.31944444444446,106.83333333333336,42.64861111111111,37.66547619047618,45.37083333333334,39.87916666666666
2025-01-04,158.66666666666666,51.67916666666667,69.32916666666667,36.06666666666667,24.8125,776.3333333333334,65.79166666666667,20.604166666666668,54.833333333333336,0.0,105.0,106.625,77.75,4,5,1,2025,4,151.70833333333334,123.375,99.04166666666669,97.375,6.958333333333314,59.62499999999997,61.29166666666666,124.70833333333331,109.20833333333334,51.82500000000001,41.13630952380953,56.34722222222222,44.04821428571429
2025-01-05,105.0,40.22083333333333,55.06666666666666,39.32083333333333,26.183333333333334,908.6666666666666,67.33333333333333,18.091666666666665,46.833333333333336,0.0,106.625,77.75,82.75,5,6,1,2025,5,158.66666666666666,151.70833333333334,123.375,81.625,-53.66666666666666,-18.375,23.375,144.58333333333334,117.96428571428572,56.54166666666666,44.88869047619048,65.89583333333333,50.0452380952381
2025-01-06,106.625,31.079166666666666,35.25833333333333,41.30833333333333,21.633333333333336,1103.7083333333333,53.66666666666666,18.495833333333334,37.833333333333336,0.0,77.75,82.75,90.125,6,0,1,2025,6,105.0,158.66666666666666,151.70833333333334,93.79166666666669,1.625,-45.08333333333334,12.833333333333314,138.45833333333334,121.30357142857144,52.83611111111111,46.59642857142857,65.78472222222221,53.41785714285714
2025-01-07,77.75,21.925,22.954166666666666,31.35,15.595833333333331,958.9166666666666,73.95833333333333,18.85,24.416666666666668,0.0,82.75,90.125,108.20833333333331,7,1,1,2025,7,106.625,105.0,158.66666666666666,117.54166666666669,-28.875,-80.91666666666666,-39.791666666666686,123.43055555555554,123.13690476190476,40.99305555555556,45.36190476190476,53.21805555555556,52.675
2025-01-08,82.75,27.829166666666666,28.0875,37.4375,30.141666666666666,1175.4166666666667,75.5,17.775000000000002,36.79166666666666,0.0,90.125,108.20833333333331,130.20833333333334,8,2,1,2025,8,77.75,106.625,105.0,99.04166666666669,5.0,-22.25,-16.291666666666686,96.45833333333331,117.45238095238096,31.075,42.91130952380953,37.759722222222216,50.23571428571428
2025-01-09,90.125,33.829166666666666,34.52916666666667,44.02916666666667,24.17083333333333,1418.375,70.0,18.65833333333333,51.5,0.0,108.20833333333331,130.20833333333334,122.16666666666669,9,3,1,2025,9,82.75,77.75,106.625,123.375,7.375,-16.5,-33.25,89.04166666666667,115.125,26.944444444444443,41.52559523809524,28.766666666666666,48.43630952380952
2025-01-10,108.20833333333331,45.6875,46.35833333333333,53.05833333333334,24.416666666666668,1071.2083333333333,63.625,19.941666666666663,38.583333333333336,0.0,130.20833333333334,122.16666666666669,133.54166666666666,10,4,1,2025,10,90.125,82.75,77.75,151.70833333333334,18.083333333333314,30.458333333333314,-43.50000000000003,83.54166666666667,110.375,27.86111111111111,39.02440476190476,28.52361111111111,45.454761904761895
2025-01-11,130.20833333333334,45.12916666666666,45.47083333333333,41.833333333333336,28.9,1102.5,74.83333333333333,19.991666666666667,43.083333333333336,0.0,122.16666666666669,133.54166666666666,142.33333333333334,11,5,1,2025,11,108.20833333333331,90.125,82.75,158.66666666666666,22.00000000000003,47.45833333333334,-28.458333333333314,93.69444444444444,104.16071428571428,35.78194444444444,36.035714285714285,36.325,41.65476190476191
2025-01-12,122.16666666666669,41.62083333333333,41.75416666666667,35.40833333333333,22.98333333333333,1100.9583333333333,87.375,19.9625,34.625,0.0,133.54166666666666,142.33333333333334,148.29166666666666,12,6,1,2025,12,130.20833333333334,108.20833333333331,90.125,105.0,-8.041666666666657,32.041666666666686,17.166666666666686,109.51388888888889,100.09523809523807,41.54861111111111,35.1,42.11944444444444,38.24642857142857
2025-01-13,133.54166666666666,53.12083333333334,53.9375,13.7,16.433333333333334,893.7083333333334,104.375,18.7625,41.375,0.0,142.33333333333334,148.29166666666666,154.75,13,0,1,2025,13,122.16666666666669,130.20833333333334,108.20833333333331,106.625,11.374999999999972,25.333333333333343,26.916666666666657,120.19444444444446,102.54761904761904,44.145833333333336,35.3,44.52777777777777,36.34464285714286
2025-01-14,142.33333333333334,55.85416666666666,57.770833333333336,30.5875,19.35833333333333,951.75,85.875,18.370833333333334,52.375,0.0,148.29166666666666,154.75,143.66666666666666,14,1,1,2025,14,133.54166666666666,122.16666666666669,130.20833333333334,77.75,8.791666666666686,12.125,64.58333333333334,128.63888888888889,106.39285714285712,46.62361111111111,38.44880952380952,47.05416666666667,39.01309523809523
2025-01-15,148.29166666666666,55.60833333333333,61.24166666666667,37.35833333333333,21.054166666666667,1064.6666666666667,74.41666666666667,19.433333333333334,52.54166666666666,0.0,154.75,143.66666666666666,110.75,15,2,1,2025,15,142.33333333333334,133.54166666666666,122.16666666666669,82.75,5.958333333333314,26.12499999999997,65.54166666666666,132.68055555555557,115.6190476190476,50.19861111111111,43.29583333333333,51.15416666666667,43.98690476190476
2025-01-16,154.75,69.3,78.47500000000001,45.82916666666667,34.1375,1367.6666666666667,80.95833333333333,18.904166666666665,54.16666666666666,0.0,143.66666666666666,110.75,121.33333333333331,16,3,1,2025,16,148.29166666666666,142.33333333333334,133.54166666666666,90.125,6.458333333333343,21.208333333333343,64.625,141.38888888888889,124.98214285714286,54.86111111111111,47.26428571428572,57.650000000000006,48.723214285714285
2025-01-17,143.66666666666666,37.275,42.329166666666666,22.52916666666667,17.275000000000002,769.4583333333334,90.08333333333331,19.404166666666665,39.25,0.0,110.75,121.33333333333331,140.29166666666666,17,4,1,2025,17,154.75,148.29166666666666,142.33333333333334,108.20833333333331,-11.083333333333345,1.3333333333333144,35.45833333333334,148.45833333333334,134.21428571428572,60.25416666666666,52.33154761904762,65.82916666666667,55.00119047619047
2025-01-18,110.75,43.68333333333334,45.75,19.83333333333333,17.95,782.7916666666666,102.0,19.8,35.083333333333336,0.0,121.33333333333331,140.29166666666666,142.91666666666666,18,5,1,2025,18,143.66666666666666,154.75,148.29166666666666,130.20833333333334,-32.91666666666666,-37.54166666666666,-19.458333333333343,148.90277777777774,139.2797619047619,54.06111111111111,51.1297619047619,60.68194444444445,54.42559523809524
2025-01-19,121.33333333333331,46.44583333333333,47.62916666666666,25.979166666666668,19.4125,1000.9166666666666,97.125,19.85833333333333,33.583333333333336,0.0,140.29166666666666,142.91666666666666,115.95833333333331,19,6,1,2025,19,110.75,143.66666666666666,154.75,122.16666666666669,10.583333333333314,-33.416666666666686,-0.8333333333333712,136.38888888888889,136.5,50.08611111111111,50.92321428571428,55.51805555555556,54.46547619047619
2025-01-20,140.29166666666666,56.425,57.62916666666666,29.39583333333333,24.2375,1320.125,98.125,20.379166666666663,39.29166666666666,0.0,142.91666666666666,115.95833333333331,99.75,20,0,1,2025,20,121.33333333333331,110.75,143.66666666666666,133.54166666666666,18.958333333333343,-3.375,6.75,125.25,136.38095238095235,42.46805555555556,51.6125,45.23611111111111,55.304761904761904
2025-01-21,142.91666666666666,49.11666666666667,53.025,27.354166666666668,24.329166666666666,1226.2083333333333,101.83333333333331,19.72083333333333,50.41666666666666,0.0,115.95833333333331,99.75,70.79166666666667,21,1,1,2025,21,140.29166666666666,121.33333333333331,110.75,142.33333333333334,2.625,32.16666666666666,0.5833333333333144,124.125,137.3452380952381,48.85138888888889,52.08452380952381,50.33611111111111,55.832142857142856
2025-01-22,115.95833333333331,30.96666666666667,41.12916666666667,27.65833333333333,17.6375,728.875,79.33333333333333,20.6375,60.083333333333336,0.0,99.75,70.79166666666667,69.0,22,2,1,2025,22,142.91666666666666,140.29166666666666,121.33333333333331,148.29166666666666,-26.958333333333343,-5.375,-32.33333333333334,134.8472222222222,137.4285714285714,50.6625,51.12202380952381,52.76111111111111,55.15416666666666
2025-01-23,99.75,31.825,38.175,30.104166666666668,15.1,657.25,70.04166666666667,20.625,36.125,0.0,70.79166666666667,69.0,90.33333333333331,23,3,1,2025,23,115.95833333333331,142.91666666666666,140.29166666666666,154.75,-16.208333333333314,-40.54166666666666,-55.0,133.05555555555554,132.8095238095238,45.50277777777777,47.60178571428571,50.59444444444444,52.28095238095238
2025-01-24,70.79166666666667,16.204166666666666,19.64583333333333,17.0125,11.55,640.8333333333334,89.79166666666667,20.52083333333333,25.125,0.0,69.0,90.33333333333331,105.875,24,4,1,2025,24,99.75,115.95833333333331,142.91666666666666,143.66666666666666,-28.95833333333333,-72.12499999999999,-72.87499999999999,119.54166666666669,124.95238095238092,37.30277777777778,42.24821428571429,44.10972222222222,46.523809523809526
2025-01-25,69.0,22.575,26.008333333333336,29.991666666666664,17.345833333333335,1166.7083333333333,79.5,20.445833333333333,27.875,0.0,90.33333333333331,105.875,100.41666666666669,25,5,1,2025,25,70.79166666666667,99.75,115.95833333333331,110.75,-1.7916666666666714,-46.958333333333314,-41.75,95.5,114.54166666666666,26.33194444444445,39.23809523809524,32.983333333333334,43.28333333333333
2025-01-26,90.33333333333331,34.09583333333333,39.075,46.458333333333336,27.60833333333333,967.8333333333334,61.0,19.625,40.41666666666666,0.0,105.875,100.41666666666669,80.0,26,6,1,2025,26,69.0,70.79166666666667,99.75,121.33333333333331,21.333333333333314,-9.416666666666686,-31.0,79.84722222222223,108.57738095238096,23.534722222222225,36.22261904761905,27.94305555555556,40.46309523809523
2025-01-27,105.875,38.50833333333333,44.62083333333334,46.9625,28.03333333333333,970.5833333333334,53.833333333333336,19.866666666666667,62.91666666666666,0.0,100.41666666666669,80.0,83.29166666666667,27,0,1,2025,27,90.33333333333331,69.0,70.79166666666667,140.29166666666666,15.541666666666686,35.08333333333333,-34.41666666666666,76.70833333333333,104.1488095238095,24.291666666666668,34.45833333333333,28.24305555555556,39.24107142857142
2025-01-28,100.41666666666669,31.016666666666666,33.583333333333336,42.391666666666666,25.516666666666666,803.0,53.25,19.866666666666667,75.29166666666667,0.0,80.0,83.29166666666667,101.08333333333331,28,1,1,2025,28,105.875,90.33333333333331,69.0,142.91666666666666,-5.458333333333314,31.41666666666669,-42.49999999999997,88.40277777777777,99.23214285714286,31.72638888888889,31.89880952380952,36.56805555555556,37.38273809523809
2025-01-29,80.0,22.116666666666664,40.12083333333333,24.34166666666667,12.879166666666668,543.3333333333334,68.875,21.46666666666667,80.5,0.0,83.29166666666667,101.08333333333331,105.25,29,2,1,2025,29,100.41666666666669,105.875,90.33333333333331,115.95833333333331,-20.41666666666669,-10.333333333333314,-35.958333333333314,98.875,93.16071428571428,34.540277777777774,29.31309523809524,39.09305555555556,34.60535714285715
2025-01-30,83.29166666666667,33.325,74.84166666666667,22.166666666666668,14.408333333333331,591.0833333333334,78.45833333333333,21.479166666666668,51.583333333333336,0.0,101.08333333333331,105.25,98.125,30,3,1,2025,30,80.0,100.41666666666669,105.875,99.75,3.2916666666666714,-22.58333333333333,-16.45833333333333,95.43055555555556,88.02380952380953,30.54722222222222,28.048809523809528,39.44166666666667,34.461309523809526
2025-01-31,101.08333333333331,34.170833333333334,91.175,18.3875,14.916666666666666,429.1666666666667,75.16666666666667,19.425,29.0,0.0,105.25,98.125,84.375,31,4,1,2025,31,83.29166666666667,80.0,100.41666666666669,70.79166666666667,17.791666666666643,0.6666666666666288,30.291666666666643,87.90277777777779,85.67261904761905,28.819444444444443,28.26309523809524,49.51527777777778,39.699404761904766
2025-02-01,105.25,43.708333333333336,102.58333333333331,35.99583333333333,17.708333333333332,666.75,65.5,18.84583333333333,43.91666666666666,0.0,98.125,84.375,79.83333333333333,1,5,2,2025,32,101.08333333333331,83.29166666666667,80.0,69.0,4.166666666666686,25.25,36.25,88.125,90.0,29.870833333333334,30.829761904761902,68.71249999999999,49.91785714285714
2025-02-02,98.125,24.616666666666664,30.9625,25.1,13.041666666666666,678.0416666666666,80.45833333333333,20.804166666666667,26.75,0.0,84.375,79.83333333333333,69.04166666666667,2,6,2,2025,33,105.25,101.08333333333331,83.29166666666667,90.33333333333331,-7.125,14.833333333333329,7.791666666666686,96.54166666666669,95.17857142857144,37.06805555555556,33.84880952380953,89.53333333333332,60.85714285714285
2025-02-03,84.375,27.35,35.42916666666667,15.295833333333334,17.904166666666665,648.4166666666666,105.25,20.695833333333333,33.416666666666664,0.0,79.83333333333333,69.04166666666667,83.66666666666667,3,0,2,2025,34,98.125,105.25,101.08333333333331,105.875,-13.75,-16.708333333333314,-21.5,101.4861111111111,96.29166666666669,34.165277777777774,32.49464285714286,74.90694444444445,59.698214285714286
2025-02-04,79.83333333333333,18.3125,34.520833333333336,16.379166666666666,11.025,481.5833333333333,93.375,20.816666666666663,49.458333333333336,0.0,69.04166666666667,83.66666666666667,67.16666666666667,4,1,2,2025,35,84.375,98.125,105.25,100.41666666666669,-4.541666666666671,-25.41666666666667,-20.58333333333336,95.91666666666669,93.2202380952381,31.89166666666667,30.90059523809524,56.325,58.38511904761905
2025-02-05,69.04166666666667,22.370833333333334,37.583333333333336,29.34583333333333,16.95,731.8333333333334,73.125,20.17083333333333,43.54166666666666,0.0,83.66666666666667,67.16666666666667,77.25,5,2,2,2025,36,79.83333333333333,84.375,98.125,80.0,-10.791666666666655,-29.08333333333333,-10.958333333333329,87.44444444444444,90.27976190476193,23.42638888888889,29.085714285714285,33.6375,58.51904761904761
2025-02-06,83.66666666666667,24.441666666666663,31.71666666666667,34.00416666666667,14.679166666666667,746.4583333333334,64.25,21.125,29.166666666666668,0.0,67.16666666666667,77.25,99.41666666666669,6,3,2,2025,37,69.04166666666667,79.83333333333333,84.375,83.29166666666667,14.625,-0.7083333333333286,0.375,77.75,88.71428571428571,22.677777777777777,29.122023809523814,35.84444444444444,58.15654761904761
2025-02-07,67.16666666666667,18.008333333333333,25.275,21.116666666666667,12.0375,563.375,83.58333333333333,22.808333333333334,18.33333333333333,0.0,77.25,99.41666666666669,93.70833333333331,7,4,2,2025,38,83.66666666666667,69.04166666666667,79.83333333333333,101.08333333333331,-16.5,-12.666666666666655,-33.91666666666664,77.5138888888889,88.76785714285712,21.70833333333333,27.85297619047619,34.606944444444444,51.99583333333333
2025-02-08,77.25,29.7125,37.5375,27.27916666666667,18.379166666666663,801.9583333333334,86.41666666666667,21.97083333333333,26.95833333333333,0.0,99.41666666666669,93.70833333333331,79.33333333333333,8,5,2,2025,39,67.16666666666667,83.66666666666667,69.04166666666667,105.25,10.083333333333329,8.208333333333329,-28.0,73.29166666666667,83.92261904761904,21.60694444444444,25.54404761904762,31.52500000000001,42.58154761904762
2025-02-09,99.41666666666669,35.71666666666667,38.23333333333333,35.0,24.08333333333333,864.3333333333334,80.375,21.14583333333333,39.04166666666666,0.0,93.70833333333331,79.33333333333333,113.5,9,6,2,2025,40,77.25,67.16666666666667,83.66666666666667,98.125,22.16666666666669,15.750000000000014,1.2916666666666856,76.02777777777779,79.92261904761905,24.054166666666664,23.544642857142858,31.509722222222223,33.28928571428572
2025-02-10,93.70833333333331,26.229166666666668,28.829166666666666,23.85833333333333,16.095833333333335,551.5416666666666,87.08333333333333,21.5125,71.25,0.0,79.33333333333333,113.5,146.29166666666666,10,0,2,2025,41,99.41666666666669,77.25,67.16666666666667,84.375,-5.708333333333371,26.541666666666643,9.333333333333314,81.27777777777779,80.10714285714286,27.8125,25.130357142857143,33.68194444444444,34.327976190476186
2025-02-11,79.33333333333333,29.516666666666666,79.67916666666666,18.0375,12.541666666666666,447.9166666666667,79.125,23.041666666666668,75.95833333333333,0.0,113.5,146.29166666666666,105.45833333333331,11,1,2,2025,42,93.70833333333331,99.41666666666669,77.25,79.83333333333333,-14.374999999999986,2.0833333333333286,-0.5,90.125,81.44047619047619,30.55277777777778,24.97023809523809,34.86666666666667,33.38511904761905
2025-02-12,113.5,50.79583333333333,114.40416666666664,34.93333333333333,22.65833333333333,853.2083333333334,70.875,23.2875,58.75,0.0,146.29166666666666,105.45833333333331,83.58333333333333,12,2,2,2025,43,79.33333333333333,93.70833333333331,99.41666666666669,69.04166666666667,34.16666666666667,14.083333333333314,44.45833333333333,90.81944444444444,81.36904761904762,30.4875,26.570833333333333,48.91388888888889,39.836309523809526
2025-02-13,146.29166666666666,49.95416666666667,85.99583333333334,42.07083333333333,29.35833333333333,989.7083333333334,68.66666666666667,23.17083333333333,47.833333333333336,0.0,105.45833333333331,83.58333333333333,85.79166666666667,13,3,2,2025,44,113.5,79.33333333333333,93.70833333333331,83.66666666666667,32.79166666666666,52.58333333333334,62.62499999999999,95.51388888888889,87.72023809523809,35.513888888888886,30.631547619047616,74.30416666666666,50.81071428571428
2025-02-14,105.45833333333331,27.4625,57.6,22.55,12.7,428.8333333333333,72.875,24.0125,65.25,0.0,83.58333333333333,85.79166666666667,81.45833333333333,14,4,2,2025,45,146.29166666666666,113.5,79.33333333333333,67.16666666666667,-40.83333333333334,26.124999999999982,38.29166666666664,113.04166666666669,96.66666666666666,43.422222222222224,34.27619047619048,93.35972222222222,58.56488095238095
2025-02-15,83.58333333333333,29.4125,67.01666666666667,16.983333333333334,11.008333333333333,359.7083333333333,81.625,24.754166666666663,66.875,0.0,85.79166666666667,81.45833333333333,88.45833333333333,15,5,2,2025,46,105.45833333333331,146.29166666666666,113.5,77.25,-21.874999999999982,-29.91666666666667,6.333333333333329,121.75,102.13690476190474,42.7375,35.62678571428572,86.0,63.18273809523809
2025-02-16,85.79166666666667,24.620833333333334,57.375,17.275000000000002,10.566666666666666,424.6666666666667,78.70833333333333,24.7875,67.75,0.0,81.45833333333333,88.45833333333333,67.20833333333333,16,6,2,2025,47,83.58333333333333,105.45833333333331,146.29166666666666,99.41666666666669,2.208333333333343,-60.49999999999999,-13.625000000000014,111.77777777777776,103.04166666666666,35.609722222222224,35.58392857142857,70.20416666666667,67.39404761904761
2025-02-17,81.45833333333333,27.39583333333333,50.85,28.320833333333336,17.370833333333334,774.4583333333334,83.375,25.254166666666663,60.375,0.0,88.45833333333333,67.20833333333333,79.5,17,0,2,2025,48,85.79166666666667,83.58333333333333,105.45833333333331,93.70833333333331,-4.333333333333343,-23.999999999999982,-12.249999999999986,91.6111111111111,101.09523809523807,27.165277777777774,33.99880952380953,60.66388888888889,70.12857142857142
2025-02-18,88.45833333333333,22.308333333333334,50.9375,24.245833333333334,12.5,603.6666666666666,67.125,25.3625,61.125,0.0,67.20833333333333,79.5,115.83333333333331,18,1,2,2025,49,81.45833333333333,85.79166666666667,83.58333333333333,79.33333333333333,7.0,4.875,9.125,83.6111111111111,99.34523809523807,27.143055555555552,34.16547619047619,58.41388888888889,73.27440476190476
2025-02-19,67.20833333333333,18.70833333333333,49.00416666666666,13.425,9.220833333333331,343.0,79.33333333333333,25.5375,61.25,0.0,79.5,115.83333333333331,128.66666666666666,19,2,2,2025,50,88.45833333333333,81.45833333333333,85.79166666666667,113.5,-21.25,-18.583333333333343,-46.29166666666667,85.2361111111111,100.64880952380952,24.775,33.135714285714286,53.05416666666667,69.16845238095239
2025-02-20,79.5,35.96666666666667,120.5375,24.379166666666663,16.916666666666668,641.4166666666666,83.0,25.9125,46.79166666666666,0.0,115.83333333333331,128.66666666666666,99.58333333333331,20,3,2,2025,51,67.20833333333333,88.45833333333333,81.45833333333333,146.29166666666666,12.291666666666671,-1.9583333333333288,-66.79166666666666,79.04166666666667,94.03571428571428,22.804166666666664,28.55178571428572,50.263888888888886,59.82559523809524
2025-02-21,115.83333333333331,48.15,128.275,35.71666666666667,24.166666666666668,1043.125,56.75,24.745833333333334,46.5,0.0,128.66666666666666,99.58333333333331,76.58333333333333,21,4,2,2025,52,79.5,67.20833333333333,88.45833333333333,105.45833333333331,36.333333333333314,27.374999999999982,10.375,78.38888888888889,84.4940476190476,25.66111111111111,26.553571428571423,73.49305555555556,64.76011904761904
2025-02-22,128.66666666666666,36.55416666666667,55.10833333333333,35.125,26.195833333333336,883.4583333333334,84.58333333333333,23.73333333333333,44.125,0.0,99.58333333333331,76.58333333333333,85.875,22,5,2,2025,53,115.83333333333331,79.5,67.20833333333333,83.58333333333333,12.833333333333345,61.45833333333333,45.08333333333333,87.51388888888887,85.97619047619047,34.275,29.508928571428573,99.27222222222224,74.85654761904762
2025-02-23,99.58333333333331,30.3,42.69166666666666,31.15833333333333,20.816666666666663,655.4583333333334,77.375,23.004166666666663,74.79166666666667,0.0,76.58333333333333,85.875,88.33333333333333,23,6,2,2025,54,128.66666666666666,115.83333333333331,79.5,85.79166666666667,-29.083333333333343,20.083333333333314,13.791666666666645,108.0,92.41666666666666,40.22361111111112,30.52916666666667,101.30694444444444,73.15535714285714
2025-02-24,76.58333333333333,22.808333333333334,47.97916666666666,34.075,24.27916666666667,627.9166666666666,58.125,23.370833333333334,79.58333333333333,0.0,85.875,88.33333333333333,67.45833333333333,24,0,2,2025,55,99.58333333333331,128.66666666666666,115.83333333333331,81.45833333333333,-22.999999999999982,-39.24999999999999,-4.875,114.6944444444444,94.38690476190474,38.33472222222222,31.340476190476192,75.35833333333333,71.0577380952381
2025-02-25,85.875,34.00833333333333,79.82916666666667,47.02916666666667,33.329166666666666,881.5833333333334,40.333333333333336,24.2625,65.83333333333333,0.0,88.33333333333333,67.45833333333333,74.91666666666667,25,1,2,2025,56,76.58333333333333,99.58333333333331,128.66666666666666,88.45833333333333,9.291666666666671,-42.79166666666666,-2.5833333333333286,101.6111111111111,93.6904761904762,29.887500000000003,30.68511904761905,48.59305555555554,70.64761904761905
2025-02-26,88.33333333333333,21.83333333333333,51.52916666666667,37.77916666666667,21.525,555.75,41.29166666666666,24.1875,69.70833333333333,0.0,67.45833333333333,74.91666666666667,88.41666666666667,26,2,2,2025,57,85.875,76.58333333333333,99.58333333333331,67.20833333333333,2.4583333333333286,-11.249999999999986,21.125,87.34722222222221,93.32142857142856,29.03888888888889,32.35654761904762,56.833333333333336,74.77499999999999
2025-02-27,67.45833333333333,16.570833333333333,28.075,23.65833333333333,14.870833333333332,365.6666666666667,52.958333333333336,23.53333333333333,80.08333333333333,0.0,74.91666666666667,88.41666666666667,93.875,27,3,2,2025,58,88.33333333333333,85.875,76.58333333333333,79.5,-20.875,-9.125,-12.041666666666671,83.59722222222221,96.33928571428572,26.216666666666665,32.802976190476194,59.77916666666666,75.13571428571429
2025-02-28,74.91666666666667,28.02083333333333,59.40833333333333,12.95,10.55,299.5416666666667,89.79166666666667,24.28333333333333,74.41666666666667,0.0,88.41666666666667,93.875,79.08333333333333,28,4,2,2025,59,67.45833333333333,88.33333333333333,85.875,115.83333333333331,7.458333333333343,-10.958333333333329,-40.91666666666664,80.55555555555554,94.6190476190476,24.1375,30.03214285714285,53.144444444444446,61.926785714285714
2025-03-01,88.41666666666667,29.229166666666668,56.57916666666667,17.608333333333334,14.025,427.3333333333333,97.83333333333331,24.03333333333333,70.875,0.0,93.875,79.08333333333333,104.91666666666669,1,5,3,2025,60,74.91666666666667,67.45833333333333,88.33333333333333,128.66666666666666,13.5,0.0833333333333428,-40.24999999999999,76.90277777777777,88.77380952380952,22.141666666666666,27.15654761904761,46.3375,52.08869047619047
2025-03-02,93.875,27.391666666666666,43.05,22.079166666666666,16.720833333333335,608.1666666666666,92.25,22.71666666666667,69.0,0.0,79.08333333333333,104.91666666666669,88.375,2,6,3,2025,61,88.41666666666667,74.91666666666667,67.45833333333333,99.58333333333331,5.458333333333329,26.41666666666667,-5.708333333333314,76.93055555555556,83.02380952380952,24.60694444444444,26.110119047619047,48.020833333333336,52.29880952380952
2025-03-03,79.08333333333333,27.916666666666668,74.97500000000001,14.929166666666667,11.620833333333332,363.625,86.04166666666667,24.2125,71.625,0.0,104.91666666666669,88.375,74.33333333333333,3,0,3,2025,62,93.875,88.41666666666667,74.91666666666667,76.58333333333333,-14.791666666666671,4.166666666666657,2.5,85.73611111111113,82.20833333333333,28.21388888888889,25.69464285714286,53.01250000000001,52.35
2025-03-04,104.91666666666669,36.35833333333333,102.9625,25.941666666666663,14.058333333333332,582.5416666666666,79.125,24.27083333333333,31.20833333333333,0.0,88.375,74.33333333333333,76.41666666666667,4,1,3,2025,63,79.08333333333333,93.875,88.41666666666667,85.875,25.83333333333336,16.500000000000014,19.04166666666669,87.125,82.56547619047619,28.17916666666667,26.42440476190476,58.20138888888889,56.206547619047626
2025-03-05,88.375,21.120833333333334,36.375,23.4875,15.2375,600.0416666666666,90.5,23.120833333333334,23.166666666666668,0.0,74.33333333333333,76.41666666666667,79.125,5,2,3,2025,64,104.91666666666669,79.08333333333333,93.875,88.33333333333333,-16.541666666666686,-5.5,0.0416666666666714,92.625,85.28571428571429,30.555555555555557,26.76011904761904,73.66250000000001,59.51130952380952
2025-03-06,74.33333333333333,20.3625,33.46666666666667,25.054166666666664,17.1375,547.4583333333334,88.04166666666667,24.78333333333333,57.125,0.0,76.41666666666667,79.125,86.91666666666667,6,3,3,2025,65,88.375,104.91666666666669,79.08333333333333,67.45833333333333,-14.041666666666671,-4.75,6.875,90.79166666666669,85.29166666666667,28.46527777777777,26.65833333333333,71.4375,57.34642857142858
2025-03-07,76.41666666666667,22.666666666666668,46.30416666666667,25.475,16.229166666666668,753.875,88.70833333333333,26.133333333333336,54.833333333333336,0.0,79.125,86.91666666666667,84.25,7,4,3,2025,66,74.33333333333333,88.375,104.91666666666669,74.91666666666667,2.083333333333343,-28.50000000000001,1.5,89.20833333333333,86.27380952380953,25.94722222222222,27.2,57.60138888888889,58.116666666666674
2025-03-08,79.125,22.820833333333336,69.52083333333333,20.354166666666668,12.154166666666669,524.5,74.25,28.05,41.54166666666666,0.0,86.91666666666667,84.25,80.16666666666667,8,5,3,2025,67,76.41666666666667,74.33333333333333,88.375,88.41666666666667,2.7083333333333286,-9.25,-9.291666666666671,79.70833333333333,86.48809523809523,21.383333333333336,26.43511904761905,38.71527777777778,56.24464285714287
2025-03-09,86.91666666666667,27.7375,59.275,28.6625,18.370833333333334,619.2916666666666,84.79166666666667,28.704166666666666,41.75,0.0,84.25,80.16666666666667,72.0,9,6,3,2025,68,79.125,76.41666666666667,74.33333333333333,93.875,7.791666666666671,12.583333333333345,-6.958333333333329,76.625,85.16071428571429,21.950000000000003,25.519642857142856,49.76388888888889,58.09345238095238
2025-03-10,84.25,25.429166666666664,45.24583333333334,34.2,17.775000000000002,697.9583333333334,60.41666666666666,28.53333333333333,42.66666666666666,0.0,80.16666666666667,72.0,63.16666666666666,10,0,3,2025,69,86.91666666666667,79.125,76.41666666666667,79.08333333333333,-2.6666666666666714,7.833333333333329,5.166666666666671,80.81944444444446,84.16666666666666,24.40833333333333,25.569047619047616,58.36666666666667,60.41130952380952
2025-03-11,80.16666666666667,22.558333333333334,32.1,36.829166666666666,17.516666666666666,680.5,60.625,27.48333333333333,48.5,0.0,72.0,63.16666666666666,68.125,11,1,3,2025,70,84.25,86.91666666666667,79.125,104.91666666666669,-4.083333333333329,1.0416666666666714,-24.75000000000001,83.43055555555556,84.90476190476191,25.329166666666666,25.213690476190475,58.013888888888886,56.16428571428571
2025-03-12,72.0,18.25,26.891666666666666,25.204166666666666,13.645833333333334,524.0416666666666,63.29166666666666,26.891666666666666,62.375,0.0,63.16666666666666,68.125,94.25,12,2,3,2025,71,80.16666666666667,84.25,86.91666666666667,88.375,-8.166666666666671,-14.916666666666671,-16.375,83.77777777777779,81.36904761904762,25.241666666666664,23.242261904761907,45.54027777777778,46.04107142857144
2025-03-13,63.16666666666666,15.5875,30.5375,16.537499999999998,10.516666666666667,412.25,81.95833333333333,27.829166666666666,62.54166666666666,0.0,68.125,94.25,89.58333333333333,13,3,3,2025,72,72.0,80.16666666666667,84.25,74.33333333333333,-8.833333333333343,-21.083333333333343,-11.166666666666671,78.80555555555556,79.02976190476191,22.079166666666666,22.832142857142856,34.74583333333333,44.68630952380953
2025-03-14,68.125,24.5625,66.83749999999999,12.870833333333332,10.2,344.6666666666667,89.33333333333333,27.579166666666666,60.958333333333336,0.0,94.25,89.58333333333333,90.83333333333331,14,4,3,2025,73,63.16666666666666,72.0,80.16666666666667,76.41666666666667,4.958333333333343,-12.041666666666671,-8.291666666666671,71.77777777777779,77.43452380952382,18.79861111111111,22.15,29.843055555555555,44.267857142857146
2025-03-15,94.25,28.854166666666668,66.58749999999999,16.570833333333333,14.783333333333331,450.9583333333333,103.66666666666669,27.025,49.25,0.0,89.58333333333333,90.83333333333331,75.08333333333333,15,5,3,2025,74,68.125,63.16666666666666,72.0,79.125,26.125,22.25,15.125,67.76388888888889,76.25,19.466666666666665,22.42083333333333,41.42222222222222,47.20119047619047
2025-03-16,89.58333333333333,26.39583333333333,64.0,20.941666666666663,14.9875,509.25,99.125,26.816666666666663,43.16666666666666,0.0,90.83333333333331,75.08333333333333,60.958333333333336,16,6,3,2025,75,94.25,68.125,63.16666666666666,86.91666666666667,-4.666666666666671,26.41666666666667,2.666666666666657,75.18055555555556,78.41071428571429,23.001388888888886,23.28273809523809,54.65416666666666,46.78214285714285
2025-03-17,90.83333333333331,29.10833333333333,58.99166666666667,35.00833333333333,19.070833333333333,574.875,70.95833333333333,26.379166666666663,43.79166666666666,0.0,75.08333333333333,60.958333333333336,67.54166666666667,17,0,3,2025,76,89.58333333333333,94.25,68.125,84.25,1.2499999999999858,22.708333333333314,6.583333333333314,83.9861111111111,78.79166666666667,26.604166666666668,23.09107142857143,65.80833333333332,47.457142857142856
2025-03-18,75.08333333333333,16.533333333333335,37.2,21.308333333333334,13.770833333333334,644.0833333333334,82.45833333333333,25.47083333333333,62.41666666666666,0.0,60.958333333333336,67.54166666666667,71.58333333333333,18,1,3,2025,77,90.83333333333331,89.58333333333333,94.25,80.16666666666667,-15.749999999999986,-19.16666666666667,-5.083333333333343,91.55555555555554,79.73214285714286,28.119444444444444,23.616666666666667,63.19305555555555,49.42083333333333
2025-03-19,60.958333333333336,14.370833333333332,26.8,17.658333333333335,11.604166666666666,442.25,81.66666666666667,25.691666666666663,65.20833333333333,0.0,67.54166666666667,71.58333333333333,71.08333333333333,19,2,3,2025,78,75.08333333333333,90.83333333333331,89.58333333333333,72.0,-14.124999999999991,-28.624999999999996,-11.041666666666664,85.16666666666664,79.00595238095238,24.0125,22.75595238095238,53.39722222222222,50.14940476190476
2025-03-20,67.54166666666667,15.920833333333334,28.85,17.7,13.733333333333334,445.0,85.79166666666667,26.254166666666663,69.75,0.0,71.58333333333333,71.08333333333333,70.0,20,3,3,2025,79,60.958333333333336,75.08333333333333,90.83333333333331,63.16666666666666,6.583333333333336,-23.291666666666643,4.375000000000014,75.62499999999999,77.42857142857143,20.004166666666663,22.201785714285712,40.99722222222222,50.13630952380952
2025-03-21,71.58333333333333,18.316666666666663,34.7875,18.6125,13.954166666666666,540.0,91.33333333333331,26.791666666666668,64.5,0.0,71.08333333333333,70.0,58.91666666666666,21,4,3,2025,80,67.54166666666667,60.958333333333336,75.08333333333333,68.125,4.041666666666657,-3.5,3.4583333333333286,67.8611111111111,78.05357142857142,15.608333333333334,22.249404761904763,30.95,49.89523809523809
2025-03-22,71.08333333333333,20.875,42.42916666666667,19.816666666666663,12.958333333333334,501.2916666666667,90.20833333333331,26.77916666666667,64.41666666666667,0.0,70.0,58.91666666666666,56.04166666666666,22,5,3,2025,81,71.58333333333333,67.54166666666667,60.958333333333336,94.25,-0.5,10.124999999999991,-23.16666666666667,66.69444444444444,78.54761904761904,16.202777777777776,21.357142857142858,30.14583333333333,45.31666666666667
2025-03-23,70.0,13.85,18.6,22.54583333333333,13.870833333333332,468.5416666666667,84.79166666666667,27.820833333333336,52.91666666666666,0.0,58.91666666666666,56.04166666666666,74.20833333333333,23,6,3,2025,82,71.08333333333333,71.58333333333333,67.54166666666667,89.58333333333333,-1.0833333333333286,2.4583333333333286,-19.58333333333333,70.06944444444444,75.23809523809523,18.370833333333334,20.2172619047619,35.355555555555554,41.865476190476194
2025-03-24,58.91666666666666,9.916666666666666,12.154166666666669,19.766666666666666,12.0625,394.7083333333333,84.45833333333333,27.575,45.833333333333336,0.0,56.04166666666666,74.20833333333333,76.125,24,0,3,2025,83,70.0,71.08333333333333,71.58333333333333,90.83333333333331,-11.083333333333345,-12.666666666666671,-31.916666666666657,70.88888888888889,72.44047619047618,17.680555555555554,18.425,31.938888888888886,35.37976190476191
2025-03-25,56.04166666666666,13.979166666666666,19.575,17.2625,12.970833333333331,329.4583333333333,82.375,25.675,71.95833333333333,0.0,74.20833333333333,76.125,97.875,25,1,3,2025,84,58.91666666666666,70.0,71.08333333333333,75.08333333333333,-2.875,-15.041666666666671,-19.04166666666667,66.66666666666666,67.88095238095238,14.880555555555556,15.683333333333334,24.39444444444445,28.68869047619048
2025-03-26,74.20833333333333,15.883333333333333,28.179166666666664,14.945833333333333,11.604166666666666,349.8333333333333,105.04166666666669,26.0375,70.0,0.0,76.125,97.875,98.875,26,2,3,2025,85,56.04166666666666,58.91666666666666,70.0,60.958333333333336,18.16666666666667,4.208333333333329,13.249999999999991,61.65277777777777,65.16071428571426,12.581944444444444,15.31845238095238,16.77638888888889,26.17083333333333
2025-03-27,76.125,27.17083333333333,82.35833333333333,14.679166666666667,11.095833333333331,414.9583333333333,110.91666666666669,27.17083333333333,42.208333333333336,0.0,97.875,98.875,98.33333333333331,27,3,3,2025,86,74.20833333333333,56.04166666666666,58.91666666666666,67.54166666666667,1.9166666666666716,17.208333333333343,8.583333333333329,63.05555555555554,67.05357142857142,13.259722222222225,15.53452380952381,19.969444444444445,26.36785714285714
2025-03-28,97.875,27.454166666666666,93.35833333333332,22.60833333333333,16.412499999999998,549.2916666666666,108.95833333333331,26.20833333333333,23.625,0.0,98.875,98.33333333333331,76.79166666666667,28,4,3,2025,87,76.125,74.20833333333333,56.04166666666666,71.58333333333333,21.75,41.83333333333334,26.29166666666667,68.79166666666667,68.2797619047619,19.01111111111111,17.141666666666666,43.37083333333334,34.01190476190476
2025-03-29,98.875,28.5875,55.91666666666666,34.61666666666667,15.804166666666667,776.4166666666666,88.79166666666667,26.97083333333333,22.45833333333333,0.0,98.33333333333331,76.79166666666667,82.5,29,5,3,2025,88,97.875,76.125,74.20833333333333,71.08333333333333,1.0,24.66666666666667,27.79166666666667,82.7361111111111,72.03571428571428,23.502777777777776,18.44702380952381,67.96527777777777,42.37916666666667
2025-03-30,98.33333333333331,21.579166666666666,38.6,23.03333333333333,18.866666666666667,530.7083333333334,117.54166666666669,26.516666666666666,39.875,0.0,76.79166666666667,82.5,92.375,30,6,3,2025,89,98.875,97.875,76.125,70.0,-0.5416666666666856,22.208333333333314,28.333333333333314,90.95833333333331,76.00595238095238,27.7375,19.548809523809524,77.2111111111111,44.30595238095238
2025-03-31,76.79166666666667,19.0,38.50833333333333,22.58333333333333,15.954166666666667,627.3333333333334,93.54166666666669,26.075,65.54166666666667,0.0,82.5,92.375,83.70833333333333,31,0,3,2025,90,98.33333333333331,98.875,97.875,58.91666666666666,-21.541666666666643,-21.08333333333333,17.875000000000014,98.3611111111111,80.05357142857143,25.873611111111117,20.65297619047619,62.62499999999999,47.16309523809524
2025-04-01,82.5,25.320833333333336,62.5125,27.433333333333334,18.48333333333333,588.625,89.66666666666667,27.183333333333334,62.375,0.0,92.375,83.70833333333333,88.375,1,1,4,2025,91,76.79166666666667,98.33333333333331,98.875,56.04166666666666,5.708333333333329,-16.375,26.458333333333343,91.33333333333331,82.60714285714286,23.055555555555557,21.95059523809524,44.34166666666666,50.927976190476194
2025-04-02,92.375,25.825,44.02916666666667,34.99583333333333,21.745833333333334,689.0,80.70833333333333,27.141666666666666,60.54166666666666,0.0,83.70833333333333,88.375,66.875,2,2,4,2025,92,82.5,76.79166666666667,98.33333333333331,74.20833333333333,9.875,-5.958333333333314,18.16666666666667,85.875,86.38690476190474,21.96666666666667,23.570833333333333,46.54027777777778,57.06190476190476
2025-04-03,83.70833333333333,22.54583333333333,37.3,29.1375,16.508333333333333,571.5,83.125,27.35,65.95833333333333,0.0,88.375,66.875,56.41666666666666,3,3,4,2025,93,92.375,82.5,76.79166666666667,76.125,-8.666666666666671,6.916666666666657,7.583333333333329,83.8888888888889,88.98214285714286,23.381944444444446,24.991071428571427,48.35,59.32619047619047
2025-04-04,88.375,18.879166666666663,29.0875,26.40416666666667,16.266666666666666,646.0833333333334,99.375,27.98333333333333,61.208333333333336,0.0,66.875,56.41666666666666,59.5,4,4,4,2025,94,83.70833333333333,92.375,82.5,97.875,4.666666666666671,5.875,-9.5,86.19444444444444,90.06547619047619,24.563888888888886,24.330357142857142,47.94722222222222,52.88928571428571
2025-04-05,66.875,11.245833333333332,14.7125,18.0625,11.4,402.2916666666667,90.375,28.495833333333334,60.66666666666666,0.0,56.41666666666666,59.5,68.83333333333333,5,5,4,2025,95,88.375,83.70833333333333,92.375,98.875,-21.5,-25.5,-32.0,88.15277777777777,88.70833333333334,22.416666666666668,23.10535714285714,36.80555555555555,43.707738095238085
2025-04-06,56.41666666666666,12.245833333333332,28.695833333333336,13.516666666666666,8.983333333333333,348.625,96.0,30.28333333333333,42.16666666666666,0.0,59.5,68.83333333333333,75.875,6,6,4,2025,96,66.875,88.375,83.70833333333333,98.33333333333331,-10.458333333333345,-27.29166666666667,-41.91666666666666,79.65277777777777,84.13690476190474,17.556944444444444,20.627976190476197,27.03333333333333,37.82142857142857
2025-04-07,59.5,13.295833333333334,21.34583333333333,14.65,9.6125,390.5,96.0,29.166666666666668,54.29166666666666,0.0,68.83333333333333,75.875,67.66666666666667,7,0,4,2025,97,56.41666666666666,66.875,88.375,76.79166666666667,3.083333333333343,-28.875,-17.29166666666667,70.55555555555556,78.14880952380952,14.123611111111108,19.294642857142858,24.165277777777774,36.40654761904762
2025-04-08,68.83333333333333,22.745833333333334,37.69166666666667,20.5625,13.458333333333334,450.5833333333333,82.83333333333333,28.025,71.5,0.0,75.875,67.66666666666667,70.375,8,1,4,2025,98,59.5,56.41666666666666,66.875,82.5,9.333333333333329,1.9583333333333288,-13.666666666666671,60.93055555555555,75.67857142857143,12.262499999999998,18.479761904761908,21.584722222222226,33.9547619047619
2025-04-09,75.875,21.04583333333333,41.84166666666667,21.4125,13.758333333333333,449.9583333333333,74.95833333333333,27.683333333333334,76.58333333333333,0.0,67.66666666666667,70.375,77.25,9,2,4,2025,99,68.83333333333333,59.5,56.41666666666666,92.375,7.041666666666671,19.458333333333343,-16.5,61.583333333333336,73.72619047619048,16.09583333333333,18.111904761904764,29.24444444444445,30.408928571428568
2025-04-10,67.66666666666667,17.1625,35.22083333333333,15.816666666666668,12.120833333333332,308.375,80.375,27.70833333333333,77.375,0.0,70.375,77.25,65.58333333333333,10,3,4,2025,100,75.875,68.83333333333333,59.5,83.70833333333333,-8.208333333333329,8.166666666666671,-16.041666666666657,68.06944444444444,71.36904761904762,19.02916666666667,17.429166666666667,33.62638888888889,30.096428571428568
2025-04-11,70.375,22.391666666666666,47.68333333333334,14.529166666666669,11.020833333333334,347.2083333333333,82.58333333333333,28.0375,76.95833333333333,0.0,77.25,65.58333333333333,62.458333333333336,11,4,4,2025,101,67.66666666666667,75.875,68.83333333333333,88.375,2.7083333333333286,1.5416666666666714,-18.0,70.79166666666667,69.07738095238095,20.31805555555556,16.660119047619048,38.25138888888889,29.79940476190476
2025-04-12,77.25,21.641666666666666,48.38333333333333,15.1125,10.75,379.5416666666667,87.83333333333333,29.46666666666667,65.54166666666667,0.0,65.58333333333333,62.458333333333336,65.625,12,5,4,2025,102,70.375,67.66666666666667,75.875,66.875,6.875,1.375,10.375,71.30555555555556,66.50595238095238,20.2,17.16190476190476,41.581944444444446,32.45595238095238
2025-04-13,65.58333333333333,15.7625,32.270833333333336,10.575,9.8125,294.4166666666667,78.58333333333333,28.625,72.70833333333333,0.0,62.458333333333336,65.625,67.875,13,6,4,2025,103,77.25,70.375,67.66666666666667,56.41666666666666,-11.666666666666671,-2.083333333333343,9.166666666666671,71.7638888888889,67.98809523809524,20.398611111111112,18.64702380952381,43.7625,37.26607142857143
2025-04-14,62.458333333333336,15.954166666666666,29.429166666666664,10.45,9.195833333333333,287.1666666666667,76.16666666666667,28.304166666666664,76.29166666666667,0.0,65.625,67.875,64.41666666666667,14,0,4,2025,104,65.58333333333333,77.25,70.375,59.5,-3.124999999999993,-7.916666666666664,2.958333333333336,71.06944444444444,69.29761904761905,19.931944444444444,19.14940476190476,42.77916666666667,37.77678571428572
2025-04-15,65.625,17.745833333333334,37.0,10.483333333333333,9.954166666666667,279.7083333333333,76.95833333333333,28.725,77.08333333333333,0.0,67.875,64.41666666666667,63.91666666666666,15,1,4,2025,105,62.458333333333336,65.58333333333333,77.25,68.83333333333333,3.1666666666666643,-11.625,-3.2083333333333286,68.43055555555556,69.72023809523809,17.78611111111111,19.529166666666665,36.69444444444444,38.93154761904761
2025-04-16,67.875,18.6625,41.79166666666666,9.9125,9.354166666666666,281.8333333333333,75.20833333333333,29.03333333333333,71.875,0.0,64.41666666666667,63.91666666666666,84.70833333333333,16,2,4,2025,106,65.625,62.458333333333336,65.58333333333333,75.875,2.25,2.2916666666666714,-8.0,64.55555555555556,69.26190476190476,16.4875,18.81488095238095,32.9,38.83273809523809
2025-04-17,64.41666666666667,14.716666666666669,31.425,9.816666666666666,8.570833333333333,276.5416666666667,73.20833333333333,29.375,67.29166666666667,0.0,63.91666666666666,84.70833333333333,154.29166666666666,17,3,4,2025,107,67.875,65.625,62.458333333333336,67.66666666666667,-3.4583333333333286,1.958333333333336,-3.25,65.31944444444444,68.11904761904762,17.45416666666667,18.47440476190476,36.07361111111111,38.82559523809524
2025-04-18,63.91666666666666,17.254166666666666,37.516666666666666,9.375,9.675,269.9166666666667,92.91666666666669,28.804166666666664,71.375,0.0,84.70833333333333,154.29166666666666,127.375,18,4,4,2025,108,64.41666666666667,67.875,65.625,70.375,-0.5000000000000142,-1.7083333333333428,-6.458333333333343,65.97222222222223,67.6547619047619,17.041666666666668,18.125,36.73888888888889,38.28333333333334
2025-04-19,84.70833333333333,52.29583333333333,209.775,9.866666666666664,10.983333333333334,314.2083333333333,105.5,29.975,60.125,0.0,154.29166666666666,127.375,117.66666666666669,19,5,4,2025,109,63.91666666666666,64.41666666666667,67.875,77.25,20.79166666666667,16.83333333333333,7.458333333333329,65.40277777777779,66.73214285714286,16.87777777777778,17.39107142857143,36.911111111111104,36.83095238095238
2025-04-20,154.29166666666666,51.3875,183.675,14.8,11.745833333333332,454.0,99.625,31.27083333333333,40.333333333333336,0.0,127.375,117.66666666666669,91.79166666666669,20,6,4,2025,110,84.70833333333333,63.91666666666666,64.41666666666667,65.58333333333333,69.58333333333333,89.87499999999999,88.70833333333333,71.01388888888887,67.79761904761905,28.08888888888889,21.77023809523809,92.90555555555557,59.886904761904766
2025-04-21,127.375,45.1,135.11249999999998,18.116666666666667,15.545833333333334,471.9166666666667,100.91666666666669,30.266666666666666,44.54166666666666,0.0,117.66666666666669,91.79166666666669,83.25,21,0,4,2025,111,154.29166666666666,84.70833333333333,63.91666666666666,62.458333333333336,-26.916666666666657,63.45833333333334,64.91666666666666,100.9722222222222,80.47023809523809,40.3125,26.859523809523807,143.65555555555557,81.51607142857142
2025-04-22,117.66666666666669,34.65,89.41666666666667,19.945833333333333,16.170833333333334,532.8333333333334,97.08333333333331,29.35,59.29166666666666,0.0,91.79166666666669,83.25,74.0,22,1,4,2025,112,127.375,154.29166666666666,84.70833333333333,65.625,-9.708333333333314,32.95833333333336,52.041666666666686,122.125,89.74404761904762,49.59444444444444,31.023214285714285,176.1875,96.61369047619048
2025-04-23,91.79166666666669,28.83333333333333,81.21249999999999,17.129166666666666,12.283333333333331,440.0416666666667,88.29166666666667,28.96666666666667,66.375,0.0,83.25,74.0,83.0,23,2,4,2025,113,117.66666666666669,127.375,154.29166666666666,67.875,-25.875,-62.49999999999997,23.91666666666669,133.11111111111111,97.17857142857144,43.712500000000006,33.43809523809524,136.06805555555556,104.10178571428573
2025-04-24,83.25,20.9,44.59583333333333,14.533333333333331,11.075,383.5833333333333,96.0,29.1,69.5,0.0,74.0,83.0,86.625,24,3,4,2025,114,91.79166666666669,117.66666666666669,127.375,64.41666666666667,-8.541666666666686,-44.125,18.83333333333333,112.2777777777778,100.5952380952381,36.19444444444444,34.89107142857143,101.91388888888888,109.73333333333332
2025-04-25,74.0,22.504166666666663,54.17083333333333,14.720833333333331,11.479166666666666,405.2083333333333,86.33333333333333,28.875,75.70833333333333,0.0,83.0,86.625,81.5,25,4,4,2025,115,83.25,91.79166666666669,117.66666666666669,63.91666666666666,-9.25,-43.666666666666686,10.083333333333345,97.56944444444446,103.28571428571428,28.127777777777776,35.77440476190476,71.74166666666666,111.61488095238094
2025-04-26,83.0,25.85,69.31666666666666,18.104166666666668,12.7,369.7083333333333,96.16666666666669,31.1125,56.41666666666666,0.0,86.625,81.5,66.54166666666667,26,5,4,2025,116,74.0,83.25,91.79166666666669,84.70833333333333,9.0,-8.791666666666686,-1.7083333333333286,83.0138888888889,104.72619047619048,24.079166666666666,36.52440476190476,59.99305555555555,113.9940476190476
2025-04-27,86.625,28.2125,71.2625,18.65833333333333,11.758333333333333,409.0416666666667,79.54166666666667,30.391666666666666,62.625,0.0,81.5,66.54166666666667,60.25,27,6,4,2025,117,83.0,74.0,83.25,154.29166666666666,3.625,3.375,-67.66666666666666,80.08333333333333,104.48214285714286,23.084722222222226,32.746428571428574,56.02777777777777,93.92857142857144
2025-04-28,81.5,22.23333333333333,47.9,15.3625,10.283333333333331,367.8333333333333,83.0,30.975,59.79166666666666,0.0,66.54166666666667,60.25,61.16666666666666,28,0,4,2025,118,86.625,83.0,74.0,127.375,-5.125,7.5,-45.875,81.20833333333333,94.8154761904762,25.522222222222226,29.435714285714283,64.91666666666667,77.86964285714285
2025-04-29,66.54166666666667,13.508333333333333,20.39583333333333,12.870833333333332,8.758333333333333,322.3333333333333,90.45833333333331,31.60833333333333,51.66666666666666,0.0,60.25,61.16666666666666,63.458333333333336,29,1,4,2025,119,81.5,86.625,83.0,117.66666666666669,-14.958333333333329,-16.45833333333333,-51.125000000000014,83.70833333333333,88.26190476190477,25.431944444444444,26.16904761904761,62.826388888888886,65.41071428571428
2025-04-30,60.25,14.645833333333334,24.425,11.1125,8.870833333333334,294.75,82.08333333333333,31.05,56.79166666666666,0.0,61.16666666666666,63.458333333333336,65.5,30,2,4,2025,120,66.54166666666667,81.5,86.625,91.79166666666669,-6.291666666666671,-26.375,-31.54166666666669,78.22222222222223,80.95833333333334,21.318055555555556,23.14880952380952,46.519444444444446,55.550595238095234
2025-05-01,61.16666666666666,15.679166666666667,25.241666666666664,10.008333333333336,9.066666666666666,282.0833333333333,81.79166666666667,30.22083333333333,65.16666666666667,0.0,63.458333333333336,65.5,66.58333333333333,1,3,5,2025,121,60.25,66.54166666666667,81.5,83.25,0.9166666666666572,-20.333333333333343,-22.083333333333343,69.43055555555556,76.45238095238096,16.79583333333333,21.122023809523814,30.90694444444444,47.43809523809523
2025-05-02,63.458333333333336,16.495833333333334,27.354166666666668,10.395833333333334,9.570833333333333,271.1666666666667,77.54166666666667,29.97083333333333,70.66666666666667,0.0,65.5,66.58333333333333,71.95833333333333,2,4,5,2025,122,61.16666666666666,60.25,66.54166666666667,74.0,2.2916666666666785,-3.083333333333336,-10.541666666666664,62.65277777777777,73.29761904761905,14.611111111111112,20.37619047619048,23.35416666666666,44.67321428571429
2025-05-03,65.5,17.333333333333332,31.308333333333334,14.925,11.845833333333331,305.0833333333333,80.95833333333333,30.129166666666663,71.41666666666667,0.0,66.58333333333333,71.95833333333333,101.58333333333331,3,5,5,2025,123,63.458333333333336,61.16666666666666,60.25,83.0,2.0416666666666643,5.25,-17.5,61.625,71.79166666666667,15.606944444444446,19.517857142857142,25.67361111111111,40.84226190476191
2025-05-04,66.58333333333333,18.741666666666667,30.883333333333336,14.0625,11.095833333333331,351.4583333333333,82.45833333333333,30.02083333333333,71.0,0.0,71.95833333333333,101.58333333333331,89.83333333333333,4,6,5,2025,124,65.5,63.458333333333336,61.16666666666666,86.625,1.0833333333333286,5.416666666666671,-20.04166666666667,63.375,69.29166666666667,16.502777777777776,18.30119047619048,27.968055555555555,35.4125
2025-05-05,71.95833333333333,25.96666666666667,69.09166666666667,17.5125,14.516666666666666,525.5,84.375,29.75,68.91666666666667,0.0,101.58333333333331,89.83333333333333,74.375,5,0,5,2025,125,66.58333333333333,65.5,63.458333333333336,81.5,5.375,8.499999999999993,-9.541666666666671,65.18055555555556,66.42857142857143,17.523611111111112,16.948214285714283,29.84861111111111,29.644047619047612
2025-05-06,101.58333333333331,36.06666666666667,93.61666666666667,25.5625,21.879166666666663,492.625,83.16666666666667,29.67083333333333,74.66666666666667,0.0,89.83333333333333,74.375,79.58333333333333,6,1,5,2025,126,71.95833333333333,66.58333333333333,65.5,66.54166666666667,29.624999999999982,36.083333333333314,35.04166666666664,68.01388888888887,65.06547619047618,20.68055555555556,17.48154761904762,43.76111111111111,32.67142857142857
2025-05-07,89.83333333333333,21.8875,53.84166666666667,15.641666666666666,21.22083333333333,397.125,74.66666666666667,29.77083333333333,75.75,0.0,74.375,79.58333333333333,87.41666666666667,7,2,5,2025,127,101.58333333333331,71.95833333333333,66.58333333333333,60.25,-11.749999999999986,23.25,29.58333333333333,80.04166666666666,70.07142857142857,26.925,20.70416666666667,64.53055555555557,43.13154761904762
2025-05-08,74.375,21.325,47.04583333333333,18.995833333333334,17.208333333333332,313.5416666666667,53.79166666666666,29.616666666666664,75.66666666666667,0.0,79.58333333333333,87.41666666666667,89.58333333333333,8,3,5,2025,128,89.83333333333333,101.58333333333331,71.95833333333333,61.16666666666666,-15.458333333333329,2.4166666666666714,13.208333333333345,87.79166666666664,74.29761904761904,27.97361111111111,21.738690476190477,72.18333333333334,47.333928571428565
2025-05-09,79.58333333333333,28.429166666666664,70.41250000000001,16.466666666666665,18.016666666666666,341.0,63.16666666666666,29.866666666666664,72.0,0.0,87.41666666666667,89.58333333333333,102.70833333333331,9,4,5,2025,129,74.375,89.83333333333333,101.58333333333331,63.458333333333336,5.208333333333329,-21.999999999999982,16.124999999999993,88.59722222222221,76.18452380952381,26.42638888888889,22.54523809523809,64.83472222222223,50.44880952380952
2025-05-10,87.41666666666667,29.58333333333333,69.45,13.6,16.879166666666666,275.8333333333333,70.54166666666667,30.05,70.16666666666667,0.0,89.58333333333333,102.70833333333331,75.58333333333333,10,5,5,2025,130,79.58333333333333,74.375,89.83333333333333,65.5,7.833333333333343,-2.416666666666657,21.91666666666667,81.26388888888887,78.48809523809523,23.88055555555556,24.250000000000004,57.1,56.60000000000001
2025-05-11,89.58333333333333,33.90833333333333,77.57083333333334,10.458333333333334,13.245833333333332,259.2916666666667,77.08333333333333,29.7125,76.04166666666667,0.0,102.70833333333331,75.58333333333333,72.45833333333333,11,6,5,2025,131,87.41666666666667,79.58333333333333,74.375,66.58333333333333,2.166666666666657,15.208333333333329,23.0,80.45833333333333,81.6190476190476,26.44583333333333,26.0,62.30277777777778,62.04880952380953
2025-05-12,102.70833333333331,30.666666666666668,75.21249999999999,9.25,12.079166666666666,240.25,86.66666666666667,29.491666666666664,76.41666666666667,0.0041666666666666,75.58333333333333,72.45833333333333,75.95833333333333,12,0,5,2025,132,89.58333333333333,87.41666666666667,79.58333333333333,71.95833333333333,13.124999999999986,23.124999999999982,30.749999999999982,85.52777777777777,84.9047619047619,30.64027777777777,28.166666666666664,72.47777777777777,68.71845238095239
2025-05-13,75.58333333333333,19.64583333333333,37.4375,9.6875,12.2,244.75,85.41666666666667,29.566666666666663,77.0,0.0,72.45833333333333,75.95833333333333,72.5,13,1,5,2025,133,102.70833333333331,89.58333333333333,87.41666666666667,101.58333333333331,-27.124999999999982,-11.833333333333345,-25.999999999999982,93.2361111111111,89.29761904761904,31.38611111111111,28.838095238095235,74.07777777777778,69.59285714285714
2025-05-14,72.45833333333333,22.504166666666663,45.25833333333333,12.629166666666668,13.304166666666667,294.3333333333333,83.0,30.4875,75.66666666666667,0.0,75.95833333333333,72.5,68.70833333333333,14,2,5,2025,134,75.58333333333333,102.70833333333331,89.58333333333333,89.83333333333333,-3.125,-17.125,-17.375,89.29166666666664,85.58333333333334,28.07361111111111,26.492261904761904,63.40694444444444,61.5672619047619
2025-05-15,75.95833333333333,21.754166666666663,44.94166666666666,15.566666666666668,13.670833333333334,314.8333333333333,80.66666666666667,30.504166666666663,75.70833333333333,0.0,72.5,68.70833333333333,67.25,15,3,5,2025,135,72.45833333333333,75.58333333333333,102.70833333333331,74.375,3.5,-26.749999999999982,1.5833333333333286,83.58333333333331,83.10119047619047,24.272222222222226,26.580357142857142,52.63611111111111,60.34107142857143
2025-05-16,72.5,19.516666666666666,37.31666666666667,14.470833333333331,12.35,289.0,72.83333333333333,30.15833333333333,79.29166666666667,0.0,68.70833333333333,67.25,64.83333333333333,16,4,5,2025,136,75.95833333333333,72.45833333333333,75.58333333333333,79.58333333333333,-3.4583333333333286,-3.0833333333333286,-7.083333333333329,74.66666666666667,83.32738095238095,21.301388888888884,26.641666666666666,42.54583333333333,60.04047619047618
2025-05-17,68.70833333333333,18.4125,37.87083333333333,12.541666666666666,13.095833333333331,250.2083333333333,66.04166666666667,30.15416666666667,74.75,0.0,67.25,64.83333333333333,72.33333333333333,17,5,5,2025,137,72.5,75.95833333333333,72.45833333333333,87.41666666666667,-3.791666666666672,-3.75,-18.708333333333343,73.63888888888889,82.31547619047618,21.25833333333333,25.36845238095238,42.50555555555555,55.3125
2025-05-18,67.25,16.883333333333333,33.737500000000004,11.8125,14.391666666666666,256.0833333333333,62.083333333333336,30.1875,73.33333333333333,0.0,64.83333333333333,72.33333333333333,79.5,18,6,5,2025,138,68.70833333333333,72.5,75.95833333333333,89.58333333333333,-1.4583333333333286,-8.708333333333329,-22.33333333333333,72.38888888888887,79.64285714285712,19.89444444444444,23.77261904761905,40.043055555555554,50.80119047619048
2025-05-19,64.83333333333333,18.475,40.04583333333333,11.391666666666666,13.004166666666668,222.625,58.125,30.025,72.625,0.0,72.33333333333333,79.5,82.66666666666667,19,0,5,2025,139,67.25,68.70833333333333,72.5,102.70833333333331,-2.4166666666666714,-7.666666666666671,-37.87499999999999,69.4861111111111,76.45238095238093,18.27083333333333,21.34047619047619,36.30833333333334,44.53928571428571
2025-05-20,72.33333333333333,23.04583333333333,69.88333333333334,8.483333333333333,12.091666666666669,208.41666666666663,62.625,30.4,70.875,0.0,79.5,82.66666666666667,72.16666666666667,20,1,5,2025,140,64.83333333333333,67.25,68.70833333333333,75.58333333333333,7.5,3.625,-3.25,66.93055555555554,71.04166666666666,17.92361111111111,19.59880952380952,37.21805555555556,39.51547619047619
2025-05-21,79.5,27.40833333333333,105.09583333333336,8.9125,13.270833333333334,218.9583333333333,70.20833333333333,30.229166666666668,72.66666666666667,0.0,82.66666666666667,72.16666666666667,69.29166666666667,21,2,5,2025,141,72.33333333333333,64.83333333333333,67.25,72.45833333333333,7.166666666666671,12.25,7.041666666666671,68.13888888888887,70.57738095238095,19.468055555555555,20.084523809523805,47.88888888888889,44.15059523809524
2025-05-22,82.66666666666667,22.941666666666663,83.22500000000001,10.1125,12.8875,221.79166666666663,65.29166666666667,29.975,74.70833333333333,0.0083333333333333,72.16666666666667,69.29166666666667,79.75,22,3,5,2025,142,79.5,72.33333333333333,64.83333333333333,75.95833333333333,3.1666666666666714,17.833333333333343,6.708333333333343,72.22222222222221,71.58333333333333,22.976388888888888,20.785119047619048,71.67500000000001,52.69880952380953
2025-05-23,72.16666666666667,18.754166666666663,54.175,10.4625,11.433333333333332,211.66666666666663,64.83333333333333,30.23333333333333,73.95833333333333,0.0,69.29166666666667,79.75,86.75,23,4,5,2025,143,82.66666666666667,79.5,72.33333333333333,72.5,-10.5,-0.1666666666666572,-0.3333333333333286,78.16666666666667,72.54166666666666,24.46527777777777,20.954761904761902,86.06805555555557,58.16785714285715
2025-05-24,69.29166666666667,21.72083333333333,57.24583333333334,8.737499999999999,11.541666666666666,209.125,67.70833333333333,30.570833333333336,72.66666666666667,0.0,79.75,86.75,81.375,24,5,5,2025,144,72.16666666666667,82.66666666666667,79.5,68.70833333333333,-2.875,-10.208333333333329,0.5833333333333428,78.11111111111113,72.49404761904762,23.034722222222214,20.84583333333333,80.83194444444446,60.57619047619049
2025-05-25,79.75,27.67083333333333,68.5625,8.670833333333333,11.591666666666669,213.0833333333333,67.08333333333333,30.9375,75.0,0.0,86.75,81.375,79.20833333333333,25,6,5,2025,145,69.29166666666667,72.16666666666667,82.66666666666667,67.25,10.458333333333329,-2.9166666666666714,12.5,74.70833333333333,72.57738095238095,21.13888888888889,21.31845238095238,64.88194444444444,63.34404761904763
2025-05-26,86.75,28.39583333333333,62.32083333333333,10.029166666666669,12.158333333333331,222.375,67.33333333333333,31.266666666666666,74.0,0.0,81.375,79.20833333333333,90.04166666666667,26,0,5,2025,146,79.75,69.29166666666667,72.16666666666667,64.83333333333333,7.0,14.583333333333329,21.91666666666667,73.73611111111111,74.36309523809526,22.71527777777777,22.859523809523804,59.99444444444445,68.31904761904762
2025-05-27,81.375,22.8625,47.43333333333334,8.291666666666666,10.675,211.8333333333333,66.54166666666667,30.8125,74.625,0.0,79.20833333333333,90.04166666666667,104.58333333333331,27,1,5,2025,147,86.75,79.75,69.29166666666667,72.33333333333333,-5.375,12.083333333333329,9.041666666666671,78.59722222222223,77.49404761904762,25.929166666666664,24.276785714285715,62.70972222222222,71.50119047619049
2025-05-28,79.20833333333333,26.77916666666667,67.37916666666666,11.329166666666666,12.9125,275.0833333333333,75.5,30.854166666666668,78.5,0.0,90.04166666666667,104.58333333333331,101.66666666666669,28,2,5,2025,148,81.375,86.75,79.75,79.5,-2.1666666666666714,-0.5416666666666714,-0.2916666666666714,82.625,78.78571428571429,26.30972222222222,24.25059523809524,59.43888888888889,68.29404761904763
2025-05-29,90.04166666666667,33.958333333333336,126.7875,12.829166666666666,12.7625,386.5,94.66666666666669,32.37083333333333,66.25,0.0,104.58333333333331,101.66666666666669,98.41666666666669,29,3,5,2025,149,79.20833333333333,81.375,86.75,82.66666666666667,10.833333333333345,3.2916666666666714,7.375,82.44444444444444,78.74404761904762,26.0125,24.160714285714285,59.04444444444445,62.90595238095239
2025-05-30,104.58333333333331,38.17916666666667,149.11666666666667,9.083333333333334,7.695833333333333,256.9166666666667,97.95833333333331,32.608333333333334,58.79166666666666,0.0,101.66666666666669,98.41666666666669,110.66666666666669,30,4,5,2025,150,90.04166666666667,79.20833333333333,81.375,72.16666666666667,14.541666666666645,23.208333333333314,32.41666666666664,83.54166666666667,79.79761904761905,27.866666666666664,25.73452380952381,80.53333333333333,69.12916666666668
2025-05-31,101.66666666666669,35.00416666666667,136.88333333333333,7.0625,8.3375,234.41666666666663,87.79166666666667,31.354166666666668,72.70833333333333,0.0,98.41666666666669,110.66666666666669,107.0,31,5,5,2025,151,104.58333333333331,90.04166666666667,79.20833333333333,69.29166666666667,-2.9166666666666288,22.45833333333336,32.375000000000014,91.27777777777776,84.42857142857143,32.97222222222222,28.50952380952381,114.42777777777776,82.6922619047619
2025-06-01,98.41666666666669,36.333333333333336,141.975,9.583333333333334,9.345833333333331,289.375,83.0,31.954166666666666,64.75,0.0,110.66666666666669,107.0,92.08333333333331,1,6,6,2025,152,101.66666666666669,104.58333333333331,90.04166666666667,79.75,-3.25,8.375000000000014,18.66666666666669,98.7638888888889,89.05357142857143,35.713888888888896,30.40714285714285,137.59583333333333,94.06904761904762
2025-06-02,110.66666666666669,43.34166666666667,188.15833333333333,8.979166666666666,10.191666666666666,253.5833333333333,82.91666666666667,30.695833333333336,75.20833333333333,0.0,107.0,92.08333333333331,81.70833333333333,2,0,6,2025,153,98.41666666666669,101.66666666666669,104.58333333333331,86.75,12.25,6.083333333333371,23.91666666666669,101.55555555555556,91.7202380952381,36.50555555555556,31.64464285714286,142.65833333333333,104.55654761904762
2025-06-03,107.0,29.6125,90.02083333333333,8.170833333333333,9.275,245.875,82.83333333333333,29.879166666666663,79.04166666666667,0.0,92.08333333333331,81.70833333333333,80.45833333333333,3,1,6,2025,154,110.66666666666669,98.41666666666669,101.66666666666669,81.375,-3.6666666666666856,5.333333333333314,25.625,103.58333333333336,95.1369047619048,38.22638888888889,33.779761904761905,155.67222222222222,122.53333333333332
2025-06-04,92.08333333333331,29.2,84.20416666666667,8.666666666666666,11.15,217.625,77.0,30.125,73.875,0.0041666666666666,81.70833333333333,80.45833333333333,80.45833333333333,4,2,6,2025,155,107.0,110.66666666666669,98.41666666666669,79.20833333333333,-14.916666666666686,-6.333333333333371,12.874999999999986,105.36111111111111,98.79761904761904,36.42916666666667,34.74404761904763,140.05138888888888,128.6172619047619
2025-06-05,81.70833333333333,24.416666666666668,72.89583333333333,8.991666666666667,11.854166666666666,211.5,67.16666666666667,30.2875,69.625,0.0,80.45833333333333,80.45833333333333,75.5,5,3,6,2025,156,92.08333333333331,107.0,110.66666666666669,90.04166666666667,-10.374999999999986,-28.95833333333336,-8.333333333333343,103.25,100.63690476190474,34.05138888888889,35.08988095238096,120.79444444444444,131.02083333333334
2025-06-06,80.45833333333333,25.3875,65.8125,8.575000000000001,11.825,197.25,68.875,30.42083333333333,68.0,0.0,80.45833333333333,75.5,76.41666666666667,6,4,6,2025,157,81.70833333333333,92.08333333333331,107.0,104.58333333333331,-1.25,-26.54166666666667,-24.124999999999982,93.5972222222222,99.44642857142858,27.74305555555556,33.72678571428572,82.37361111111112,123.3220238095238
2025-06-07,80.45833333333333,24.308333333333334,67.27083333333333,7.904166666666666,10.4,187.375,70.29166666666667,29.95833333333333,70.625,0.0,75.5,76.41666666666667,72.375,7,5,6,2025,158,80.45833333333333,81.70833333333333,92.08333333333331,101.66666666666669,0.0,-11.624999999999986,-21.20833333333336,84.74999999999999,96.0,26.334722222222226,31.89940476190476,74.30416666666666,111.42142857142858
2025-06-08,75.5,21.95,53.30416666666667,7.708333333333333,10.495833333333334,194.0,75.75,30.025,70.66666666666667,0.0,76.41666666666667,72.375,73.5,8,6,6,2025,159,80.45833333333333,80.45833333333333,81.70833333333333,98.41666666666669,-4.958333333333329,-6.208333333333329,-22.91666666666669,80.875,92.9702380952381,24.704166666666666,30.37142857142857,68.65972222222221,101.47678571428573
2025-06-09,76.41666666666667,22.554166666666664,50.145833333333336,8.104166666666666,10.4375,191.0833333333333,71.125,30.04583333333333,69.58333333333333,0.0,72.375,73.5,71.58333333333333,9,0,6,2025,160,75.5,80.45833333333333,80.45833333333333,110.66666666666669,0.9166666666666714,-4.041666666666657,-34.250000000000014,78.80555555555556,89.69642857142857,23.881944444444443,28.316666666666663,62.12916666666666,88.80952380952381
2025-06-10,72.375,20.77083333333333,48.1875,7.070833333333333,9.775,196.4583333333333,71.29166666666667,30.379166666666663,67.91666666666667,0.0,73.5,71.58333333333333,66.08333333333333,10,1,6,2025,161,76.41666666666667,75.5,80.45833333333333,107.0,-4.041666666666671,-8.083333333333329,-34.625,77.45833333333333,84.80357142857142,22.9375,25.34702380952381,56.90694444444444,69.09345238095237
2025-06-11,73.5,21.5375,48.083333333333336,7.541666666666667,10.495833333333334,199.8333333333333,70.04166666666667,30.40416666666667,71.29166666666667,0.0,71.58333333333333,66.08333333333333,79.70833333333333,11,2,6,2025,162,72.375,76.41666666666667,75.5,92.08333333333331,1.125,-2.0,-18.583333333333314,74.7638888888889,79.85714285714286,21.75833333333333,24.08392857142857,50.54583333333333,63.117261904761904
2025-06-12,71.58333333333333,17.558333333333334,35.604166666666664,8.095833333333333,10.933333333333332,197.125,67.625,30.329166666666666,76.45833333333333,0.0,66.08333333333333,79.70833333333333,95.79166666666669,12,3,6,2025,163,73.5,72.375,76.41666666666667,81.70833333333333,-1.9166666666666716,-4.833333333333343,-10.125,74.09722222222223,77.20238095238096,21.620833333333326,22.98928571428571,48.80555555555557,57.95714285714285
2025-06-13,66.08333333333333,20.1625,52.88333333333333,10.7,12.420833333333334,242.125,71.625,30.77916666666667,79.625,0.0,79.70833333333333,95.79166666666669,106.45833333333331,13,4,6,2025,164,71.58333333333333,73.5,72.375,80.45833333333333,-5.5,-6.291666666666671,-14.375,72.4861111111111,75.75595238095238,19.955555555555552,22.00952380952381,43.958333333333336,52.6297619047619
2025-06-14,79.70833333333333,31.058333333333334,105.69583333333333,13.820833333333333,14.579166666666666,308.8333333333333,77.125,30.42083333333333,82.33333333333333,0.0,95.79166666666669,106.45833333333331,107.04166666666669,14,5,6,2025,165,66.08333333333333,71.58333333333333,73.5,80.45833333333333,13.625,6.208333333333329,-0.75,70.38888888888887,73.70238095238095,19.752777777777776,21.26309523809524,45.52361111111111,50.782738095238095
2025-06-15,95.79166666666669,34.050000000000004,126.3625,15.8125,14.825,339.3333333333333,70.83333333333333,30.329166666666666,79.79166666666667,0.0,106.45833333333331,107.04166666666669,83.54166666666667,15,6,6,2025,166,79.70833333333333,66.08333333333333,71.58333333333333,75.5,16.083333333333357,24.20833333333336,20.29166666666669,72.45833333333333,73.59523809523809,22.92638888888889,22.22738095238095,64.72777777777777,56.27202380952381
2025-06-16,106.45833333333331,40.54583333333333,117.09583333333336,27.64583333333333,27.73333333333333,339.5,74.91666666666667,31.879166666666663,74.16666666666667,0.0999999999999999,107.04166666666669,83.54166666666667,72.95833333333333,16,0,6,2025,167,95.79166666666669,79.70833333333333,66.08333333333333,76.41666666666667,10.666666666666629,40.37499999999999,30.041666666666643,80.52777777777779,76.4940476190476,28.423611111111114,23.95595238095238,94.98055555555555,66.70892857142857
2025-06-17,107.04166666666669,33.025,100.62083333333334,16.291666666666668,14.9875,289.4583333333333,70.875,31.90833333333333,74.54166666666667,0.0,83.54166666666667,72.95833333333333,70.95833333333333,17,1,6,2025,168,106.45833333333331,95.79166666666669,79.70833333333333,72.375,0.5833333333333712,27.33333333333336,34.666666666666686,93.9861111111111,80.78571428571429,35.21805555555556,26.526190476190475,116.38472222222224,76.27321428571429
2025-06-18,83.54166666666667,22.0,47.85833333333333,7.274999999999999,10.433333333333334,214.4583333333333,73.20833333333333,30.575,77.33333333333333,0.0083333333333333,72.95833333333333,70.95833333333333,72.79166666666667,18,2,6,2025,169,107.04166666666669,106.45833333333331,95.79166666666669,73.5,-23.50000000000001,-12.250000000000014,10.041666666666671,103.09722222222224,85.73809523809523,35.87361111111111,28.276785714285715,114.69305555555556,83.76369047619048
2025-06-19,72.95833333333333,20.3625,48.395833333333336,6.083333333333333,8.154166666666667,197.91666666666663,65.625,30.33333333333333,75.83333333333333,0.0166666666666666,70.95833333333333,72.79166666666667,73.29166666666667,19,3,6,2025,170,83.54166666666667,107.04166666666669,106.45833333333331,71.58333333333333,-10.583333333333345,-33.499999999999986,1.375,99.0138888888889,87.17261904761905,31.85694444444444,28.342857142857145,88.52500000000002,83.73154761904763
2025-06-20,70.95833333333333,21.15833333333333,50.9625,7.508333333333333,8.612499999999999,224.66666666666663,63.333333333333336,30.041666666666668,81.79166666666667,0.1416666666666666,72.79166666666667,73.29166666666667,78.5,20,4,6,2025,171,72.95833333333333,83.54166666666667,107.04166666666669,66.08333333333333,-2.0,-36.08333333333336,4.875,87.84722222222223,87.36904761904762,25.129166666666663,28.743452380952384,65.625,85.55892857142858
2025-06-21,72.79166666666667,20.054166666666667,43.6,8.362499999999999,9.966666666666669,226.25,61.91666666666666,30.0875,82.91666666666667,0.1666666666666666,73.29166666666667,78.5,88.25,21,5,6,2025,172,70.95833333333333,72.95833333333333,83.54166666666667,79.70833333333333,1.8333333333333428,-10.75,-6.916666666666657,75.81944444444444,88.06547619047619,21.17361111111111,28.88571428571429,49.07222222222222,85.2845238095238
2025-06-22,73.29166666666667,23.133333333333336,57.23333333333333,10.458333333333334,11.758333333333333,245.125,64.91666666666667,29.941666666666663,81.0,0.0458333333333333,78.5,88.25,92.70833333333331,22,6,6,2025,173,72.79166666666667,70.95833333333333,72.95833333333333,95.79166666666669,0.5,0.3333333333333428,-22.50000000000001,72.2361111111111,87.07738095238095,20.525,27.31369047619048,47.65277777777778,76.41369047619048
2025-06-23,78.5,26.604166666666668,64.375,11.0125,13.1125,241.3333333333333,66.0,30.254166666666663,79.625,0.0291666666666666,88.25,92.70833333333331,92.83333333333331,23,0,6,2025,174,73.29166666666667,72.79166666666667,70.95833333333333,106.45833333333331,5.208333333333329,7.541666666666671,-27.958333333333314,72.34722222222223,83.86309523809523,21.44861111111111,25.754166666666663,50.598611111111104,66.53809523809524
2025-06-24,88.25,30.3125,85.29583333333333,10.979166666666666,14.1125,260.9166666666667,68.25,30.3125,79.29166666666667,0.0166666666666666,92.70833333333331,92.83333333333331,89.58333333333333,24,1,6,2025,175,78.5,73.29166666666667,72.79166666666667,107.04166666666669,9.75,15.458333333333329,-18.79166666666669,74.86111111111111,79.86904761904762,23.26388888888889,23.7625,55.06944444444444,59.00654761904762
2025-06-25,92.70833333333331,32.25,83.03333333333333,16.304166666666667,17.129166666666666,367.2083333333333,66.16666666666667,29.995833333333334,78.58333333333333,0.0,92.83333333333331,89.58333333333333,89.125,25,2,6,2025,176,88.25,78.5,73.29166666666667,83.54166666666667,4.458333333333314,19.416666666666643,9.166666666666645,80.0138888888889,77.18452380952382,26.683333333333337,23.375,68.96805555555555,56.8172619047619
2025-06-26,92.83333333333331,30.058333333333334,96.225,17.104166666666668,18.091666666666665,409.625,56.25,30.929166666666664,77.08333333333333,0.0,89.58333333333333,89.125,71.33333333333333,26,3,6,2025,177,92.70833333333331,88.25,78.5,72.95833333333333,0.125,14.333333333333314,19.874999999999982,86.4861111111111,78.4940476190476,29.722222222222225,24.839285714285715,77.56805555555556,61.84226190476191
2025-06-27,89.58333333333333,34.27916666666667,71.84166666666667,26.825,20.9375,502.0416666666667,69.58333333333333,29.78333333333333,81.95833333333333,0.7125,89.125,71.33333333333333,69.45833333333333,27,4,6,2025,178,92.83333333333331,92.70833333333331,88.25,70.95833333333333,-3.249999999999986,1.3333333333333286,18.625,91.26388888888889,81.33333333333333,30.873611111111117,26.22440476190476,88.18472222222222,68.675
2025-06-28,89.125,23.02083333333333,46.74583333333334,16.845833333333335,14.379166666666668,436.8333333333333,79.58333333333333,27.98333333333333,88.58333333333333,1.5083333333333335,71.33333333333333,69.45833333333333,76.66666666666667,28,5,6,2025,179,89.58333333333333,92.83333333333331,92.70833333333331,72.79166666666667,-0.4583333333333286,-3.5833333333333144,16.33333333333333,91.70833333333331,83.99404761904762,32.19583333333333,28.09880952380953,83.7,71.6577380952381
2025-06-29,71.33333333333333,15.125,26.429166666666664,16.441666666666666,14.920833333333334,332.5416666666667,67.66666666666667,28.933333333333334,84.45833333333333,0.0625,69.45833333333333,76.66666666666667,76.08333333333333,29,6,6,2025,180,89.125,89.58333333333333,92.83333333333331,73.29166666666667,-17.79166666666667,-21.499999999999982,-1.9583333333333428,90.51388888888889,86.32738095238095,29.119444444444444,28.52261904761905,71.60416666666667,72.10714285714286
2025-06-30,69.45833333333333,24.4125,61.583333333333336,12.254166666666668,11.0125,257.3333333333333,57.125,29.854166666666668,81.54166666666667,0.0458333333333333,76.66666666666667,76.08333333333333,81.16666666666667,30,0,6,2025,181,71.33333333333333,89.125,89.58333333333333,78.5,-1.875,-20.125,-9.041666666666671,83.34722222222221,86.04761904761905,24.141666666666666,27.378571428571423,48.338888888888896,67.70654761904763
2025-07-01,76.66666666666667,23.42083333333333,56.770833333333336,10.929166666666667,10.816666666666668,246.5,53.875,29.866666666666664,81.54166666666667,0.0333333333333333,76.08333333333333,81.16666666666667,85.79166666666667,1,1,7,2025,182,69.45833333333333,71.33333333333333,89.125,88.25,7.208333333333343,-12.458333333333329,-11.583333333333329,76.63888888888887,84.75595238095238,20.852777777777774,27.065476190476197,44.91944444444445,67.3077380952381
2025-07-02,76.08333333333333,23.075,68.82083333333334,11.520833333333334,11.95,250.0833333333333,53.458333333333336,29.820833333333336,81.125,0.05,81.16666666666667,85.79166666666667,92.95833333333331,2,2,7,2025,183,76.66666666666667,69.45833333333333,71.33333333333333,92.70833333333331,-0.5833333333333428,4.75,-16.624999999999986,72.4861111111111,83.10119047619047,20.98611111111111,26.08095238095238,48.26111111111111,63.23273809523808
2025-07-03,81.16666666666667,27.691666666666663,84.2375,16.370833333333334,16.462500000000002,322.25,48.79166666666666,29.9625,80.375,0.0166666666666666,85.79166666666667,92.95833333333331,90.0,3,3,7,2025,184,76.08333333333333,76.66666666666667,69.45833333333333,92.83333333333331,5.083333333333343,11.708333333333345,-11.666666666666645,74.06944444444444,80.72619047619047,23.63611111111111,24.77023809523809,62.39166666666667,61.20238095238095
2025-07-04,85.79166666666667,29.058333333333334,84.57916666666667,16.554166666666667,15.9,286.5416666666667,50.625,30.4125,78.41666666666667,0.0083333333333333,92.95833333333331,90.0,92.125,4,4,7,2025,185,81.16666666666667,76.08333333333333,76.66666666666667,89.58333333333333,4.625,9.125,-3.791666666666657,77.97222222222223,79.05952380952381,24.729166666666668,24.432142857142857,69.94305555555555,59.48988095238095
2025-07-05,92.95833333333331,33.27916666666667,93.98333333333332,11.195833333333333,12.741666666666667,242.29166666666663,68.16666666666667,30.95833333333333,75.625,0.0208333333333333,90.0,92.125,96.04166666666669,5,5,7,2025,186,85.79166666666667,81.16666666666667,76.08333333333333,89.125,7.166666666666643,16.874999999999986,3.8333333333333135,81.0138888888889,78.51785714285714,26.60833333333333,23.686309523809523,79.21249999999999,61.30952380952381
2025-07-06,90.0,27.9875,77.71249999999999,11.658333333333331,12.558333333333332,228.54166666666663,69.58333333333333,30.5875,76.25,0.0333333333333333,92.125,96.04166666666669,97.91666666666669,6,6,7,2025,187,92.95833333333331,85.79166666666667,81.16666666666667,71.33333333333333,-2.9583333333333144,8.833333333333329,18.66666666666667,86.63888888888887,79.06547619047618,30.009722222222223,25.151785714285715,87.59999999999998,68.0577380952381
2025-07-07,92.125,33.829166666666666,92.66666666666669,19.4125,19.6,313.7916666666667,60.5,30.429166666666664,76.375,0.0,96.04166666666669,97.91666666666669,93.33333333333331,7,0,7,2025,188,90.0,92.95833333333331,85.79166666666667,69.45833333333333,2.125,6.333333333333329,22.66666666666667,89.58333333333333,81.73214285714286,30.10833333333333,26.98928571428572,85.425,75.38392857142857
2025-07-08,96.04166666666669,34.800000000000004,100.04583333333332,16.554166666666667,17.958333333333332,312.8333333333333,70.5,30.725,74.45833333333333,0.0083333333333333,97.91666666666669,93.33333333333331,92.58333333333331,8,1,7,2025,189,92.125,90.0,92.95833333333331,76.66666666666667,3.9166666666666856,3.0833333333333712,19.37500000000001,91.69444444444444,84.9702380952381,31.69861111111111,28.33452380952381,88.12083333333334,79.82440476190474
2025-07-09,97.91666666666669,32.604166666666664,91.84583333333336,15.475,15.379166666666665,265.25,58.5,30.504166666666663,77.58333333333333,0.025,93.33333333333331,92.58333333333331,82.625,9,2,7,2025,190,96.04166666666669,92.125,90.0,76.08333333333333,1.875,7.916666666666686,21.83333333333336,92.72222222222224,87.73809523809526,32.20555555555556,29.96011904761905,90.14166666666664,86.00654761904761
2025-07-10,93.33333333333331,32.37916666666667,99.40416666666664,16.195833333333333,14.8875,270.4166666666667,53.833333333333336,30.245833333333334,76.875,0.0208333333333333,92.58333333333331,82.625,79.16666666666667,10,3,7,2025,191,97.91666666666669,96.04166666666669,92.125,81.16666666666667,-4.583333333333371,1.2083333333333144,12.166666666666645,95.36111111111111,90.85714285714286,33.74444444444444,31.321428571428573,94.8527777777778,89.29583333333332
2025-07-11,92.58333333333331,27.9875,76.96666666666667,15.391666666666666,15.208333333333334,259.0416666666667,52.5,30.4125,75.79166666666667,0.0083333333333333,82.625,79.16666666666667,80.125,11,4,7,2025,192,93.33333333333331,97.91666666666669,96.04166666666669,85.79166666666667,-0.75,-3.4583333333333712,6.791666666666643,95.7638888888889,92.5952380952381,33.26111111111111,31.991071428571427,97.09861111111113,91.4625
2025-07-12,82.625,25.47083333333333,73.87083333333334,12.7625,12.85,233.0833333333333,55.458333333333336,30.183333333333334,74.33333333333333,0.0041666666666666,79.16666666666667,80.125,83.91666666666667,12,5,7,2025,193,92.58333333333331,93.33333333333331,97.91666666666669,92.95833333333331,-9.958333333333314,-15.291666666666686,-10.333333333333314,94.6111111111111,93.56547619047618,30.990277777777777,31.83809523809524,89.40555555555557,90.375
2025-07-13,79.16666666666667,24.620833333333334,79.7625,9.770833333333334,11.295833333333334,223.625,60.5,29.9375,74.95833333333333,0.025,80.125,83.91666666666667,88.0,13,6,7,2025,194,82.625,92.58333333333331,93.33333333333331,90.0,-3.4583333333333286,-14.166666666666645,-10.833333333333329,89.51388888888887,92.08928571428572,28.6125,30.722619047619048,83.41388888888888,87.50178571428572
2025-07-14,80.125,25.2125,85.36666666666667,9.0375,11.220833333333331,220.0,64.66666666666667,29.879166666666663,77.70833333333333,0.0291666666666666,83.91666666666667,88.0,87.5,14,0,7,2025,195,79.16666666666667,82.625,92.58333333333331,92.125,0.9583333333333286,-12.458333333333314,-12.0,84.79166666666667,90.54166666666666,26.02638888888889,30.241666666666667,76.86666666666667,87.79464285714286
2025-07-15,83.91666666666667,29.2875,82.0625,11.591666666666669,13.304166666666667,234.16666666666663,59.91666666666666,29.9,74.16666666666667,0.0,88.0,87.5,83.0,15,1,7,2025,196,80.125,79.16666666666667,82.625,96.04166666666669,3.791666666666672,1.2916666666666714,-12.125000000000014,80.6388888888889,88.82738095238095,25.10138888888889,29.01071428571429,79.66666666666667,86.75178571428572
2025-07-16,88.0,27.85833333333333,74.47083333333333,11.620833333333332,12.483333333333334,242.875,56.375,29.866666666666664,73.0,0.0041666666666666,87.5,83.0,80.75,16,2,7,2025,197,83.91666666666667,80.125,79.16666666666667,97.91666666666669,4.083333333333329,8.833333333333329,-9.916666666666686,81.06944444444446,87.09523809523809,26.373611111111117,28.223214285714285,82.39722222222223,84.1827380952381
2025-07-17,87.5,28.15833333333333,76.37916666666666,11.320833333333333,13.8375,254.875,54.91666666666666,29.704166666666666,76.0,0.0458333333333333,83.0,80.75,80.66666666666667,17,3,7,2025,198,88.0,83.91666666666667,80.125,93.33333333333331,-0.5,7.375,-5.833333333333314,84.0138888888889,85.67857142857143,27.45277777777778,27.54523809523809,80.63333333333334,81.70059523809525
2025-07-18,83.0,26.008333333333336,68.875,10.5625,14.491666666666667,248.54166666666663,56.125,30.391666666666666,69.25,0.0,80.75,80.66666666666667,82.375,18,4,7,2025,199,87.5,88.0,83.91666666666667,92.58333333333331,-4.5,-0.9166666666666714,-9.583333333333314,86.47222222222223,84.8452380952381,28.43472222222222,26.9422619047619,77.6375,78.41130952380952
2025-07-19,80.75,25.041666666666668,66.14583333333333,8.566666666666666,12.645833333333334,206.91666666666663,56.833333333333336,30.21666666666667,73.375,0.0208333333333333,80.66666666666667,82.375,87.66666666666667,19,5,7,2025,200,83.0,87.5,88.0,82.625,-2.25,-7.25,-1.875,86.16666666666667,83.47619047619048,27.34166666666667,26.659523809523808,73.24166666666666,77.25535714285714
2025-07-20,80.66666666666667,25.316666666666663,65.22500000000001,10.904166666666669,13.908333333333331,250.625,50.91666666666666,29.745833333333334,76.04166666666667,0.0,82.375,87.66666666666667,81.375,20,6,7,2025,201,80.75,83.0,87.5,79.16666666666667,-0.0833333333333286,-6.833333333333329,1.5,83.75,83.20833333333334,26.402777777777786,26.59821428571428,70.46666666666665,76.15178571428571
2025-07-21,82.375,28.558333333333334,67.70833333333333,13.316666666666668,14.475,264.4166666666667,54.333333333333336,30.0125,76.41666666666667,0.075,87.66666666666667,81.375,78.41666666666667,21,0,7,2025,202,80.66666666666667,80.75,83.0,80.125,1.7083333333333286,-0.625,2.25,81.47222222222223,83.42261904761905,25.45555555555556,26.69761904761905,66.74861111111112,74.075
2025-07-22,87.66666666666667,27.454166666666666,66.30416666666666,10.641666666666667,11.883333333333333,232.04166666666663,56.5,30.191666666666663,74.66666666666667,0.0166666666666666,81.375,78.41666666666667,81.33333333333333,22,1,7,2025,203,82.375,80.66666666666667,80.75,83.91666666666667,5.291666666666671,6.916666666666671,3.75,81.2638888888889,83.74404761904762,26.30555555555556,27.17559523809524,66.35972222222222,71.55238095238096
2025-07-23,81.375,23.741666666666664,60.1625,8.137500000000001,8.920833333333333,221.7083333333333,57.708333333333336,29.429166666666664,77.625,0.075,78.41666666666667,81.33333333333333,80.125,23,2,7,2025,204,87.66666666666667,82.375,80.66666666666667,88.0,-6.291666666666671,0.7083333333333286,-6.625,83.56944444444446,84.27976190476191,27.10972222222222,26.913690476190474,66.41250000000001,69.30119047619048
2025-07-24,78.41666666666667,25.8875,63.44583333333333,9.0875,10.7125,246.29166666666663,60.66666666666666,29.675,76.75,0.075,81.33333333333333,80.125,84.45833333333333,24,3,7,2025,205,81.375,87.66666666666667,82.375,87.5,-2.9583333333333286,-3.9583333333333286,-9.083333333333329,83.80555555555556,83.33333333333334,26.584722222222226,26.325595238095243,64.725,67.25714285714285
2025-07-25,81.33333333333333,24.27083333333333,65.19166666666666,10.270833333333334,11.829166666666666,249.625,60.375,29.72083333333333,76.83333333333333,0.025,80.125,84.45833333333333,78.25,25,4,7,2025,206,78.41666666666667,81.375,87.66666666666667,83.0,2.916666666666657,-6.333333333333343,-1.6666666666666714,82.48611111111113,82.03571428571429,25.694444444444443,26.00119047619048,63.30416666666667,65.4095238095238
2025-07-26,80.125,26.391666666666666,72.40416666666667,9.4625,11.404166666666669,233.2083333333333,64.0,29.7125,75.58333333333333,0.0416666666666666,84.45833333333333,78.25,73.20833333333333,26,5,7,2025,207,81.33333333333333,78.41666666666667,81.375,80.75,-1.2083333333333286,-1.25,-0.625,80.375,81.79761904761905,24.63333333333333,25.752976190476183,62.93333333333334,64.88333333333334
2025-07-27,84.45833333333333,26.1625,67.94583333333334,9.295833333333333,11.329166666666666,222.9583333333333,63.25,29.40416666666667,75.41666666666667,0.025,78.25,73.20833333333333,74.20833333333333,27,6,7,2025,208,80.125,81.33333333333333,78.41666666666667,80.66666666666667,4.333333333333329,6.041666666666657,3.791666666666657,79.95833333333333,81.70833333333334,25.516666666666666,25.94583333333333,67.01388888888889,65.77738095238097
2025-07-28,78.25,22.391666666666666,68.54583333333333,7.966666666666666,9.741666666666667,218.3333333333333,61.0,29.3625,75.0,0.0083333333333333,73.20833333333333,74.20833333333333,82.41666666666667,28,0,7,2025,209,84.45833333333333,80.125,81.33333333333333,82.375,-6.208333333333329,-3.0833333333333286,-4.125,81.97222222222221,82.25,25.60833333333333,26.066666666666663,68.5138888888889,66.16607142857143
2025-07-29,73.20833333333333,20.3375,53.97083333333333,7.175,8.362499999999999,202.2083333333333,59.375,29.25,76.33333333333333,0.0125,74.20833333333333,82.41666666666667,79.79166666666667,29,1,7,2025,210,78.25,84.45833333333333,80.125,87.66666666666667,-5.041666666666671,-6.916666666666671,-14.458333333333345,80.94444444444444,81.66071428571429,24.98194444444444,25.185714285714287,69.63194444444446,66.28571428571429
2025-07-30,74.20833333333333,24.4875,65.79166666666667,8.391666666666667,9.8375,222.75,59.16666666666666,28.9375,79.25,0.0625,82.41666666666667,79.79166666666667,76.25,30,2,7,2025,211,73.20833333333333,78.25,84.45833333333333,81.375,1.0,-10.25,-7.166666666666671,78.63888888888887,79.59523809523809,22.96388888888889,24.16904761904761,63.4875,64.52380952380952
2025-07-31,82.41666666666667,26.92083333333333,74.75416666666666,11.120833333333332,12.0625,252.25,56.25,28.808333333333334,80.08333333333333,0.05,79.79166666666667,76.25,72.91666666666667,31,3,7,2025,212,74.20833333333333,73.20833333333333,78.25,78.41666666666667,8.208333333333343,4.166666666666671,4.0,75.22222222222221,78.57142857142857,22.405555555555555,24.27559523809524,62.769444444444446,65.3279761904762
2025-08-01,79.79166666666667,23.2125,59.18333333333334,11.0125,11.120833333333332,244.04166666666663,52.958333333333336,28.429166666666664,79.91666666666667,0.0875,76.25,72.91666666666667,69.04166666666667,1,4,8,2025,213,82.41666666666667,74.20833333333333,73.20833333333333,81.33333333333333,-2.625,6.583333333333343,-1.5416666666666572,76.6111111111111,79.14285714285712,23.915277777777774,24.423214285714284,64.83888888888889,66.9434523809524
2025-08-02,76.25,21.64583333333333,62.00416666666667,11.820833333333333,10.675,230.8333333333333,50.66666666666666,28.0875,81.25,0.0875,72.91666666666667,69.04166666666667,67.75,2,5,8,2025,214,79.79166666666667,82.41666666666667,74.20833333333333,80.125,-3.5416666666666714,2.0416666666666714,-3.875,78.80555555555556,78.92261904761904,24.873611111111117,24.27202380952381,66.5763888888889,66.08511904761905
2025-08-03,72.91666666666667,20.679166666666667,60.43333333333334,9.7,10.933333333333332,233.4583333333333,57.5,28.3125,80.20833333333333,0.0541666666666666,69.04166666666667,67.75,70.875,3,6,8,2025,215,76.25,79.79166666666667,82.41666666666667,84.45833333333333,-3.3333333333333286,-9.5,-11.541666666666655,79.48611111111111,78.3690476190476,23.926388888888884,23.59404761904761,65.31388888888888,64.59940476190476
2025-08-04,69.04166666666667,18.120833333333334,49.76666666666667,10.079166666666667,10.35,218.04166666666663,55.333333333333336,28.34166666666667,79.5,0.0625,67.75,70.875,73.58333333333333,4,0,8,2025,216,72.91666666666667,76.25,79.79166666666667,78.25,-3.875,-10.75,-9.208333333333329,76.31944444444446,76.72023809523809,21.84583333333333,22.810714285714287,60.54027777777778,63.52619047619048
2025-08-05,67.75,19.229166666666668,47.26666666666667,9.683333333333334,9.233333333333333,223.375,53.04166666666666,28.041666666666668,80.0,0.0833333333333333,70.875,73.58333333333333,71.70833333333333,5,1,8,2025,217,69.04166666666667,72.91666666666667,76.25,73.20833333333333,-1.2916666666666714,-8.5,-5.458333333333329,72.73611111111113,75.40476190476191,20.14861111111111,22.20059523809524,57.401388888888896,60.84345238095238
2025-08-06,70.875,20.9375,50.0625,9.4,9.970833333333331,246.9583333333333,53.5,28.0,79.625,0.0791666666666666,73.58333333333333,71.70833333333333,65.91666666666667,6,2,8,2025,218,67.75,69.04166666666667,72.91666666666667,74.20833333333333,3.125,-2.0416666666666714,-3.3333333333333286,69.90277777777779,74.625,19.343055555555555,22.042261904761904,52.4888888888889,59.885714285714286
2025-08-07,73.58333333333333,21.566666666666663,50.68333333333334,10.825,11.083333333333334,251.0,52.708333333333336,28.066666666666663,80.375,0.0916666666666666,71.70833333333333,65.91666666666667,67.29166666666667,7,3,8,2025,219,70.875,67.75,69.04166666666667,82.41666666666667,2.7083333333333286,4.541666666666657,-8.833333333333343,69.22222222222223,74.14880952380953,19.429166666666667,21.535119047619045,49.031944444444456,57.63869047619047
2025-08-08,71.70833333333333,18.65,42.59166666666667,8.7125,9.754166666666666,223.04166666666663,53.66666666666666,28.27083333333333,76.75,0.0375,65.91666666666667,67.29166666666667,70.0,8,4,8,2025,220,73.58333333333333,70.875,67.75,79.79166666666667,-1.875,3.9583333333333286,-8.083333333333343,70.7361111111111,72.88690476190477,20.57777777777778,20.77023809523809,49.337500000000006,54.2
2025-08-09,65.91666666666667,17.291666666666668,39.275,8.820833333333333,10.091666666666669,212.125,50.25,28.20833333333333,78.33333333333333,0.0791666666666666,67.29166666666667,70.0,68.45833333333333,9,5,8,2025,221,71.70833333333333,73.58333333333333,70.875,76.25,-5.791666666666657,-4.958333333333329,-10.333333333333329,72.05555555555554,71.73214285714286,20.38472222222222,20.11845238095238,47.77916666666667,51.82976190476192
2025-08-10,67.29166666666667,19.4125,43.3125,8.879166666666666,10.341666666666669,214.25,50.208333333333336,28.0125,79.04166666666667,0.0708333333333333,70.0,68.45833333333333,71.95833333333333,10,6,8,2025,222,65.91666666666667,71.70833333333333,73.58333333333333,72.91666666666667,1.375,-6.291666666666657,-5.625,70.40277777777777,70.25595238095238,19.16944444444444,19.49642857142857,44.18333333333334,48.58273809523809
2025-08-11,70.0,19.3875,46.84166666666667,8.9125,9.2375,223.3333333333333,45.708333333333336,27.695833333333336,80.0,0.0666666666666666,68.45833333333333,71.95833333333333,73.83333333333333,11,0,8,2025,223,67.29166666666667,65.91666666666667,71.70833333333333,69.04166666666667,2.7083333333333286,-1.7083333333333286,0.9583333333333286,68.30555555555556,69.45238095238095,18.45138888888889,19.315476190476197,41.72638888888889,46.136904761904766
2025-08-12,68.45833333333333,18.741666666666667,39.62083333333333,8.512500000000001,8.941666666666666,223.9583333333333,46.375,28.008333333333336,77.04166666666667,0.075,71.95833333333333,73.83333333333333,78.70833333333333,12,1,8,2025,224,70.0,67.29166666666667,65.91666666666667,67.75,-1.5416666666666714,2.541666666666657,0.7083333333333286,67.73611111111111,69.58928571428571,18.697222222222223,19.49642857142857,43.14305555555556,45.71904761904763
2025-08-13,71.95833333333333,21.433333333333334,46.5875,11.166666666666666,11.808333333333332,265.4166666666667,47.79166666666666,28.0875,80.58333333333333,0.05,73.83333333333333,78.70833333333333,85.58333333333333,13,2,8,2025,225,68.45833333333333,70.0,67.29166666666667,70.875,3.5,4.666666666666657,1.0833333333333286,68.58333333333333,69.69047619047619,19.180555555555557,19.42678571428571,43.25833333333333,44.62678571428571
2025-08-14,73.83333333333333,21.78333333333333,50.8375,17.958333333333332,16.391666666666666,396.2083333333333,41.16666666666666,28.491666666666664,82.0,0.0041666666666666,78.70833333333333,85.58333333333333,80.875,14,3,8,2025,226,71.95833333333333,68.45833333333333,70.0,73.58333333333333,1.875,3.8333333333333286,0.25,70.13888888888887,69.84523809523809,19.854166666666668,19.497619047619047,44.35,44.130357142857136
2025-08-15,78.70833333333333,27.40416666666667,69.17083333333333,20.954166666666666,20.9,471.875,53.25,29.354166666666668,77.25,0.0125,85.58333333333333,80.875,82.875,15,4,8,2025,227,73.83333333333333,71.95833333333333,68.45833333333333,71.70833333333333,4.875,10.25,7.0,71.41666666666667,69.88095238095238,20.65277777777777,19.52857142857143,45.68194444444444,44.15238095238095
2025-08-16,85.58333333333333,27.879166666666663,64.25833333333334,21.20833333333333,21.791666666666668,323.1666666666667,61.458333333333336,29.495833333333334,77.95833333333333,0.0,80.875,82.875,82.08333333333333,16,5,8,2025,228,78.70833333333333,73.83333333333333,71.95833333333333,65.91666666666667,6.875,13.625,19.666666666666657,74.83333333333333,70.88095238095238,23.540277777777774,20.77916666666667,55.53194444444444,47.949404761904766
2025-08-17,80.875,23.041666666666668,46.9,17.591666666666665,18.48333333333333,329.4166666666667,62.25,30.0375,75.875,0.0,82.875,82.08333333333333,91.125,17,6,8,2025,229,85.58333333333333,78.70833333333333,73.83333333333333,67.29166666666667,-4.708333333333329,7.041666666666671,13.583333333333329,79.375,73.69047619047618,25.688888888888886,22.291666666666664,61.42222222222222,51.51845238095238
2025-08-18,82.875,25.504166666666663,40.16666666666666,21.620833333333334,19.5375,470.4583333333333,72.0,30.5625,78.125,0.3083333333333333,82.08333333333333,91.125,88.625,18,0,8,2025,230,80.875,85.58333333333333,78.70833333333333,70.0,2.0,4.166666666666671,12.875,81.72222222222221,75.63095238095237,26.10833333333333,22.810119047619047,60.109722222222224,52.03095238095238
2025-08-19,82.08333333333333,28.008333333333336,45.56666666666666,26.825,18.354166666666668,416.625,64.29166666666667,28.683333333333334,85.95833333333333,0.9291666666666668,91.125,88.625,82.54166666666667,19,1,8,2025,231,82.875,80.875,85.58333333333333,68.45833333333333,-0.7916666666666714,-3.5,13.625,83.1111111111111,77.47023809523809,25.475,23.68392857142857,50.44166666666666,51.07738095238095
2025-08-20,91.125,29.1125,35.725,23.25,13.683333333333332,1137.5833333333333,86.91666666666667,28.704166666666666,87.45833333333333,1.1166666666666667,88.625,82.54166666666667,76.54166666666667,20,2,8,2025,232,82.08333333333333,82.875,80.875,71.95833333333333,9.041666666666671,10.25,19.16666666666667,81.94444444444444,79.41666666666666,25.51805555555556,25.007738095238096,44.21111111111111,51.926785714285714
2025-08-21,88.625,25.754166666666663,31.39583333333333,33.170833333333334,19.0,1403.3333333333333,54.125,28.120833333333334,89.83333333333333,1.675,82.54166666666667,76.54166666666667,77.41666666666667,21,3,8,2025,233,91.125,82.08333333333333,82.875,73.83333333333333,-2.5,5.75,14.791666666666671,85.3611111111111,82.1547619047619,27.541666666666668,26.104761904761908,40.48611111111111,50.375
2025-08-22,82.54166666666667,24.766666666666666,32.24583333333333,26.225,17.6125,359.25,67.45833333333333,28.09583333333333,87.70833333333333,0.0583333333333333,76.54166666666667,77.41666666666667,74.33333333333333,22,4,8,2025,234,88.625,91.125,82.08333333333333,78.70833333333333,-6.083333333333329,0.4583333333333428,3.833333333333343,87.27777777777777,84.26785714285714,27.625,26.67202380952381,37.56249999999999,47.59761904761905
2025-08-23,76.54166666666667,25.2625,50.76666666666667,10.4,9.5125,254.25,57.958333333333336,28.25,85.125,0.0666666666666666,77.41666666666667,74.33333333333333,78.625,23,5,8,2025,235,82.54166666666667,88.625,91.125,85.58333333333333,-6.0,-14.583333333333329,-9.041666666666655,87.43055555555556,84.81547619047618,26.54444444444444,26.29523809523809,33.12222222222223,42.32261904761905
2025-08-24,77.41666666666667,22.133333333333336,55.6625,10.825,9.708333333333334,250.4583333333333,52.375,28.191666666666663,86.75,0.0875,74.33333333333333,78.625,85.54166666666667,24,6,8,2025,236,76.54166666666667,82.54166666666667,88.625,80.875,0.875,-11.208333333333329,-3.4583333333333286,82.56944444444446,83.52380952380952,25.26111111111111,25.92142857142857,38.13611111111111,40.39523809523809
2025-08-25,74.33333333333333,22.370833333333334,65.05416666666666,13.983333333333334,12.879166666666668,297.4583333333333,47.708333333333336,28.204166666666666,86.91666666666667,0.0291666666666666,78.625,85.54166666666667,84.875,25,0,8,2025,237,77.41666666666667,76.54166666666667,82.54166666666667,82.875,-3.083333333333343,-8.208333333333343,-8.541666666666671,78.83333333333333,83.02976190476191,24.05416666666667,25.79166666666666,46.225,41.64702380952381
2025-08-26,78.625,26.6,85.5,16.224999999999998,13.7,334.2916666666667,44.875,28.0875,85.20833333333333,0.0041666666666666,85.54166666666667,84.875,91.79166666666669,26,1,8,2025,238,74.33333333333333,77.41666666666667,76.54166666666667,82.08333333333333,4.291666666666671,2.0833333333333286,-3.4583333333333286,76.09722222222223,81.80952380952382,23.25555555555556,25.34404761904762,57.16111111111112,45.20238095238095
2025-08-27,85.54166666666667,27.65,73.57916666666667,15.629166666666668,13.429166666666667,306.4166666666667,48.875,28.054166666666664,85.0,0.0041666666666666,84.875,91.79166666666669,104.125,27,2,8,2025,239,78.625,74.33333333333333,77.41666666666667,91.125,6.916666666666671,8.125,-5.583333333333329,76.79166666666667,81.31547619047619,23.70138888888889,25.142857142857142,68.7388888888889,50.90714285714286
2025-08-28,84.875,29.275,73.41250000000001,13.825,13.404166666666669,291.5833333333333,54.0,28.079166666666666,83.66666666666667,0.0041666666666666,91.79166666666669,104.125,100.625,28,3,8,2025,240,85.54166666666667,78.625,74.33333333333333,88.625,-0.6666666666666714,10.541666666666671,-3.75,79.5,80.51785714285714,25.540277777777774,24.933928571428574,74.71111111111111,56.31488095238095
2025-08-29,91.79166666666669,33.40416666666667,90.24583333333334,14.9375,13.858333333333333,324.375,55.583333333333336,27.825,84.66666666666667,0.0041666666666666,104.125,100.625,79.5,29,4,8,2025,241,84.875,85.54166666666667,78.625,82.54166666666667,6.916666666666686,13.166666666666686,9.250000000000014,83.0138888888889,79.98214285714286,27.84166666666667,25.436904761904767,77.49722222222222,62.31726190476191
2025-08-30,104.125,39.37916666666667,100.82916666666668,18.2875,16.016666666666666,324.875,54.41666666666666,28.28333333333333,82.79166666666667,0.0,100.625,79.5,78.5,30,5,8,2025,242,91.79166666666669,84.875,85.54166666666667,76.54166666666667,12.333333333333314,18.58333333333333,27.58333333333333,87.40277777777779,81.30357142857143,30.10972222222222,26.670833333333334,79.07916666666667,70.6029761904762
2025-08-31,100.625,28.8,78.93333333333334,13.920833333333334,13.066666666666668,252.04166666666663,53.04166666666666,28.325,80.20833333333333,0.0,79.5,78.5,87.83333333333333,31,6,8,2025,243,104.125,91.79166666666669,84.875,77.41666666666667,-3.5,15.75,23.20833333333333,93.59722222222224,85.24404761904762,34.019444444444446,28.6875,88.16250000000002,77.75476190476192
2025-09-01,79.5,22.866666666666664,54.770833333333336,10.729166666666666,9.929166666666667,222.04166666666663,54.708333333333336,28.129166666666663,77.625,0.0333333333333333,78.5,87.83333333333333,89.04166666666667,1,0,9,2025,244,100.625,104.125,91.79166666666669,74.33333333333333,-21.125,-12.291666666666686,5.166666666666671,98.84722222222224,88.55952380952382,33.86111111111111,29.63988095238096,90.00277777777778,81.07916666666668
2025-09-02,78.5,25.9375,54.75416666666666,12.4125,11.5625,253.79166666666663,55.083333333333336,28.104166666666668,77.45833333333333,0.0208333333333333,87.83333333333333,89.04166666666667,80.91666666666667,2,1,9,2025,245,79.5,100.625,104.125,78.625,-1.0,-25.625,-0.125,94.75,89.29761904761905,30.34861111111111,29.71071428571429,78.17777777777779,79.61011904761905
2025-09-03,87.83333333333333,31.433333333333334,65.41250000000001,17.037499999999998,14.158333333333331,271.25,51.708333333333336,28.525,72.91666666666667,0.0,89.04166666666667,80.91666666666667,84.25,3,2,9,2025,246,78.5,79.5,100.625,85.54166666666667,9.333333333333329,-12.791666666666671,2.291666666666657,86.20833333333333,89.27976190476191,25.868055555555557,29.616071428571438,62.81944444444445,75.21785714285716
2025-09-04,89.04166666666667,26.90416666666667,63.97083333333333,15.195833333333333,14.516666666666666,254.7083333333333,54.79166666666666,28.2125,76.91666666666667,0.0,80.91666666666667,84.25,79.58333333333333,4,3,9,2025,247,87.83333333333333,78.5,79.5,84.875,1.2083333333333428,9.541666666666671,4.166666666666671,81.94444444444444,89.60714285714288,26.745833333333334,30.156547619047625,58.3125,74.05119047619048
2025-09-05,80.91666666666667,25.9875,54.3625,12.858333333333334,13.116666666666667,254.16666666666663,61.208333333333336,28.70833333333333,77.91666666666667,0.0,84.25,79.58333333333333,80.20833333333333,5,4,9,2025,248,89.04166666666667,87.83333333333333,78.5,91.79166666666669,-8.125,2.4166666666666714,-10.875000000000014,85.125,90.20238095238096,28.09166666666667,29.817857142857143,61.37916666666666,72.70238095238095
2025-09-06,84.25,27.070833333333336,54.925,13.066666666666668,11.933333333333332,229.3333333333333,56.333333333333336,28.64583333333333,78.58333333333333,0.0,79.58333333333333,80.20833333333333,80.54166666666667,6,5,9,2025,249,80.91666666666667,89.04166666666667,87.83333333333333,104.125,3.3333333333333286,-3.5833333333333286,-19.875,85.93055555555556,88.64880952380952,28.10833333333333,28.758333333333333,61.24861111111111,67.57619047619048
2025-09-07,79.58333333333333,23.166666666666668,44.3625,12.145833333333334,11.5,231.8333333333333,55.25,28.4125,78.375,0.0,80.20833333333333,80.54166666666667,65.16666666666667,7,6,9,2025,250,84.25,80.91666666666667,89.04166666666667,100.625,-4.666666666666671,-9.458333333333345,-21.04166666666667,84.73611111111111,85.80952380952381,26.65416666666667,27.0,57.75277777777777,61.01845238095239
2025-09-08,80.20833333333333,25.77916666666667,50.0625,18.3375,13.170833333333334,315.7916666666667,46.458333333333336,27.245833333333334,84.95833333333333,0.2749999999999999,80.54166666666667,65.16666666666667,71.0,8,0,9,2025,251,79.58333333333333,84.25,80.91666666666667,79.5,0.625,-0.7083333333333428,0.7083333333333286,81.58333333333333,82.80357142857143,25.40833333333333,26.195238095238093,51.21666666666666,56.0797619047619
2025-09-09,80.54166666666667,21.20833333333333,35.5125,25.48333333333333,13.004166666666668,313.8333333333333,38.458333333333336,26.141666666666666,92.25,2.6833333333333336,65.16666666666667,71.0,60.583333333333336,9,1,9,2025,252,80.20833333333333,79.58333333333333,84.25,78.5,0.3333333333333428,-3.7083333333333286,2.0416666666666714,81.34722222222221,82.90476190476191,25.33888888888889,26.611309523809524,49.78333333333333,55.40714285714286
2025-09-10,65.16666666666667,18.320833333333333,35.375,21.604166666666668,11.858333333333334,381.7916666666667,34.875,26.4,88.375,0.9625,71.0,60.583333333333336,60.16666666666666,10,2,9,2025,253,80.54166666666667,80.20833333333333,79.58333333333333,87.83333333333333,-15.375,-14.416666666666655,-22.666666666666657,80.1111111111111,83.19642857142857,23.384722222222223,25.935714285714287,43.3125,52.65833333333334
2025-09-11,71.0,17.204166666666666,32.97083333333333,19.620833333333334,13.129166666666668,398.5,35.583333333333336,26.491666666666664,87.83333333333333,0.1583333333333333,60.583333333333336,60.16666666666666,57.29166666666666,11,3,9,2025,254,65.16666666666667,80.54166666666667,80.20833333333333,89.04166666666667,5.833333333333329,-9.208333333333329,-18.04166666666667,75.30555555555556,79.95833333333334,21.76944444444445,24.0625,40.31666666666667,48.367261904761904
2025-09-12,60.583333333333336,14.370833333333332,26.4125,16.412499999999998,12.270833333333334,330.4166666666667,36.16666666666666,27.195833333333336,83.83333333333333,0.0625,60.16666666666666,57.29166666666666,57.29166666666666,12,4,9,2025,255,71.0,65.16666666666667,80.54166666666667,80.91666666666667,-10.416666666666664,-19.958333333333336,-20.333333333333336,72.23611111111111,77.3809523809524,18.911111111111108,22.67678571428572,34.61944444444445,43.93869047619047
2025-09-13,60.16666666666666,13.704166666666666,23.47083333333333,16.316666666666666,12.85,310.2083333333333,37.79166666666666,27.5125,81.375,0.0,57.29166666666666,57.29166666666666,60.66666666666666,13,5,9,2025,256,60.583333333333336,71.0,65.16666666666667,84.25,-0.4166666666666785,-5.000000000000014,-24.083333333333343,65.58333333333334,74.47619047619048,16.631944444444443,21.017261904761902,31.58611111111111,39.94583333333333
2025-09-14,57.29166666666666,12.504166666666668,21.5375,12.083333333333334,10.933333333333332,248.25,41.875,27.633333333333336,81.29166666666667,0.0125,57.29166666666666,60.66666666666666,70.54166666666667,14,6,9,2025,257,60.16666666666666,60.583333333333336,71.0,79.58333333333333,-2.875,-13.708333333333345,-22.29166666666667,63.91666666666666,71.03571428571429,15.093055555555551,19.10773809523809,27.618055555555557,35.45238095238095
2025-09-15,57.29166666666666,13.608333333333334,25.15833333333333,9.775,9.0125,236.66666666666663,41.333333333333336,27.454166666666666,81.875,0.0208333333333333,60.66666666666666,70.54166666666667,79.58333333333333,15,0,9,2025,258,57.29166666666666,60.16666666666666,60.583333333333336,80.20833333333333,0.0,-3.2916666666666785,-22.91666666666667,59.34722222222222,67.85119047619047,13.526388888888889,17.58452380952381,23.806944444444444,32.19166666666667
2025-09-16,60.66666666666666,16.933333333333334,36.78333333333333,11.979166666666666,9.679166666666667,264.5,39.583333333333336,27.741666666666664,83.20833333333333,0.0375,70.54166666666667,79.58333333333333,86.70833333333333,16,1,9,2025,259,57.29166666666666,57.29166666666666,60.16666666666666,80.54166666666667,3.375,0.5,-19.87500000000001,58.24999999999999,64.57738095238095,13.272222222222224,15.845833333333331,23.38888888888889,28.633928571428573
2025-09-17,70.54166666666667,22.879166666666663,60.02916666666667,16.9375,13.991666666666667,353.2083333333333,40.79166666666666,27.758333333333336,83.79166666666667,0.025,79.58333333333333,86.70833333333333,85.41666666666667,17,2,9,2025,260,60.66666666666666,57.29166666666666,57.29166666666666,65.16666666666667,9.875000000000014,13.250000000000014,5.375,58.41666666666666,61.738095238095234,14.348611111111111,15.235119047619047,27.82638888888889,28.815476190476183
2025-09-18,79.58333333333333,27.025,77.60000000000001,19.725,14.3875,344.5833333333333,44.41666666666666,27.4875,86.25,0.0166666666666666,86.70833333333333,85.41666666666667,81.58333333333333,18,3,9,2025,261,70.54166666666667,60.66666666666666,57.29166666666666,71.0,9.041666666666655,22.29166666666667,8.583333333333329,62.833333333333336,62.50595238095239,17.806944444444444,15.886309523809524,40.65694444444444,32.3375
2025-09-19,86.70833333333333,28.475,90.99583333333334,19.391666666666666,13.783333333333331,316.5,40.75,27.3375,82.66666666666667,0.0125,85.41666666666667,81.58333333333333,75.08333333333333,19,4,9,2025,262,79.58333333333333,70.54166666666667,60.66666666666666,60.583333333333336,7.125,26.04166666666667,26.124999999999996,70.26388888888887,63.73214285714285,22.27916666666667,17.289285714285715,58.13750000000001,38.71309523809524
2025-09-20,85.41666666666667,26.504166666666663,77.69166666666666,20.0,13.170833333333334,301.7916666666667,36.5,27.383333333333336,81.16666666666667,0.025,81.58333333333333,75.08333333333333,67.08333333333333,20,5,9,2025,263,86.70833333333333,79.58333333333333,70.54166666666667,60.16666666666666,-1.2916666666666572,14.875,25.25000000000001,78.94444444444444,67.46428571428571,26.126388888888886,19.304166666666667,76.20833333333333,47.93928571428571
2025-09-21,81.58333333333333,24.225,70.12083333333334,17.1375,12.5625,262.25,39.91666666666666,27.525,75.83333333333333,0.0,75.08333333333333,67.08333333333333,71.45833333333333,21,6,9,2025,264,85.41666666666667,86.70833333333333,79.58333333333333,57.29166666666666,-3.833333333333343,2.0,24.29166666666667,83.90277777777777,71.07142857142857,27.334722222222226,21.132738095238093,82.09583333333335,55.68511904761905
2025-09-22,75.08333333333333,20.029166666666665,48.9625,12.816666666666668,11.241666666666667,239.9583333333333,47.5,27.754166666666663,75.0,0.0083333333333333,67.08333333333333,71.45833333333333,76.70833333333333,22,0,9,2025,265,81.58333333333333,85.41666666666667,86.70833333333333,57.29166666666666,-6.5,-11.625,17.79166666666667,84.56944444444444,74.54166666666666,26.40138888888889,22.807142857142853,79.60277777777777,62.62559523809524
2025-09-23,67.08333333333333,18.2,38.5375,12.245833333333332,10.858333333333334,231.54166666666663,47.583333333333336,27.6625,78.04166666666667,0.0333333333333333,71.45833333333333,76.70833333333333,87.29166666666667,23,1,9,2025,266,75.08333333333333,81.58333333333333,85.41666666666667,60.66666666666666,-8.0,-18.333333333333343,6.416666666666671,80.69444444444444,77.08333333333333,23.58611111111111,23.72440476190476,65.59166666666667,66.02619047619048
2025-09-24,71.45833333333333,21.9375,50.91666666666666,14.5125,11.3,271.0833333333333,42.625,27.5625,80.125,0.0833333333333333,76.70833333333333,87.29166666666667,81.79166666666667,24,2,9,2025,267,67.08333333333333,75.08333333333333,81.58333333333333,70.54166666666667,4.375,-10.125,0.9166666666666572,74.58333333333333,78.0,20.81805555555556,23.905357142857135,52.54027777777778,66.27678571428571
2025-09-25,76.70833333333333,25.354166666666668,56.81666666666666,18.2375,14.258333333333333,339.9166666666667,42.66666666666666,27.67083333333333,81.83333333333333,0.0208333333333333,87.29166666666667,81.79166666666667,74.5,25,3,9,2025,268,71.45833333333333,67.08333333333333,75.08333333333333,79.58333333333333,5.25,1.625,-2.875,71.20833333333333,78.13095238095238,20.055555555555557,23.77083333333333,46.138888888888886,64.97500000000001
2025-09-26,87.29166666666667,29.854166666666668,58.4875,23.866666666666664,17.533333333333335,404.625,48.16666666666666,27.975,77.08333333333333,0.0,81.79166666666667,74.5,90.04166666666667,26,4,9,2025,269,76.70833333333333,71.45833333333333,67.08333333333333,86.70833333333333,10.583333333333345,20.208333333333343,0.5833333333333428,71.75,77.72023809523809,21.83055555555556,23.53214285714285,48.75694444444444,62.00595238095239
2025-09-27,81.79166666666667,22.2875,35.625,22.166666666666668,17.2375,323.8333333333333,53.91666666666666,28.379166666666663,77.70833333333333,0.0,74.5,90.04166666666667,97.58333333333331,27,5,9,2025,270,87.29166666666667,76.70833333333333,71.45833333333333,85.41666666666667,-5.5,10.333333333333345,-3.625,78.4861111111111,77.80357142857142,25.715277777777786,23.729166666666664,55.406944444444434,57.36190476190476
2025-09-28,74.5,24.854166666666668,43.00833333333333,17.691666666666666,14.641666666666666,271.3333333333333,59.958333333333336,28.925,80.83333333333333,0.0,90.04166666666667,97.58333333333331,77.54166666666667,28,6,9,2025,271,81.79166666666667,87.29166666666667,76.70833333333333,81.58333333333333,-7.291666666666671,-2.2083333333333286,-7.083333333333329,81.93055555555556,77.28571428571429,25.83194444444445,23.126785714285717,50.30972222222223,51.35238095238095
2025-09-29,90.04166666666667,31.879166666666663,47.025,25.816666666666663,14.383333333333333,556.2916666666666,77.70833333333333,32.49583333333333,58.208333333333336,0.0,97.58333333333331,77.54166666666667,58.625,29,0,9,2025,272,74.5,81.79166666666667,87.29166666666667,75.08333333333333,15.541666666666671,2.75,14.958333333333345,81.19444444444444,76.27380952380953,25.665277777777774,23.216666666666665,45.706944444444446,47.47916666666666
2025-09-30,97.58333333333331,30.1625,42.391666666666666,33.3875,14.595833333333331,855.75,66.0,30.47083333333333,70.08333333333333,0.2166666666666666,77.54166666666667,58.625,51.833333333333336,30,1,9,2025,273,90.04166666666667,74.5,81.79166666666667,67.08333333333333,7.541666666666643,15.791666666666645,30.499999999999982,82.11111111111113,78.41071428571429,26.34027777777777,24.90952380952381,41.88611111111111,47.20238095238095
2025-10-01,77.54166666666667,16.533333333333335,17.516666666666666,13.691666666666668,9.108333333333333,617.7083333333334,77.91666666666667,29.90416666666667,70.41666666666667,0.0125,58.625,51.833333333333336,54.41666666666666,1,2,10,2025,274,97.58333333333331,90.04166666666667,74.5,71.45833333333333,-20.041666666666643,3.0416666666666714,6.083333333333343,87.375,82.76785714285714,28.965277777777786,26.618452380952384,44.14166666666667,47.75297619047618
2025-10-02,58.625,11.966666666666669,15.154166666666669,11.675,8.1625,573.4583333333334,67.70833333333333,30.22083333333333,66.41666666666667,0.0125,51.833333333333336,54.41666666666666,60.25,2,3,10,2025,275,77.54166666666667,97.58333333333331,90.04166666666667,76.70833333333333,-18.91666666666667,-31.41666666666667,-18.08333333333333,88.3888888888889,83.63690476190477,26.191666666666663,25.84642857142857,35.64444444444444,42.98154761904762
2025-10-03,51.833333333333336,9.3,12.7375,10.9125,7.891666666666667,503.0416666666667,58.958333333333336,28.78333333333333,74.20833333333333,0.0916666666666666,54.41666666666666,60.25,72.58333333333333,3,4,10,2025,276,58.625,77.54166666666667,97.58333333333331,87.29166666666667,-6.791666666666664,-45.74999999999998,-35.458333333333336,77.91666666666667,81.05357142857143,19.55416666666667,23.93392857142857,25.02083333333333,37.02976190476191
2025-10-04,54.41666666666666,13.583333333333334,19.7875,16.216666666666665,10.875,505.6666666666667,45.25,27.991666666666664,81.125,0.2791666666666667,60.25,72.58333333333333,98.91666666666669,4,5,10,2025,277,51.833333333333336,58.625,77.54166666666667,81.79166666666667,2.583333333333321,-23.12500000000001,-27.37500000000001,62.66666666666668,75.98809523809526,12.6,20.99761904761905,15.136111111111113,30.49404761904762
2025-10-05,60.25,14.5125,21.070833333333333,12.879166666666668,11.0,322.5416666666667,57.833333333333336,28.55,78.5,0.0833333333333333,72.58333333333333,98.91666666666669,115.91666666666669,5,6,10,2025,278,54.41666666666666,51.833333333333336,58.625,74.5,5.833333333333343,1.625,-14.25,54.958333333333336,72.07738095238095,11.616666666666667,19.754166666666663,15.893055555555556,28.23154761904762
2025-10-06,72.58333333333333,33.579166666666666,119.35,9.345833333333331,8.854166666666666,276.5,78.625,28.92083333333333,68.125,0.0,98.91666666666669,115.91666666666669,115.5,6,0,10,2025,279,60.25,54.41666666666666,51.833333333333336,90.04166666666667,12.333333333333329,20.749999999999996,-17.458333333333343,55.5,70.04166666666666,12.465277777777777,18.276785714285715,17.86527777777778,25.097619047619045
2025-10-07,98.91666666666669,36.73333333333333,148.92083333333332,17.283333333333335,14.004166666666668,528.4166666666666,67.41666666666667,28.8125,61.66666666666666,0.0041666666666666,115.91666666666669,115.5,108.625,7,1,10,2025,280,72.58333333333333,60.25,54.41666666666666,97.58333333333331,26.33333333333336,44.50000000000003,1.3333333333333712,62.41666666666666,67.54761904761905,20.558333333333334,18.519642857142856,53.40277777777777,35.429761904761904
2025-10-08,115.91666666666669,41.6,119.3625,33.19166666666667,22.320833333333336,613.4166666666666,56.625,27.59583333333333,68.0,0.0083333333333333,115.5,108.625,112.20833333333331,8,2,10,2025,281,98.91666666666669,72.58333333333333,60.25,77.54166666666667,17.0,55.666666666666686,38.375000000000014,77.25,67.73809523809524,28.274999999999995,19.458333333333336,96.4472222222222,50.64821428571428
2025-10-09,115.5,40.53333333333333,100.59583333333336,30.0125,21.09583333333333,629.625,61.458333333333336,27.5,66.20833333333333,0.0,108.625,112.20833333333331,113.79166666666669,9,3,10,2025,282,115.91666666666669,98.91666666666669,72.58333333333333,58.625,-0.4166666666666856,42.91666666666667,56.875,95.80555555555556,73.2202380952381,37.30416666666667,23.03928571428571,129.2111111111111,65.19761904761904
2025-10-10,108.625,38.85833333333333,81.70416666666667,27.383333333333336,19.225,582.5,68.375,27.46666666666667,64.54166666666667,0.0083333333333333,112.20833333333331,113.79166666666669,109.08333333333331,10,4,10,2025,283,115.5,115.91666666666669,98.91666666666669,51.833333333333336,-6.875,9.708333333333314,56.79166666666666,110.11111111111111,81.3452380952381,39.62222222222222,27.12023809523809,122.95972222222224,77.40357142857144
2025-10-11,112.20833333333331,41.454166666666666,74.15416666666667,27.45833333333333,19.73333333333333,727.3333333333334,74.16666666666667,27.245833333333334,65.25,0.0208333333333333,113.79166666666669,109.08333333333331,108.45833333333331,11,5,10,2025,284,108.625,115.5,115.91666666666669,54.41666666666666,3.5833333333333144,-3.7083333333333712,57.79166666666666,113.34722222222224,89.45833333333334,40.33055555555555,31.342857142857135,100.55416666666667,87.25595238095238
2025-10-12,113.79166666666669,38.38333333333333,60.275,24.3,18.883333333333333,582.9166666666666,86.0,27.9,57.91666666666666,0.0,109.08333333333331,108.45833333333331,99.70833333333331,12,6,10,2025,285,112.20833333333331,108.625,115.5,60.25,1.5833333333333712,-1.7083333333333144,53.541666666666686,112.1111111111111,97.71428571428572,40.28194444444444,35.32440476190476,85.48472222222222,95.02261904761906
2025-10-13,109.08333333333331,38.28333333333333,52.0,22.254166666666663,16.25,603.5833333333334,88.95833333333333,27.575,61.66666666666666,0.0,108.45833333333331,99.70833333333331,98.54166666666669,13,0,10,2025,286,113.79166666666669,112.20833333333331,108.625,72.58333333333333,-4.708333333333371,0.4583333333333144,36.49999999999999,111.54166666666669,105.36309523809526,39.56527777777777,38.73452380952381,72.04444444444445,100.6232142857143
2025-10-14,108.45833333333331,35.1625,43.958333333333336,22.579166666666666,16.2625,526.7916666666666,90.625,27.73333333333333,61.625,0.0,99.70833333333331,98.54166666666669,103.91666666666669,14,1,10,2025,287,109.08333333333331,113.79166666666669,112.20833333333331,98.91666666666669,-0.625,-3.75,9.541666666666629,111.69444444444444,110.57738095238096,39.37361111111111,39.406547619047615,62.14305555555556,91.0017857142857
2025-10-15,99.70833333333331,29.354166666666668,33.61666666666667,21.59166666666667,16.016666666666666,524.125,99.33333333333331,28.09583333333333,54.208333333333336,0.0,98.54166666666669,103.91666666666669,104.5,15,2,10,2025,288,108.45833333333331,109.08333333333331,113.79166666666669,115.91666666666669,-8.75,-14.083333333333371,-16.20833333333337,110.44444444444444,111.94047619047618,37.27638888888888,39.18214285714286,52.07777777777778,76.00714285714287
2025-10-16,98.54166666666669,29.2,32.487500000000004,25.17083333333333,18.5375,637.5,101.625,29.016666666666666,42.41666666666666,0.0,103.91666666666669,104.5,97.625,16,3,10,2025,289,99.70833333333331,108.45833333333331,109.08333333333331,115.5,-1.1666666666666288,-10.541666666666629,-16.958333333333314,105.75,109.62499999999996,34.266666666666666,37.43273809523809,43.19166666666667,63.75773809523809
2025-10-17,103.91666666666669,32.479166666666664,38.97916666666666,30.995833333333334,19.995833333333334,693.5416666666666,99.45833333333331,29.008333333333336,38.958333333333336,0.0,104.5,97.625,88.375,17,4,10,2025,290,98.54166666666669,99.70833333333331,108.45833333333331,108.625,5.375,-4.541666666666629,-4.708333333333314,102.2361111111111,107.20238095238096,31.23888888888889,35.81369047619047,36.6875,54.02797619047619
2025-10-18,104.5,32.4125,38.5125,31.21666666666667,21.3375,739.125,101.04166666666669,28.46666666666667,55.125,0.0,97.625,88.375,87.5,18,5,10,2025,291,103.91666666666669,98.54166666666669,99.70833333333331,112.20833333333331,0.5833333333333144,4.791666666666686,-7.708333333333314,100.72222222222224,106.52976190476193,30.344444444444445,34.902380952380945,35.02777777777778,47.92440476190476
2025-10-19,97.625,27.48333333333333,35.05416666666667,26.75,19.0,621.5833333333334,92.875,28.8,51.54166666666666,0.0,88.375,87.5,108.33333333333331,19,6,10,2025,292,104.5,103.91666666666669,98.54166666666669,113.79166666666669,-6.875,-0.9166666666666856,-16.166666666666686,102.31944444444446,105.42857142857144,31.36388888888889,33.61071428571428,36.65972222222222,42.8327380952381
2025-10-20,88.375,24.10833333333333,30.433333333333334,28.604166666666668,18.008333333333333,595.75,89.66666666666667,29.204166666666666,43.375,0.0,87.5,108.33333333333331,106.375,20,0,10,2025,293,97.625,104.5,103.91666666666669,109.08333333333331,-9.25,-15.541666666666686,-20.708333333333314,102.0138888888889,103.1190476190476,30.791666666666668,32.05357142857142,37.515277777777776,39.22976190476191
2025-10-21,87.5,33.78333333333333,40.35,37.333333333333336,19.933333333333334,886.6666666666666,77.95833333333333,29.54583333333333,39.333333333333336,0.0,108.33333333333331,106.375,111.375,21,1,10,2025,294,88.375,97.625,104.5,108.45833333333331,-0.875,-17.0,-20.958333333333314,96.83333333333331,100.16071428571428,28.001388888888886,30.02857142857142,34.666666666666664,36.148809523809526
2025-10-22,108.33333333333331,36.17083333333333,43.60833333333333,32.325,16.120833333333334,702.25,91.83333333333331,31.066666666666663,29.0,0.0,106.375,111.375,100.95833333333331,22,2,10,2025,295,87.5,88.375,97.625,99.70833333333331,20.833333333333314,10.708333333333314,8.625,91.16666666666669,97.16666666666669,28.45833333333333,29.831547619047612,35.27916666666667,35.63333333333333
2025-10-23,106.375,38.770833333333336,49.90416666666667,43.895833333333336,18.191666666666663,902.75,82.25,29.870833333333334,33.166666666666664,0.0,111.375,100.95833333333331,84.16666666666667,23,3,10,2025,296,108.33333333333331,87.5,88.375,98.54166666666669,-1.9583333333333144,18.0,7.833333333333314,94.7361111111111,98.39880952380952,31.354166666666668,30.80535714285714,38.13055555555555,37.06071428571429
2025-10-24,111.375,36.704166666666666,41.85,52.9625,21.52083333333333,1223.25,75.66666666666667,29.766666666666666,31.75,0.0,100.95833333333331,84.16666666666667,80.875,24,4,10,2025,297,106.375,108.33333333333331,87.5,103.91666666666669,5.0,23.875,7.458333333333314,100.7361111111111,99.51785714285714,36.24166666666667,32.172619047619044,44.62083333333334,39.54880952380952
2025-10-25,100.95833333333331,27.225,31.0,36.4,14.6875,1102.4166666666667,84.54166666666667,30.241666666666664,27.041666666666668,0.0,84.16666666666667,80.875,92.83333333333331,25,5,10,2025,298,111.375,106.375,108.33333333333331,104.5,-10.416666666666686,-7.375,-3.5416666666666856,108.69444444444444,100.58333333333331,37.21527777777778,32.77619047619048,45.12083333333333,39.958928571428565
2025-10-26,84.16666666666667,22.8125,25.675,19.075,11.345833333333331,571.2916666666666,100.79166666666669,30.65,23.70833333333333,0.0,80.875,92.83333333333331,108.20833333333331,26,6,10,2025,299,100.95833333333331,111.375,106.375,97.625,-16.791666666666643,-22.20833333333333,-13.458333333333329,106.2361111111111,100.07738095238092,34.23333333333333,32.03511904761904,40.918055555555554,38.885714285714286
2025-10-27,80.875,24.95833333333333,28.954166666666666,13.75,10.783333333333331,506.5416666666667,105.16666666666669,30.4375,24.58333333333333,0.0,92.83333333333331,108.20833333333331,90.91666666666669,27,0,10,2025,300,84.16666666666667,100.95833333333331,111.375,88.375,-3.2916666666666714,-30.5,-7.5,98.83333333333331,98.1547619047619,28.91388888888889,31.367857142857144,32.84166666666666,37.54583333333333
2025-10-28,92.83333333333331,34.65,41.329166666666666,11.3875,13.058333333333332,500.4583333333333,115.04166666666669,29.4875,32.583333333333336,0.0,108.20833333333331,90.91666666666669,107.41666666666669,28,1,10,2025,301,80.875,84.16666666666667,100.95833333333331,87.5,11.958333333333314,-8.125,5.333333333333314,88.66666666666667,97.08333333333331,24.998611111111117,31.48928571428572,28.543055555555554,37.334523809523816
2025-10-29,108.20833333333331,35.025,39.09583333333333,12.0625,11.470833333333331,469.7916666666667,100.20833333333331,29.0,36.125,0.0,90.91666666666669,107.41666666666669,160.83333333333334,29,2,10,2025,302,92.83333333333331,80.875,84.16666666666667,108.33333333333331,15.375,24.041666666666643,-0.125,85.95833333333333,97.84523809523807,27.473611111111108,31.61309523809524,31.98611111111111,37.47440476190476
2025-10-30,90.91666666666669,31.92083333333333,36.16666666666666,15.208333333333334,11.091666666666669,464.75,91.91666666666669,29.52083333333333,35.625,0.0,107.41666666666669,160.83333333333334,157.58333333333334,30,3,10,2025,303,108.20833333333331,92.83333333333331,80.875,106.375,-17.29166666666663,10.041666666666686,-15.458333333333314,93.9722222222222,97.82738095238092,31.54444444444444,31.44940476190476,36.45972222222222,36.829761904761895
2025-10-31,107.41666666666669,55.725,68.83333333333333,28.83333333333333,19.4625,929.0416666666666,89.0,29.575,34.666666666666664,0.0,160.83333333333334,157.58333333333334,115.66666666666669,31,4,10,2025,304,90.91666666666669,108.20833333333331,92.83333333333331,111.375,16.5,14.583333333333371,-3.9583333333333135,97.31944444444444,95.6190476190476,33.86527777777778,30.47083333333333,38.86388888888889,34.867261904761904
2025-11-01,160.83333333333334,72.42083333333333,82.17916666666666,50.03333333333333,24.84166666666667,1176.8333333333333,68.66666666666667,27.825,38.75,0.0,157.58333333333334,115.66666666666669,89.375,1,5,11,2025,305,107.41666666666669,90.91666666666669,108.20833333333331,100.95833333333331,53.41666666666666,52.62500000000003,59.87500000000003,102.18055555555556,95.05357142857144,40.890277777777776,33.18809523809524,48.031944444444434,38.72202380952381
2025-11-02,157.58333333333334,54.9,61.37916666666666,43.21666666666667,26.945833333333336,963.5,70.54166666666667,27.479166666666668,50.583333333333336,0.0,115.66666666666669,89.375,84.125,2,6,11,2025,306,160.83333333333334,107.41666666666669,90.91666666666669,84.16666666666667,-3.25,66.66666666666666,73.41666666666667,119.72222222222224,103.60714285714288,53.355555555555554,39.644642857142856,62.39305555555555,46.03333333333334
2025-11-03,115.66666666666669,33.170833333333334,56.49166666666667,23.4375,14.116666666666667,710.7916666666666,60.375,25.79583333333333,77.83333333333333,0.0,89.375,84.125,124.83333333333331,3,0,11,2025,307,157.58333333333334,160.83333333333334,107.41666666666669,80.875,-41.91666666666666,8.25,34.791666666666686,141.94444444444446,114.0952380952381,61.01527777777778,44.22857142857142,70.79722222222222,51.13392857142857
2025-11-04,89.375,28.0375,45.04166666666666,22.21666666666667,12.620833333333332,452.875,69.41666666666667,28.25,45.583333333333336,0.0,84.125,124.83333333333331,132.79166666666666,4,1,11,2025,308,115.66666666666669,157.58333333333334,160.83333333333334,92.83333333333331,-26.29166666666669,-71.45833333333334,-3.4583333333333144,144.69444444444446,119.06547619047622,53.49722222222223,45.40178571428572,66.68333333333334,55.067857142857136
2025-11-05,84.125,31.83333333333333,44.78333333333333,35.858333333333334,13.616666666666667,984.6666666666666,65.5,27.191666666666663,23.541666666666668,0.0,124.83333333333331,132.79166666666666,114.41666666666669,5,2,11,2025,309,89.375,115.66666666666669,157.58333333333334,108.20833333333331,-5.25,-73.45833333333334,-24.083333333333314,120.875,118.57142857142856,38.702777777777776,44.457142857142856,54.30416666666667,55.598214285714285
2025-11-06,124.83333333333331,52.15,67.56666666666666,48.85,26.75,1097.2916666666667,73.125,25.116666666666664,38.583333333333336,0.0,132.79166666666666,114.41666666666669,124.54166666666669,6,3,11,2025,310,84.125,89.375,115.66666666666669,90.91666666666669,40.708333333333314,9.166666666666629,33.91666666666663,96.3888888888889,115.1309523809524,31.01388888888889,44.00119047619047,48.77222222222222,56.41071428571427
2025-11-07,132.79166666666666,43.66666666666666,61.50833333333333,34.07083333333333,19.5375,796.4583333333334,74.08333333333333,24.725,51.54166666666666,0.0,114.41666666666669,124.54166666666669,106.875,7,4,11,2025,311,124.83333333333331,84.125,89.375,107.41666666666669,7.958333333333343,43.41666666666666,25.37499999999997,99.44444444444444,119.97619047619048,37.34027777777778,46.89107142857143,52.46388888888888,60.89642857142856
2025-11-08,114.41666666666669,42.44583333333333,55.75,30.425,17.962500000000002,936.0833333333334,73.25,23.891666666666666,66.75,0.0,124.54166666666669,106.875,110.375,8,5,11,2025,312,132.79166666666666,124.83333333333331,84.125,160.83333333333334,-18.37499999999997,30.29166666666669,-46.41666666666666,113.91666666666669,123.60119047619048,42.54999999999999,45.16845238095238,57.952777777777776,59.85
2025-11-09,124.54166666666669,43.54166666666666,70.74583333333334,38.6875,22.979166666666668,1460.0416666666667,51.333333333333336,23.6375,68.875,0.0,106.875,110.375,102.04166666666669,9,6,11,2025,313,114.41666666666669,132.79166666666666,124.83333333333331,157.58333333333334,10.125,-0.2916666666666287,-33.04166666666666,124.0138888888889,116.97023809523807,46.0875,40.88630952380952,61.60833333333333,56.07440476190476
2025-11-10,106.875,35.0125,48.025,41.15416666666667,23.079166666666666,1276.0,53.375,23.5,66.375,0.0,110.375,102.04166666666669,91.20833333333331,10,0,11,2025,314,124.54166666666669,114.41666666666669,132.79166666666666,115.66666666666669,-17.666666666666686,-25.916666666666657,-8.791666666666686,123.91666666666669,112.25,43.21805555555554,39.26369047619047,62.668055555555554,57.4125
2025-11-11,110.375,41.225,48.5,47.5125,30.45,1232.25,55.958333333333336,23.370833333333334,69.29166666666667,0.0,102.04166666666669,91.20833333333331,88.75,11,1,11,2025,315,106.875,124.54166666666669,114.41666666666669,89.375,3.5,-4.041666666666686,21.0,115.2777777777778,110.99404761904763,40.33333333333333,39.52678571428572,58.17361111111112,56.202976190476186
2025-11-12,102.04166666666669,31.22083333333333,37.895833333333336,39.43333333333333,25.2375,819.25,65.45833333333333,23.75,70.0,0.0,91.20833333333331,88.75,87.79166666666667,12,2,11,2025,316,110.375,106.875,124.54166666666669,84.125,-8.333333333333314,-22.5,17.916666666666686,113.93055555555556,113.99404761904762,39.92638888888889,41.410714285714285,55.75694444444445,56.6970238095238
2025-11-13,91.20833333333331,27.47083333333333,38.175,29.77916666666667,25.4,778.9166666666666,79.125,23.991666666666664,67.375,0.0,88.75,87.79166666666667,91.95833333333331,13,3,11,2025,317,102.04166666666669,110.375,106.875,124.83333333333331,-10.833333333333371,-15.666666666666686,-33.625,106.43055555555556,116.55357142857144,35.81944444444445,41.32321428571429,44.80694444444445,55.71309523809523
2025-11-14,88.75,27.64583333333333,34.7625,33.6,23.9625,808.125,68.91666666666667,23.945833333333336,60.25,0.0,87.79166666666667,91.95833333333331,104.58333333333331,14,4,11,2025,318,91.20833333333331,102.04166666666669,110.375,132.79166666666666,-2.4583333333333144,-21.625,-44.04166666666666,101.20833333333331,111.75,33.30555555555555,37.79761904761904,41.52361111111112,51.51428571428572
2025-11-15,87.79166666666667,29.575,34.15833333333333,40.05416666666667,25.225,875.0833333333334,64.83333333333333,23.991666666666664,48.458333333333336,0.0,91.95833333333331,104.58333333333331,112.33333333333331,15,5,11,2025,319,88.75,91.20833333333331,102.04166666666669,114.41666666666669,-0.9583333333333286,-14.250000000000014,-26.62500000000001,94.0,105.45833333333331,28.779166666666665,35.50892857142857,36.94444444444444,47.69345238095239
2025-11-16,91.95833333333331,30.929166666666664,31.495833333333334,46.45416666666667,24.375,1228.5833333333333,71.125,24.558333333333334,37.79166666666666,0.0,104.58333333333331,112.33333333333331,117.91666666666669,16,6,11,2025,320,87.79166666666667,88.75,91.20833333333331,124.54166666666669,4.166666666666643,0.75,-32.58333333333337,89.25,101.65476190476193,28.230555555555554,33.6702380952381,35.69861111111111,44.60892857142858
2025-11-17,104.58333333333331,34.166666666666664,34.69583333333333,48.020833333333336,33.00833333333333,1008.7083333333334,79.75,23.704166666666666,40.0,0.0,112.33333333333331,117.91666666666669,111.16666666666669,17,0,11,2025,321,91.95833333333331,87.79166666666667,88.75,106.875,12.625,15.833333333333314,-2.2916666666666856,89.5,97.0,29.38333333333333,31.86845238095238,33.47222222222222,39.00178571428571
2025-11-18,112.33333333333331,41.9125,44.12083333333334,42.60416666666666,32.34583333333333,781.0,78.58333333333333,23.2625,58.083333333333336,0.0,117.91666666666669,111.16666666666669,105.79166666666669,18,1,11,2025,322,104.58333333333331,91.95833333333331,87.79166666666667,110.375,7.75,24.541666666666643,1.9583333333333144,94.77777777777776,96.67261904761904,31.55694444444444,31.747619047619047,33.45,37.09761904761905
2025-11-19,117.91666666666669,41.47083333333333,44.0875,40.725,30.620833333333334,810.9583333333334,73.75,23.0875,62.79166666666666,0.0,111.16666666666669,105.79166666666669,130.04166666666666,19,2,11,2025,323,112.33333333333331,104.58333333333331,91.95833333333331,102.04166666666669,5.583333333333371,25.95833333333337,15.875,102.95833333333331,96.95238095238092,35.669444444444444,31.84583333333333,36.770833333333336,36.47202380952381
2025-11-20,111.16666666666669,35.56666666666667,36.725,31.7625,30.129166666666663,801.4166666666666,84.16666666666667,23.15416666666667,66.66666666666667,0.0,105.79166666666669,130.04166666666666,155.08333333333334,20,3,11,2025,324,117.91666666666669,112.33333333333331,104.58333333333331,91.20833333333331,-6.75,6.583333333333371,19.95833333333337,111.6111111111111,99.2202380952381,39.18333333333333,33.31011904761905,40.96805555555556,37.35654761904762
2025-11-21,105.79166666666669,40.09166666666667,40.9875,41.766666666666666,33.3125,956.5416666666666,72.08333333333333,23.579166666666666,54.5,0.0,130.04166666666666,155.08333333333334,149.33333333333334,21,4,11,2025,325,111.16666666666669,117.91666666666669,112.33333333333331,88.75,-5.375,-6.541666666666629,17.041666666666686,113.80555555555556,102.07142857142856,39.65,34.46666666666666,41.644444444444446,37.14940476190476
2025-11-22,130.04166666666666,55.25833333333333,59.1625,43.88333333333333,30.60833333333333,1009.5416666666666,80.20833333333333,23.516666666666666,50.708333333333336,0.0,155.08333333333334,149.33333333333334,121.16666666666669,22,5,11,2025,326,105.79166666666669,111.16666666666669,117.91666666666669,87.79166666666667,24.24999999999997,12.124999999999972,42.24999999999999,111.625,104.5059523809524,39.043055555555554,36.24464285714286,40.6,38.03869047619048
2025-11-23,155.08333333333334,65.78333333333333,72.97500000000001,48.74583333333334,33.47083333333333,1134.4583333333333,68.58333333333333,22.9625,52.66666666666666,0.0,149.33333333333334,121.16666666666669,111.83333333333331,23,6,11,2025,327,130.04166666666666,105.79166666666669,111.16666666666669,91.95833333333331,25.04166666666669,43.91666666666666,63.12500000000003,115.66666666666669,110.54166666666666,43.638888888888886,39.91369047619048,45.625,41.61071428571429
2025-11-24,149.33333333333334,48.92083333333333,51.7375,48.59583333333333,25.5875,1151.0833333333333,60.66666666666666,22.8875,43.79166666666666,0.0,121.16666666666669,111.83333333333331,98.75,24,0,11,2025,328,155.08333333333334,130.04166666666666,105.79166666666669,104.58333333333331,-5.75,43.54166666666666,44.75000000000003,130.30555555555557,119.55952380952382,53.71111111111111,44.892857142857146,57.708333333333336,47.53630952380953
2025-11-25,121.16666666666669,38.79166666666666,40.37916666666667,25.945833333333336,19.0625,720.4583333333334,90.625,22.975,32.25,0.0,111.83333333333331,98.75,98.41666666666669,25,1,11,2025,329,149.33333333333334,155.08333333333334,130.04166666666666,112.33333333333331,-28.166666666666657,-8.874999999999972,8.833333333333371,144.81944444444446,125.95238095238096,56.65416666666666,47.00059523809524,61.29166666666666,49.97083333333334
2025-11-26,111.83333333333331,38.55,39.6125,26.620833333333334,18.625,862.375,92.25,23.3375,30.541666666666668,0.0,98.75,98.41666666666669,113.16666666666669,26,2,11,2025,330,121.16666666666669,149.33333333333334,155.08333333333334,117.91666666666669,-9.333333333333371,-43.25000000000003,-6.083333333333371,141.86111111111111,127.21428571428577,51.16527777777777,46.554761904761904,55.03055555555556,49.43630952380953
2025-11-27,98.75,33.675000000000004,34.63333333333333,16.075,16.183333333333334,617.7083333333334,103.5,22.925,28.041666666666668,0.0,98.41666666666669,113.16666666666669,107.16666666666669,27,3,11,2025,331,111.83333333333331,121.16666666666669,149.33333333333334,111.16666666666669,-13.083333333333314,-50.58333333333334,-12.416666666666686,127.44444444444444,126.3452380952381,42.08749999999999,46.1375,43.90972222222223,48.79702380952381
2025-11-28,98.41666666666669,37.54166666666666,38.52916666666667,16.441666666666666,20.42083333333333,704.5,111.29166666666669,22.491666666666664,29.08333333333333,0.0,113.16666666666669,107.16666666666669,97.25,28,4,11,2025,332,98.75,111.83333333333331,121.16666666666669,105.79166666666669,-0.3333333333333144,-22.75,-7.375,110.58333333333331,124.57142857142856,37.00555555555555,45.867261904761904,38.208333333333336,48.49821428571429
2025-11-29,113.16666666666669,40.77916666666667,41.7125,19.541666666666668,23.7125,797.2916666666666,112.625,22.27916666666667,31.791666666666668,0.0,107.16666666666669,97.25,92.41666666666669,29,5,11,2025,333,98.41666666666669,98.75,111.83333333333331,130.04166666666666,14.75,1.3333333333333712,-16.87499999999997,103.0,123.51785714285714,36.58888888888888,45.50297619047618,37.59166666666667,48.147023809523816
2025-11-30,107.16666666666669,35.729166666666664,36.275,32.06666666666667,28.129166666666663,915.2916666666666,92.375,21.70833333333333,36.25,0.0,97.25,92.41666666666669,102.83333333333331,30,6,11,2025,334,113.16666666666669,98.41666666666669,98.75,155.08333333333334,-6.0,8.416666666666686,-47.91666666666666,103.44444444444446,121.10714285714288,37.331944444444446,43.4345238095238,38.29166666666666,45.65416666666666
2025-12-01,97.25,30.058333333333334,34.975,42.7125,23.47083333333333,1097.625,54.91666666666666,21.433333333333334,47.583333333333336,0.0,92.41666666666669,102.83333333333331,81.83333333333333,1,0,12,2025,335,107.16666666666669,113.16666666666669,98.41666666666669,149.33333333333334,-9.916666666666686,-1.1666666666666856,-52.08333333333334,106.25,114.2619047619048,38.01666666666666,39.14107142857142,38.838888888888896,40.41130952380952
2025-12-02,92.41666666666669,40.03333333333333,49.65,49.76666666666667,35.854166666666664,1257.2083333333333,62.79166666666666,20.7125,43.125,0.0,102.83333333333331,81.83333333333333,77.75,2,1,12,2025,336,97.25,107.16666666666669,113.16666666666669,121.16666666666669,-4.833333333333314,-20.75,-28.75,105.86111111111111,106.82142857142856,35.52222222222222,36.44642857142857,37.65416666666667,38.016666666666666
2025-12-03,102.83333333333331,25.77083333333333,27.225,24.370833333333334,15.7875,664.0,85.66666666666667,21.3375,27.416666666666668,0.0,81.83333333333333,77.75,74.54166666666667,3,2,12,2025,337,92.41666666666669,97.25,107.16666666666669,111.83333333333331,10.416666666666629,-4.333333333333371,-9.0,98.94444444444446,102.71428571428572,35.27361111111111,36.62380952380953,40.3,39.34107142857143
2025-12-04,81.83333333333333,25.925,26.675,19.90833333333333,17.474999999999998,752.25,90.04166666666667,22.329166666666666,26.541666666666668,0.0,77.75,74.54166666666667,105.16666666666669,4,3,12,2025,338,102.83333333333331,92.41666666666669,97.25,98.75,-20.999999999999982,-15.416666666666671,-16.91666666666667,97.5,101.42857142857144,31.954166666666666,34.79821428571428,37.28333333333333,37.57142857142857
2025-12-05,77.75,22.04583333333333,22.229166666666668,27.53333333333333,18.35833333333333,1134.6666666666667,78.375,21.691666666666663,32.791666666666664,0.0,74.54166666666667,105.16666666666669,110.75,5,4,12,2025,339,81.83333333333333,102.83333333333331,92.41666666666669,98.41666666666669,-4.083333333333329,-14.666666666666686,-20.66666666666669,92.3611111111111,99.01190476190476,30.57638888888889,33.691071428571426,34.516666666666666,36.43452380952381
2025-12-06,74.54166666666667,25.0,25.195833333333336,21.17083333333333,14.9,720.2916666666666,80.75,22.825,28.041666666666668,0.0,105.16666666666669,110.75,83.33333333333333,6,5,12,2025,340,77.75,81.83333333333333,102.83333333333331,113.16666666666669,-3.2083333333333286,-28.291666666666643,-38.625000000000014,87.47222222222221,96.05952380952382,24.580555555555552,31.47738095238095,25.376388888888894,34.10595238095238
2025-12-07,105.16666666666669,45.60833333333333,45.925,33.69583333333333,22.0125,928.0833333333334,70.75,22.516666666666666,27.95833333333333,0.0,110.75,83.33333333333333,90.29166666666669,7,6,12,2025,341,74.54166666666667,77.75,81.83333333333333,107.16666666666669,30.62500000000001,23.33333333333336,-2.0,78.04166666666667,90.54166666666666,24.32361111111111,29.22321428571428,24.700000000000003,31.74642857142857
2025-12-08,110.75,29.925,30.2375,31.891666666666666,16.7625,931.7083333333334,71.25,22.67083333333333,28.916666666666668,0.0,83.33333333333333,90.29166666666669,84.33333333333333,8,0,12,2025,342,105.16666666666669,74.54166666666667,77.75,97.25,5.583333333333314,33.0,13.5,85.81944444444446,90.2559523809524,30.884722222222223,30.63452380952381,31.116666666666664,33.125
2025-12-09,83.33333333333333,27.791666666666668,29.225,34.025,23.85833333333333,1244.1666666666667,74.75,22.758333333333336,32.5,0.0,90.29166666666669,84.33333333333333,84.29166666666667,9,1,12,2025,343,110.75,105.16666666666669,74.54166666666667,92.41666666666669,-27.41666666666667,8.791666666666657,-9.083333333333355,96.81944444444446,92.18452380952382,33.511111111111106,30.615476190476187,33.78611111111111,32.448214285714286
2025-12-10,90.29166666666669,29.77083333333333,30.1125,49.17916666666667,32.229166666666664,1229.4166666666667,56.333333333333336,21.5875,42.75,0.0,84.33333333333333,84.29166666666667,78.625,10,2,12,2025,344,83.33333333333333,110.75,105.16666666666669,102.83333333333331,6.958333333333357,-14.875,-12.541666666666629,99.75,90.88690476190476,34.44166666666667,28.866666666666667,35.12916666666666,29.530357142857145
2025-12-11,84.33333333333333,25.579166666666666,28.98333333333333,42.10416666666666,26.47083333333333,1121.5,62.375,20.745833333333334,75.41666666666667,0.0,84.29166666666667,78.625,82.66666666666667,11,3,12,2025,345,90.29166666666669,83.33333333333333,110.75,81.83333333333333,-5.958333333333357,-26.41666666666667,2.5,94.79166666666669,89.0952380952381,29.1625,29.43809523809524,29.85833333333333,29.942857142857147
2025-12-12,84.29166666666667,26.54583333333333,29.633333333333336,39.91666666666666,21.71666666666667,842.625,54.66666666666666,20.291666666666668,80.5,0.0,78.625,82.66666666666667,139.16666666666666,12,4,12,2025,346,84.33333333333333,90.29166666666669,83.33333333333333,77.75,-0.0416666666666571,0.9583333333333428,6.541666666666671,85.9861111111111,89.45238095238096,27.71388888888889,29.388690476190472,29.44027777777778,30.27261904761905
2025-12-13,78.625,23.23333333333333,25.375,34.67916666666667,21.3625,936.625,60.958333333333336,21.633333333333336,72.5,0.0,82.66666666666667,139.16666666666666,140.66666666666666,13,5,12,2025,347,84.29166666666667,84.33333333333333,90.29166666666669,74.54166666666667,-5.666666666666671,-11.666666666666686,4.083333333333329,86.30555555555556,90.38690476190476,27.29861111111111,30.03154761904761,29.57638888888889,31.330357142857142
2025-12-14,82.66666666666667,37.125,40.60416666666666,47.24166666666667,31.766666666666666,1077.875,56.29166666666666,21.1625,63.208333333333336,0.0,139.16666666666666,140.66666666666666,141.70833333333334,14,6,12,2025,348,78.625,84.29166666666667,84.33333333333333,105.16666666666669,4.041666666666671,-1.6666666666666572,-22.50000000000001,82.41666666666667,90.97023809523807,25.119444444444444,29.779166666666665,27.997222222222224,31.355952380952377
2025-12-15,139.16666666666666,57.43333333333334,61.24583333333334,28.725,20.383333333333333,924.2916666666666,85.95833333333333,21.620833333333334,44.958333333333336,0.0,140.66666666666666,141.70833333333334,114.25,15,0,12,2025,349,82.66666666666667,78.625,84.29166666666667,110.75,56.49999999999999,54.87499999999999,28.416666666666657,81.86111111111113,87.75595238095238,28.968055555555555,28.5672619047619,31.870833333333334,30.59583333333333
2025-12-16,140.66666666666666,50.30416666666667,52.82083333333333,13.916666666666666,20.054166666666667,957.1666666666666,107.375,22.15833333333333,43.458333333333336,0.0,141.70833333333334,114.25,131.16666666666666,16,1,12,2025,350,139.16666666666666,82.66666666666667,78.625,83.33333333333333,1.5,62.04166666666666,57.33333333333333,100.1527777777778,91.8154761904762,39.26388888888889,32.49702380952381,42.40833333333333,35.02559523809524
2025-12-17,141.70833333333334,50.1125,52.26666666666667,23.375,25.28333333333333,1051.6666666666667,99.04166666666669,22.42083333333333,40.16666666666666,0.0,114.25,131.16666666666666,150.54166666666666,17,2,12,2025,351,140.66666666666666,139.16666666666666,82.66666666666667,90.29166666666669,1.0416666666666856,59.04166666666667,51.41666666666666,120.83333333333331,100.00595238095238,48.2875,35.71309523809524,51.55694444444444,38.396428571428565
2025-12-18,114.25,43.39166666666667,45.95416666666667,40.0875,32.2875,1180.125,82.91666666666667,21.579166666666666,45.375,0.0,131.16666666666666,150.54166666666666,132.875,18,3,12,2025,352,141.70833333333334,140.66666666666666,139.16666666666666,84.33333333333333,-27.458333333333343,-24.916666666666657,29.91666666666667,140.51388888888889,107.35119047619048,52.616666666666674,38.61904761904763,55.44444444444445,41.56130952380953
2025-12-19,131.16666666666666,49.458333333333336,51.73333333333333,47.075,30.17083333333333,1752.4166666666667,81.29166666666667,22.59166666666667,43.333333333333336,0.0,150.54166666666666,132.875,81.58333333333333,19,4,12,2025,353,114.25,141.70833333333334,140.66666666666666,84.29166666666667,16.916666666666657,-9.5,46.87499999999999,132.20833333333334,111.625,47.93611111111111,41.16369047619048,50.34722222222223,43.98571428571428
2025-12-20,150.54166666666666,59.3,61.26666666666667,54.958333333333336,34.94583333333333,1492.625,72.75,23.27083333333333,48.458333333333336,0.0,132.875,81.58333333333333,142.29166666666666,20,5,12,2025,354,131.16666666666666,114.25,141.70833333333334,78.625,19.375,8.833333333333314,71.91666666666666,129.04166666666666,118.32142857142856,47.65416666666667,44.43690476190476,49.984722222222224,47.142857142857146
2025-12-21,132.875,33.987500000000004,44.0375,32.95,19.479166666666668,952.7083333333334,58.708333333333336,22.55,72.125,0.0,81.58333333333333,142.29166666666666,108.83333333333331,21,6,12,2025,355,150.54166666666666,131.16666666666666,114.25,82.66666666666667,-17.666666666666657,18.625,50.20833333333333,131.98611111111111,128.5952380952381,50.71666666666667,49.58928571428572,52.984722222222224,52.27023809523809
2025-12-22,81.58333333333333,35.30416666666667,46.13333333333333,35.916666666666664,20.666666666666668,787.5,64.79166666666667,22.23333333333333,50.333333333333336,0.0,142.29166666666666,108.83333333333331,121.04166666666669,22,0,12,2025,356,132.875,150.54166666666666,131.16666666666666,139.16666666666666,-51.29166666666667,-49.58333333333333,-57.58333333333333,138.19444444444443,135.76785714285714,47.581944444444446,49.14107142857144,52.34583333333333,52.76071428571429
2025-12-23,142.29166666666666,53.18333333333334,57.9875,22.46666666666667,22.9625,800.9583333333334,91.375,22.041666666666668,48.16666666666666,0.0,108.83333333333331,121.04166666666669,113.125,23,1,12,2025,357,81.58333333333333,132.875,150.54166666666666,140.66666666666666,60.70833333333333,-8.25,1.625,121.66666666666664,127.54166666666666,42.86388888888889,45.97976190476191,50.47916666666666,50.60178571428572
2025-12-24,108.83333333333331,38.00833333333333,44.75833333333333,34.44166666666667,21.7,861.875,72.08333333333333,20.666666666666668,46.458333333333336,0.0,121.04166666666669,113.125,122.375,24,2,12,2025,358,142.29166666666666,81.58333333333333,132.875,141.70833333333334,-33.45833333333334,-24.04166666666669,-32.87500000000003,118.91666666666669,127.77380952380952,40.825,46.39107142857143,49.38611111111111,51.33988095238096
2025-12-25,121.04166666666669,44.01666666666667,47.15833333333333,46.87916666666666,36.7375,972.8333333333334,61.91666666666666,19.60833333333333,56.66666666666666,0.0,113.125,122.375,121.66666666666669,25,3,12,2025,359,108.83333333333331,142.29166666666666,81.58333333333333,114.25,12.208333333333371,39.45833333333336,6.791666666666686,110.90277777777776,123.07738095238092,42.16527777777778,44.66190476190476,49.62638888888889,50.2672619047619
2025-12-26,113.125,39.86666666666667,42.454166666666666,38.3375,32.71666666666667,964.4583333333334,63.708333333333336,19.729166666666668,67.25,0.0,122.375,121.66666666666669,128.45833333333334,26,4,12,2025,360,121.04166666666669,108.83333333333331,142.29166666666666,131.16666666666666,-7.916666666666686,-29.166666666666657,-18.041666666666657,124.05555555555554,124.04761904761904,45.06944444444445,44.75119047619047,49.96805555555556,50.4392857142857
2025-12-27,122.375,49.38333333333333,51.54166666666666,55.15833333333333,32.5,954.75,69.41666666666667,20.204166666666666,49.208333333333336,0.0,121.66666666666669,128.45833333333334,127.0,27,5,12,2025,361,113.125,121.04166666666669,108.83333333333331,150.54166666666666,9.25,13.541666666666686,-28.166666666666657,114.33333333333331,121.4702380952381,40.63055555555556,43.38095238095239,44.79027777777778,49.11369047619048
2025-12-28,121.66666666666669,41.16666666666666,41.775,49.1375,33.55833333333333,974.7916666666666,70.45833333333333,20.3375,42.54166666666666,0.0,128.45833333333334,127.0,96.75,28,6,12,2025,362,122.375,113.125,121.04166666666669,132.875,-0.7083333333333144,0.625,-11.208333333333314,118.84722222222224,117.44642857142856,44.422222222222224,41.96428571428572,47.05138888888888,47.72440476190476
2025-12-29,128.45833333333334,46.64166666666667,47.6,37.49583333333333,33.362500000000004,1040.875,83.45833333333333,20.258333333333333,47.91666666666666,0.0,127.0,96.75,91.54166666666669,29,0,12,2025,363,121.66666666666669,122.375,113.125,81.58333333333333,6.791666666666657,15.333333333333345,46.875000000000014,119.05555555555556,115.8452380952381,43.47222222222222,42.98988095238095,45.25694444444444,47.40119047619047
2025-12-30,127.0,46.458333333333336,48.90416666666667,27.979166666666668,20.529166666666665,1119.875,75.75,20.47083333333333,68.0,0.0124999999999999,96.75,91.54166666666669,149.5,30,1,12,2025,364,128.45833333333334,121.66666666666669,122.375,142.29166666666666,-1.4583333333333428,4.625,-15.291666666666655,124.16666666666669,122.54166666666666,45.730555555555554,44.60952380952381,46.97222222222222,47.61071428571429
2025-12-31,96.75,20.204166666666666,31.6375,26.504166666666663,15.195833333333333,627.9166666666666,65.16666666666667,21.20833333333333,64.41666666666667,0.0458333333333333,91.54166666666669,149.5,149.125,31,2,12,2025,365,127.0,128.45833333333334,121.66666666666669,108.83333333333331,-30.25,-24.91666666666669,-12.083333333333314,125.70833333333331,120.35714285714288,44.75555555555556,43.64880952380952,46.09305555555556,46.31309523809525
